-1.06720651321742e-05,-1.06720651321742e-05,-1.06720651321742e-05,-1.06720651321742e-05,-1.06720651321742e-05,-1.06720651321742e-05,-1.06720651321742e-05,-1.06720651321742e-05,-1.06720651321742e-05,-1.06720651321742e-05,-1.06720651321742e-05,-1.06720651321742e-05,-1.06720651321742e-05,-1.06720651321742e-05,-1.06720651321742e-05,-1.06720651321742e-05,-1.06720651321742e-05,-1.06720651321742e-05,-1.06720651321742e-05,-1.06720651321742e-05,-1.06720651321742e-05,-1.06720651321742e-05,-1.06720651321742e-05,-1.06720651321742e-05,-1.06720651321742e-05,-1.06720651321742e-05,-1.06720651321742e-05,-1.06720651321742e-05,-1.06720651321742e-05,-1.06720651321742e-05,-1.06720651321742e-05,-1.06720651321742e-05,-1.06720651321742e-05,-1.06720651321742e-05,-1.06720651321742e-05,-1.06720651321742e-05
-1.06720651321742e-05,-1.06720651321742e-05,-1.06720651321742e-05,-1.06720651321742e-05,-1.06720651321742e-05,-1.06720651321742e-05,-1.06720651321742e-05,-1.06720651321742e-05,-1.06720651321742e-05,-1.06720651321742e-05,-1.06720651321742e-05,-1.06720651321742e-05,-1.06720651321742e-05,-1.06720651321742e-05,-1.06720651321742e-05,-1.06720651321742e-05,-1.06720651321742e-05,-1.06720651321742e-05,-1.06720651321742e-05,-1.06720651321742e-05,-1.06720651321742e-05,-1.06720651321742e-05,-1.06720651321742e-05,-1.06720651321742e-05,-1.06720651321742e-05,-1.06720651321742e-05,-1.06720651321742e-05,-1.06720651321742e-05,-1.06720651321742e-05,-1.06720651321742e-05,-1.06720651321742e-05,-1.06720651321742e-05,-1.06720651321742e-05,-1.06720651321742e-05,-1.06720651321742e-05,-1.06720651321742e-05
-1.06720651321742e-05,-1.06720651321742e-05,-1.06720651321742e-05,-1.06720651321742e-05,-1.06720651321742e-05,-1.06720651321742e-05,-1.06720651321742e-05,-1.06720651321742e-05,-1.06720651321742e-05,-1.06720651321742e-05,-1.06720651321742e-05,-1.06720651321742e-05,-1.06720651321742e-05,-1.06720651321742e-05,-1.06720651321742e-05,-1.06720651321742e-05,-1.06720651321742e-05,-1.06720651321742e-05,-1.06720651321742e-05,-1.06720651321742e-05,-1.06720651321742e-05,-1.06720651321742e-05,-1.06720651321742e-05,-1.06720651321742e-05,-1.06720651321742e-05,-1.06720651321742e-05,-1.06720651321742e-05,-1.06720651321742e-05,-1.06720651321742e-05,-1.06720651321742e-05,-1.06720651321742e-05,-1.06720651321742e-05,-1.06720651321742e-05,-1.06720651321742e-05,-1.06720651321742e-05,-1.06720651321742e-05
-1.06720651321742e-05,-1.06720651321742e-05,-1.06720651321742e-05,-1.06720651321742e-05,-1.06720651321742e-05,-1.06720651321742e-05,-1.06720651321742e-05,-1.06720651321742e-05,-1.06720651321742e-05,-1.06720651321742e-05,-1.06720651321742e-05,-1.06720651321742e-05,-1.06720651321742e-05,-1.06720651321742e-05,-1.06720651321742e-05,-1.06720651321742e-05,-1.06720651321742e-05,-1.06720651321742e-05,-1.06720651321742e-05,-1.06720651321742e-05,-1.06720651321742e-05,-1.06720651321742e-05,-1.06720651321742e-05,-1.06720651321742e-05,-1.06720651321742e-05,-1.06720651321742e-05,-1.06720651321742e-05,-1.06720651321742e-05,-1.06720651321742e-05,-1.06720651321742e-05,-1.06720651321742e-05,-1.06720651321742e-05,-1.06720651321742e-05,-1.06720651321742e-05,-1.06720651321742e-05,-1.06720651321742e-05
-1.06720651321742e-05,-1.06720651321742e-05,-1.06720651321742e-05,-1.06720651321742e-05,-1.06720651321742e-05,-1.06720651321742e-05,-1.06720651321742e-05,-1.06720651321742e-05,-1.06720651321742e-05,-1.06720651321742e-05,-1.06720651321742e-05,-1.06720651321742e-05,-1.06720651321742e-05,-1.06720651321742e-05,-1.06720651321742e-05,-1.06720651321742e-05,-1.06720651321742e-05,-1.06720651321742e-05,-1.06720651321742e-05,-1.06720651321742e-05,-1.06720651321742e-05,-1.06720651321742e-05,-1.06720651321742e-05,-1.06720651321742e-05,-1.06720651321742e-05,-1.06720651321742e-05,-1.06720651321742e-05,-1.06720651321742e-05,-1.06720651321742e-05,-1.06720651321742e-05,-1.06720651321742e-05,-1.06720651321742e-05,-1.06720651321742e-05,-1.06720651321742e-05,-1.06720651321742e-05,-1.06720651321742e-05
-1.06720651321742e-05,-1.06720651321742e-05,-1.06720651321742e-05,-1.06720651321742e-05,-1.06720651321742e-05,-1.06720651321742e-05,-1.06720651321742e-05,-1.06720651321742e-05,-1.06720651321742e-05,-1.06720651321742e-05,-1.06720651321742e-05,-1.06720651321742e-05,-1.06720651321742e-05,-1.06720651321742e-05,-1.06720651321742e-05,-1.06720651321742e-05,-1.06720651321742e-05,-1.06720651321742e-05,-1.06720651321742e-05,-1.06720651321742e-05,-1.06720651321742e-05,-1.06720651321742e-05,-1.06720651321742e-05,-1.06720651321742e-05,-1.06720651321742e-05,-1.06720651321742e-05,-1.06720651321742e-05,-1.06720651321742e-05,-1.06720651321742e-05,-1.06720651321742e-05,-1.06720651321742e-05,-1.06720651321742e-05,-1.06720651321742e-05,-1.06720651321742e-05,-1.06720651321742e-05,-1.06720651321742e-05
-1.06720651321742e-05,-1.06720651321742e-05,-1.06720651321742e-05,-1.06720651321742e-05,-1.06720651321742e-05,-1.06720651321742e-05,-1.06720651321742e-05,-1.06720651321742e-05,-1.06720651321742e-05,-1.06720651321742e-05,-1.06720651321742e-05,-1.06720651321742e-05,-1.06720651321742e-05,-1.06720651321742e-05,-1.06720651321742e-05,-1.06720651321742e-05,-1.06720651321742e-05,-1.06720651321742e-05,-1.06720651321742e-05,-1.06720651321742e-05,-1.06720651321742e-05,-1.06720651321742e-05,-1.06720651321742e-05,-1.06720651321742e-05,-1.06720651321742e-05,-1.06720651321742e-05,-1.06720651321742e-05,-1.06720651321742e-05,-1.06720651321742e-05,-1.06720651321742e-05,-1.06720651321742e-05,-1.06720651321742e-05,-1.06720651321742e-05,-1.06720651321742e-05,-1.06720651321742e-05,-1.06720651321742e-05
-1.06720651321742e-05,-1.06720651321742e-05,-1.06720651321742e-05,-1.06720651321742e-05,-1.06720651321742e-05,-1.06720651321742e-05,-1.06720651321742e-05,-1.06720651321742e-05,-1.06720651321742e-05,-1.06720651321742e-05,-1.06720651321742e-05,-1.06720651321742e-05,-1.06720651321742e-05,-1.06720651321742e-05,-1.06720651321742e-05,-1.06720651321742e-05,-1.06720651321742e-05,-1.06720651321742e-05,-1.06720651321742e-05,-1.06720651321742e-05,-1.06720651321742e-05,-1.06720651321742e-05,-1.06720651321742e-05,-1.06720651321742e-05,-1.06720651321742e-05,-1.06720651321742e-05,-1.06720651321742e-05,-1.06720651321742e-05,-1.06720651321742e-05,-1.06720651321742e-05,-1.06720651321742e-05,-1.06720651321742e-05,-1.06720651321742e-05,-1.06720651321742e-05,-1.06720651321742e-05,-1.06720651321742e-05
-1.06720651321742e-05,-1.06720651321742e-05,-1.06720651321742e-05,-1.06720651321742e-05,-1.06720651321742e-05,-1.06720651321742e-05,-1.06720651321742e-05,-1.06720651321742e-05,-1.06720651321742e-05,-1.06720651321742e-05,-1.06720651321742e-05,-1.06720651321742e-05,-1.06720651321742e-05,-1.06720651321742e-05,-1.06720651321742e-05,-1.06720651321742e-05,-1.06720651321742e-05,-1.06720651321742e-05,-1.06720651321742e-05,-1.06720651321742e-05,-1.06720651321742e-05,-1.06720651321742e-05,-1.06720651321742e-05,-1.06720651321742e-05,-1.06720651321742e-05,-1.06720651321742e-05,-1.06720651321742e-05,-1.06720651321742e-05,-1.06720651321742e-05,-1.06720651321742e-05,-1.06720651321742e-05,-1.06720651321742e-05,-1.06720651321742e-05,-1.06720651321742e-05,-1.06720651321742e-05,-1.06720651321742e-05
-1.06720651321742e-05,-1.06720651321742e-05,-1.06720651321742e-05,-1.06720651321742e-05,-1.06720651321742e-05,-1.06720651321742e-05,-1.06720651321742e-05,-1.06720651321742e-05,-1.06720651321742e-05,-1.06720651321742e-05,-1.06720651321742e-05,-1.06720651321742e-05,-1.06720651321742e-05,-1.06720651321742e-05,-1.06720651321742e-05,-1.06720651321742e-05,-1.06720651321742e-05,-1.06720651321742e-05,-1.06720651321742e-05,-1.06720651321742e-05,-1.06720651321742e-05,-1.06720651321742e-05,-1.06720651321742e-05,-1.06720651321742e-05,-1.06720651321742e-05,-1.06720651321742e-05,-1.06720651321742e-05,-1.06720651321742e-05,-1.06720651321742e-05,-1.06720651321742e-05,-1.06720651321742e-05,-1.06720651321742e-05,-1.06720651321742e-05,-1.06720651321742e-05,-1.06720651321742e-05,-1.06720651321742e-05
-1.06720651321742e-05,-1.06720651321742e-05,-1.06720651321742e-05,-1.06720651321742e-05,-1.06720651321742e-05,-1.06720651321742e-05,-1.06720651321742e-05,-1.06720651321742e-05,-1.06720651321742e-05,-1.06720651321742e-05,-1.06720651321742e-05,-1.06720651321742e-05,-1.06720651321742e-05,-1.06720651321742e-05,-1.06720651321742e-05,-1.06720651321742e-05,-1.06720651321742e-05,-1.06720651321742e-05,-1.06720651321742e-05,-1.06720651321742e-05,-1.06720651321742e-05,-1.06720651321742e-05,-1.06720651321742e-05,-1.06720651321742e-05,-1.06720651321742e-05,-1.06720651321742e-05,-1.06720651321742e-05,-1.06720651321742e-05,-1.06720651321742e-05,-1.06720651321742e-05,-1.06720651321742e-05,-1.06720651321742e-05,-1.06720651321742e-05,-1.06720651321742e-05,-1.06720651321742e-05,-1.06720651321742e-05
-1.06720651321742e-05,-1.06720651321742e-05,-1.06720651321742e-05,-1.06720651321742e-05,-1.06720651321742e-05,-1.06720651321742e-05,-1.06720651321742e-05,-1.06720651321742e-05,-1.06720651321742e-05,-1.06720651321742e-05,-1.06720651321742e-05,-1.06720651321742e-05,-1.06720651321742e-05,-1.06720651321742e-05,-1.06720651321742e-05,-1.06720651321742e-05,-1.06720651321742e-05,-1.06720651321742e-05,-1.06720651321742e-05,-1.06720651321742e-05,-1.06720651321742e-05,-1.06720651321742e-05,-1.06720651321742e-05,-1.06720651321742e-05,-1.06720651321742e-05,-1.06720651321742e-05,-1.06720651321742e-05,-1.06720651321742e-05,-1.06720651321742e-05,-1.06720651321742e-05,-1.06720651321742e-05,-1.06720651321742e-05,-1.06720651321742e-05,-1.06720651321742e-05,-1.06720651321742e-05,-1.06720651321742e-05
-1.06720651321742e-05,-1.06720651321742e-05,-1.06720651321742e-05,-1.06720651321742e-05,-1.06720651321742e-05,-1.06720651321742e-05,-1.06720651321742e-05,-1.06720651321742e-05,-1.06720651321742e-05,-1.06720651321742e-05,-1.06720651321742e-05,-1.06720651321742e-05,-1.06720651321742e-05,-1.06720651321742e-05,-1.06720651321742e-05,-1.06720651321742e-05,-1.06720651321742e-05,-1.06720651321742e-05,-1.06720651321742e-05,-1.06720651321742e-05,-1.06720651321742e-05,-1.06720651321742e-05,-1.06720651321742e-05,-1.06720651321742e-05,-1.06720651321742e-05,-1.06720651321742e-05,-1.06720651321742e-05,-1.06720651321742e-05,-1.06720651321742e-05,-1.06720651321742e-05,-1.06720651321742e-05,-1.06720651321742e-05,-1.06720651321742e-05,-1.06720651321742e-05,-1.06720651321742e-05,-1.06720651321742e-05
-1.06720651321742e-05,-1.06720651321742e-05,-1.06720651321742e-05,-1.06720651321742e-05,-1.06720651321742e-05,-1.06720651321742e-05,-1.06720651321742e-05,-1.06720651321742e-05,-1.06720651321742e-05,-1.06720651321742e-05,-1.06720651321742e-05,-1.06720651321742e-05,-1.06720651321742e-05,-1.06720651321742e-05,-1.06720651321742e-05,-1.06720651321742e-05,-1.06720651321742e-05,-1.06720651321742e-05,-1.06720651321742e-05,-1.06720651321742e-05,-1.06720651321742e-05,-1.06720651321742e-05,-1.06720651321742e-05,-1.06720651321742e-05,-1.06720651321742e-05,-1.06720651321742e-05,-1.06720651321742e-05,-1.06720651321742e-05,-1.06720651321742e-05,-1.06720651321742e-05,-1.06720651321742e-05,-1.06720651321742e-05,-1.06720651321742e-05,-1.06720651321742e-05,-1.06720651321742e-05,-1.06720651321742e-05
-1.06720651321742e-05,-1.06720651321742e-05,-1.06720651321742e-05,-1.06720651321742e-05,-1.06720651321742e-05,-1.06720651321742e-05,-1.06720651321742e-05,-1.06720651321742e-05,-1.06720651321742e-05,-1.06720651321742e-05,-1.06720651321742e-05,-1.06720651321742e-05,-1.06720651321742e-05,-1.06720651321742e-05,-1.06720651321742e-05,-1.06720651321742e-05,-1.06720651321742e-05,-1.06720651321742e-05,-1.06720651321742e-05,-1.06720651321742e-05,-1.06720651321742e-05,-1.06720651321742e-05,-1.06720651321742e-05,-1.06720651321742e-05,-1.06720651321742e-05,-1.06720651321742e-05,-1.06720651321742e-05,-1.06720651321742e-05,-1.06720651321742e-05,-1.06720651321742e-05,-1.06720651321742e-05,-1.06720651321742e-05,-1.06720651321742e-05,-1.06720651321742e-05,-1.06720651321742e-05,-1.06720651321742e-05
-1.06720651321742e-05,-1.06720651321742e-05,-1.06720651321742e-05,-1.06720651321742e-05,-1.06720651321742e-05,-1.06720651321742e-05,-1.06720651321742e-05,-1.06720651321742e-05,-1.06720651321742e-05,-1.06720651321742e-05,-1.06720651321742e-05,-1.06720651321742e-05,-1.06720651321742e-05,-1.06720651321742e-05,-1.06720651321742e-05,-1.06720651321742e-05,-1.06720651321742e-05,-1.06720651321742e-05,-1.06720651321742e-05,-1.06720651321742e-05,-1.06720651321742e-05,-1.06720651321742e-05,-1.06720651321742e-05,-1.06720651321742e-05,-1.06720651321742e-05,-1.06720651321742e-05,-1.06720651321742e-05,-1.06720651321742e-05,-1.06720651321742e-05,-1.06720651321742e-05,-1.06720651321742e-05,-1.06720651321742e-05,-1.06720651321742e-05,-1.06720651321742e-05,-1.06720651321742e-05,-1.06720651321742e-05
-1.06720651321742e-05,-1.06720651321742e-05,-1.06720651321742e-05,-1.06720651321742e-05,-1.06720651321742e-05,-1.06720651321742e-05,-1.06720651321742e-05,-1.06720651321742e-05,-1.06720651321742e-05,-1.06720651321742e-05,-1.06720651321742e-05,-1.06720651321742e-05,-1.06720651321742e-05,-1.06720651321742e-05,-1.06720651321742e-05,-1.06720651321742e-05,-1.06720651321742e-05,-1.06720651321742e-05,-1.06720651321742e-05,-1.06720651321742e-05,-1.06720651321742e-05,-1.06720651321742e-05,-1.06720651321742e-05,-1.06720651321742e-05,-1.06720651321742e-05,-1.06720651321742e-05,-1.06720651321742e-05,-1.06720651321742e-05,-1.06720651321742e-05,-1.06720651321742e-05,-1.06720651321742e-05,-1.06720651321742e-05,-1.06720651321742e-05,-1.06720651321742e-05,-1.06720651321742e-05,-1.06720651321742e-05
-1.06720651321742e-05,-1.06720651321742e-05,-1.06720651321742e-05,-1.06720651321742e-05,-1.06720651321742e-05,-1.06720651321742e-05,-1.06720651321742e-05,-1.06720651321742e-05,-1.06720651321742e-05,-1.06720651321742e-05,-1.06720651321742e-05,-1.06720651321742e-05,-1.06720651321742e-05,-1.06720651321742e-05,-1.06720651321742e-05,-1.06720651321742e-05,-1.06720651321742e-05,-1.06720651321742e-05,-1.06720651321742e-05,-1.06720651321742e-05,-1.06720651321742e-05,-1.06720651321742e-05,-1.06720651321742e-05,-1.06720651321742e-05,-1.06720651321742e-05,-1.06720651321742e-05,-1.06720651321742e-05,-1.06720651321742e-05,-1.06720651321742e-05,-1.06720651321742e-05,-1.06720651321742e-05,-1.06720651321742e-05,-1.06720651321742e-05,-1.06720651321742e-05,-1.06720651321742e-05,-1.06720651321742e-05
-1.06720651321742e-05,-1.06720651321742e-05,-1.06720651321742e-05,-1.06720651321742e-05,-1.06720651321742e-05,-1.06720651321742e-05,-1.06720651321742e-05,-1.06720651321742e-05,-1.06720651321742e-05,-1.06720651321742e-05,-1.06720651321742e-05,-1.06720651321742e-05,-1.06720651321742e-05,-1.06720651321742e-05,-1.06720651321742e-05,-1.06720651321742e-05,-1.06720651321742e-05,-1.06720651321742e-05,-1.06720651321742e-05,-1.06720651321742e-05,-1.06720651321742e-05,-1.06720651321742e-05,-1.06720651321742e-05,-1.06720651321742e-05,-1.06720651321742e-05,-1.06720651321742e-05,-1.06720651321742e-05,-1.06720651321742e-05,-1.06720651321742e-05,-1.06720651321742e-05,-1.06720651321742e-05,-1.06720651321742e-05,-1.06720651321742e-05,-1.06720651321742e-05,-1.06720651321742e-05,-1.06720651321742e-05
-1.06720651321742e-05,-1.06720651321742e-05,-1.06720651321742e-05,-1.06720651321742e-05,-1.06720651321742e-05,-1.06720651321742e-05,-1.06720651321742e-05,-1.06720651321742e-05,-1.06720651321742e-05,-1.06720651321742e-05,-1.06720651321742e-05,-1.06720651321742e-05,-1.06720651321742e-05,-1.06720651321742e-05,-1.06720651321742e-05,-1.06720651321742e-05,-1.06720651321742e-05,-1.06720651321742e-05,-1.06720651321742e-05,-1.06720651321742e-05,-1.06720651321742e-05,-1.06720651321742e-05,-1.06720651321742e-05,-1.06720651321742e-05,-1.06720651321742e-05,-1.06720651321742e-05,-1.06720651321742e-05,-1.06720651321742e-05,-1.06720651321742e-05,-1.06720651321742e-05,-1.06720651321742e-05,-1.06720651321742e-05,-1.06720651321742e-05,-1.06720651321742e-05,-1.06720651321742e-05,-1.06720651321742e-05
-1.06720651321742e-05,-1.06720651321742e-05,-1.06720651321742e-05,-1.06720651321742e-05,-1.06720651321742e-05,-1.06720651321742e-05,-1.06720651321742e-05,-1.06720651321742e-05,-1.06720651321742e-05,-1.06720651321742e-05,-1.06720651321742e-05,-1.06720651321742e-05,-1.06720651321742e-05,-1.06720651321742e-05,-1.06720651321742e-05,-1.06720651321742e-05,-1.06720651321742e-05,-1.06720651321742e-05,-1.06720651321742e-05,-1.06720651321742e-05,-1.06720651321742e-05,-1.06720651321742e-05,-1.06720651321742e-05,-1.06720651321742e-05,-1.06720651321742e-05,-1.06720651321742e-05,-1.06720651321742e-05,-1.06720651321742e-05,-1.06720651321742e-05,-1.06720651321742e-05,-1.06720651321742e-05,-1.06720651321742e-05,-1.06720651321742e-05,-1.06720651321742e-05,-1.06720651321742e-05,-1.06720651321742e-05
-1.06720651321742e-05,-1.06720651321742e-05,-1.06720651321742e-05,-1.06720651321742e-05,-1.06720651321742e-05,-1.06720651321742e-05,-1.06720651321742e-05,-1.06720651321742e-05,-1.06720651321742e-05,-1.06720651321742e-05,-1.06720651321742e-05,-1.06720651321742e-05,-1.06720651321742e-05,-1.06720651321742e-05,-1.06720651321742e-05,-1.06720651321742e-05,-1.06720651321742e-05,-1.06720651321742e-05,-1.06720651321742e-05,-1.06720651321742e-05,-1.06720651321742e-05,-1.06720651321742e-05,-1.06720651321742e-05,-1.06720651321742e-05,-1.06720651321742e-05,-1.06720651321742e-05,-1.06720651321742e-05,-1.06720651321742e-05,-1.06720651321742e-05,-1.06720651321742e-05,-1.06720651321742e-05,-1.06720651321742e-05,-1.06720651321742e-05,-1.06720651321742e-05,-1.06720651321742e-05,-1.06720651321742e-05
-1.06720651321742e-05,-1.06720651321742e-05,-1.06720651321742e-05,-1.06720651321742e-05,-1.06720651321742e-05,-1.06720651321742e-05,-1.06720651321742e-05,-1.06720651321742e-05,-1.06720651321742e-05,-1.06720651321742e-05,-1.06720651321742e-05,-1.06720651321742e-05,-1.06720651321742e-05,-1.06720651321742e-05,-1.06720651321742e-05,-1.06720651321742e-05,-1.06720651321742e-05,-1.06720651321742e-05,-1.06720651321742e-05,-1.06720651321742e-05,-1.06720651321742e-05,-1.06720651321742e-05,-1.06720651321742e-05,-1.06720651321742e-05,-1.06720651321742e-05,-1.06720651321742e-05,-1.06720651321742e-05,-1.06720651321742e-05,-1.06720651321742e-05,-1.06720651321742e-05,-1.06720651321742e-05,-1.06720651321742e-05,-1.06720651321742e-05,-1.06720651321742e-05,-1.06720651321742e-05,-1.06720651321742e-05
-1.06720651321742e-05,-1.06720651321742e-05,-1.06720651321742e-05,-1.06720651321742e-05,-1.06720651321742e-05,-1.06720651321742e-05,-1.06720651321742e-05,-1.06720651321742e-05,-1.06720651321742e-05,-1.06720651321742e-05,-1.06720651321742e-05,-1.06720651321742e-05,-1.06720651321742e-05,-1.06720651321742e-05,-1.06720651321742e-05,-1.06720651321742e-05,-1.06720651321742e-05,-1.06720651321742e-05,-1.06720651321742e-05,-1.06720651321742e-05,-1.06720651321742e-05,-1.06720651321742e-05,-1.06720651321742e-05,-1.06720651321742e-05,-1.06720651321742e-05,-1.06720651321742e-05,-1.06720651321742e-05,-1.06720651321742e-05,-1.06720651321742e-05,-1.06720651321742e-05,-1.06720651321742e-05,-1.06720651321742e-05,-1.06720651321742e-05,-1.06720651321742e-05,-1.06720651321742e-05,-1.06720651321742e-05
-1.06720651321742e-05,-1.06720651321742e-05,-1.06720651321742e-05,-1.06720651321742e-05,-1.06720651321742e-05,-1.06720651321742e-05,-1.06720651321742e-05,-1.06720651321742e-05,-1.06720651321742e-05,-1.06720651321742e-05,-1.06720651321742e-05,-1.06720651321742e-05,-1.06720651321742e-05,-1.06720651321742e-05,-1.06720651321742e-05,-1.06720651321742e-05,-1.06720651321742e-05,-1.06720651321742e-05,-1.06720651321742e-05,-1.06720651321742e-05,-1.06720651321742e-05,-1.06720651321742e-05,-1.06720651321742e-05,-1.06720651321742e-05,-1.06720651321742e-05,-1.06720651321742e-05,-1.06720651321742e-05,-1.06720651321742e-05,-1.06720651321742e-05,-1.06720651321742e-05,-1.06720651321742e-05,-1.06720651321742e-05,-1.06720651321742e-05,-1.06720651321742e-05,-1.06720651321742e-05,-1.06720651321742e-05
-1.06720651321742e-05,-1.06720651321742e-05,-1.06720651321742e-05,-1.06720651321742e-05,-1.06720651321742e-05,-1.06720651321742e-05,-1.06720651321742e-05,-1.06720651321742e-05,-1.06720651321742e-05,-1.06720651321742e-05,-1.06720651321742e-05,-1.06720651321742e-05,-1.06720651321742e-05,-1.06720651321742e-05,-1.06720651321742e-05,-1.06720651321742e-05,-1.06720651321742e-05,-1.06720651321742e-05,-1.06720651321742e-05,-1.06720651321742e-05,-1.06720651321742e-05,-1.06720651321742e-05,-1.06720651321742e-05,-1.06720651321742e-05,-1.06720651321742e-05,-1.06720651321742e-05,-1.06720651321742e-05,-1.06720651321742e-05,-1.06720651321742e-05,-1.06720651321742e-05,-1.06720651321742e-05,-1.06720651321742e-05,-1.06720651321742e-05,-1.06720651321742e-05,-1.06720651321742e-05,-1.06720651321742e-05
-1.06720651321742e-05,-1.06720651321742e-05,-1.06720651321742e-05,-1.06720651321742e-05,-1.06720651321742e-05,-1.06720651321742e-05,-1.06720651321742e-05,-1.06720651321742e-05,-1.06720651321742e-05,-1.06720651321742e-05,-1.06720651321742e-05,-1.06720651321742e-05,-1.06720651321742e-05,-1.06720651321742e-05,-1.06720651321742e-05,-1.06720651321742e-05,-1.06720651321742e-05,-1.06720651321742e-05,-1.06720651321742e-05,-1.06720651321742e-05,-1.06720651321742e-05,-1.06720651321742e-05,-1.06720651321742e-05,-1.06720651321742e-05,-1.06720651321742e-05,-1.06720651321742e-05,-1.06720651321742e-05,-1.06720651321742e-05,-1.06720651321742e-05,-1.06720651321742e-05,-1.06720651321742e-05,-1.06720651321742e-05,-1.06720651321742e-05,-1.06720651321742e-05,-1.06720651321742e-05,-1.06720651321742e-05
-1.06720651321742e-05,-1.06720651321742e-05,-1.06720651321742e-05,-1.06720651321742e-05,-1.06720651321742e-05,-1.06720651321742e-05,-1.06720651321742e-05,-1.06720651321742e-05,-1.06720651321742e-05,-1.06720651321742e-05,-1.06720651321742e-05,-1.06720651321742e-05,-1.06720651321742e-05,-1.06720651321742e-05,-1.06720651321742e-05,-1.06720651321742e-05,-1.06720651321742e-05,-1.06720651321742e-05,-1.06720651321742e-05,-1.06720651321742e-05,-1.06720651321742e-05,-1.06720651321742e-05,-1.06720651321742e-05,-1.06720651321742e-05,-1.06720651321742e-05,-1.06720651321742e-05,-1.06720651321742e-05,-1.06720651321742e-05,-1.06720651321742e-05,-1.06720651321742e-05,-1.06720651321742e-05,-1.06720651321742e-05,-1.06720651321742e-05,-1.06720651321742e-05,-1.06720651321742e-05,-1.06720651321742e-05
-1.06720651321742e-05,-1.06720651321742e-05,-1.06720651321742e-05,-1.06720651321742e-05,-1.06720651321742e-05,-1.06720651321742e-05,-1.06720651321742e-05,-1.06720651321742e-05,-1.06720651321742e-05,-1.06720651321742e-05,-1.06720651321742e-05,-1.06720651321742e-05,-1.06720651321742e-05,-1.06720651321742e-05,-1.06720651321742e-05,-1.06720651321742e-05,-1.06720651321742e-05,-1.06720651321742e-05,-1.06720651321742e-05,-1.06720651321742e-05,-1.06720651321742e-05,-1.06720651321742e-05,-1.06720651321742e-05,-1.06720651321742e-05,-1.06720651321742e-05,-1.06720651321742e-05,-1.06720651321742e-05,-1.06720651321742e-05,-1.06720651321742e-05,-1.06720651321742e-05,-1.06720651321742e-05,-1.06720651321742e-05,-1.06720651321742e-05,-1.06720651321742e-05,-1.06720651321742e-05,-1.06720651321742e-05
-1.06720651321742e-05,-1.06720651321742e-05,-1.06720651321742e-05,-1.06720651321742e-05,-1.06720651321742e-05,-1.06720651321742e-05,-1.06720651321742e-05,-1.06720651321742e-05,-1.06720651321742e-05,-1.06720651321742e-05,-1.06720651321742e-05,-1.06720651321742e-05,-1.06720651321742e-05,-1.06720651321742e-05,-1.06720651321742e-05,-1.06720651321742e-05,-1.06720651321742e-05,-1.06720651321742e-05,-1.06720651321742e-05,-1.06720651321742e-05,-1.06720651321742e-05,-1.06720651321742e-05,-1.06720651321742e-05,-1.06720651321742e-05,-1.06720651321742e-05,-1.06720651321742e-05,-1.06720651321742e-05,-1.06720651321742e-05,-1.06720651321742e-05,-1.06720651321742e-05,-1.06720651321742e-05,-1.06720651321742e-05,-1.06720651321742e-05,-1.06720651321742e-05,-1.06720651321742e-05,-1.06720651321742e-05
-1.06720651321742e-05,-1.06720651321742e-05,-1.06720651321742e-05,-1.06720651321742e-05,-1.06720651321742e-05,-1.06720651321742e-05,-1.06720651321742e-05,-1.06720651321742e-05,-1.06720651321742e-05,-1.06720651321742e-05,-1.06720651321742e-05,-1.06720651321742e-05,-1.06720651321742e-05,-1.06720651321742e-05,-1.06720651321742e-05,-1.06720651321742e-05,-1.06720651321742e-05,-1.06720651321742e-05,-1.06720651321742e-05,-1.06720651321742e-05,-1.06720651321742e-05,-1.06720651321742e-05,-1.06720651321742e-05,-1.06720651321742e-05,-1.06720651321742e-05,-1.06720651321742e-05,-1.06720651321742e-05,-1.06720651321742e-05,-1.06720651321742e-05,-1.06720651321742e-05,-1.06720651321742e-05,-1.06720651321742e-05,-1.06720651321742e-05,-1.06720651321742e-05,-1.06720651321742e-05,-1.06720651321742e-05
-1.06720651321742e-05,-1.06720651321742e-05,-1.06720651321742e-05,-1.06720651321742e-05,-1.06720651321742e-05,-1.06720651321742e-05,-1.06720651321742e-05,-1.06720651321742e-05,-1.06720651321742e-05,-1.06720651321742e-05,-1.06720651321742e-05,-1.06720651321742e-05,-1.06720651321742e-05,-1.06720651321742e-05,-1.06720651321742e-05,-1.06720651321742e-05,-1.06720651321742e-05,-1.06720651321742e-05,-1.06720651321742e-05,-1.06720651321742e-05,-1.06720651321742e-05,-1.06720651321742e-05,-1.06720651321742e-05,-1.06720651321742e-05,-1.06720651321742e-05,-1.06720651321742e-05,-1.06720651321742e-05,-1.06720651321742e-05,-1.06720651321742e-05,-1.06720651321742e-05,-1.06720651321742e-05,-1.06720651321742e-05,-1.06720651321742e-05,-1.06720651321742e-05,-1.06720651321742e-05,-1.06720651321742e-05
-1.06720651321742e-05,-1.06720651321742e-05,-1.06720651321742e-05,-1.06720651321742e-05,-1.06720651321742e-05,-1.06720651321742e-05,-1.06720651321742e-05,-1.06720651321742e-05,-1.06720651321742e-05,-1.06720651321742e-05,-1.06720651321742e-05,-1.06720651321742e-05,-1.06720651321742e-05,-1.06720651321742e-05,-1.06720651321742e-05,-1.06720651321742e-05,-1.06720651321742e-05,-1.06720651321742e-05,-1.06720651321742e-05,-1.06720651321742e-05,-1.06720651321742e-05,-1.06720651321742e-05,-1.06720651321742e-05,-1.06720651321742e-05,-1.06720651321742e-05,-1.06720651321742e-05,-1.06720651321742e-05,-1.06720651321742e-05,-1.06720651321742e-05,-1.06720651321742e-05,-1.06720651321742e-05,-1.06720651321742e-05,-1.06720651321742e-05,-1.06720651321742e-05,-1.06720651321742e-05,-1.06720651321742e-05
-1.06720651321742e-05,-1.06720651321742e-05,-1.06720651321742e-05,-1.06720651321742e-05,-1.06720651321742e-05,-1.06720651321742e-05,-1.06720651321742e-05,-1.06720651321742e-05,-1.06720651321742e-05,-1.06720651321742e-05,-1.06720651321742e-05,-1.06720651321742e-05,-1.06720651321742e-05,-1.06720651321742e-05,-1.06720651321742e-05,-1.06720651321742e-05,-1.06720651321742e-05,-1.06720651321742e-05,-1.06720651321742e-05,-1.06720651321742e-05,-1.06720651321742e-05,-1.06720651321742e-05,-1.06720651321742e-05,-1.06720651321742e-05,-1.06720651321742e-05,-1.06720651321742e-05,-1.06720651321742e-05,-1.06720651321742e-05,-1.06720651321742e-05,-1.06720651321742e-05,-1.06720651321742e-05,-1.06720651321742e-05,-1.06720651321742e-05,-1.06720651321742e-05,-1.06720651321742e-05,-1.06720651321742e-05
-1.06720651321742e-05,-1.06720651321742e-05,-1.06720651321742e-05,-1.06720651321742e-05,-1.06720651321742e-05,-1.06720651321742e-05,-1.06720651321742e-05,-1.06720651321742e-05,-1.06720651321742e-05,-1.06720651321742e-05,-1.06720651321742e-05,-1.06720651321742e-05,-1.06720651321742e-05,-1.06720651321742e-05,-1.06720651321742e-05,-1.06720651321742e-05,-1.06720651321742e-05,-1.06720651321742e-05,-1.06720651321742e-05,-1.06720651321742e-05,-1.06720651321742e-05,-1.06720651321742e-05,-1.06720651321742e-05,-1.06720651321742e-05,-1.06720651321742e-05,-1.06720651321742e-05,-1.06720651321742e-05,-1.06720651321742e-05,-1.06720651321742e-05,-1.06720651321742e-05,-1.06720651321742e-05,-1.06720651321742e-05,-1.06720651321742e-05,-1.06720651321742e-05,-1.06720651321742e-05,-1.06720651321742e-05
-1.06720651321742e-05,-1.06720651321742e-05,-1.06720651321742e-05,-1.06720651321742e-05,-1.06720651321742e-05,-1.06720651321742e-05,-1.06720651321742e-05,-1.06720651321742e-05,-1.06720651321742e-05,-1.06720651321742e-05,-1.06720651321742e-05,-1.06720651321742e-05,-1.06720651321742e-05,-1.06720651321742e-05,-1.06720651321742e-05,-1.06720651321742e-05,-1.06720651321742e-05,-1.06720651321742e-05,-1.06720651321742e-05,-1.06720651321742e-05,-1.06720651321742e-05,-1.06720651321742e-05,-1.06720651321742e-05,-1.06720651321742e-05,-1.06720651321742e-05,-1.06720651321742e-05,-1.06720651321742e-05,-1.06720651321742e-05,-1.06720651321742e-05,-1.06720651321742e-05,-1.06720651321742e-05,-1.06720651321742e-05,-1.06720651321742e-05,-1.06720651321742e-05,-1.06720651321742e-05,-1.06720651321742e-05
-1.06720651321742e-05,-1.06720651321742e-05,-1.06720651321742e-05,-1.06720651321742e-05,-1.06720651321742e-05,-1.06720651321742e-05,-1.06720651321742e-05,-1.06720651321742e-05,-1.06720651321742e-05,-1.06720651321742e-05,-1.06720651321742e-05,-1.06720651321742e-05,-1.06720651321742e-05,-1.06720651321742e-05,-1.06720651321742e-05,-1.06720651321742e-05,-1.06720651321742e-05,-1.06720651321742e-05,-1.06720651321742e-05,-1.06720651321742e-05,-1.06720651321742e-05,-1.06720651321742e-05,-1.06720651321742e-05,-1.06720651321742e-05,-1.06720651321742e-05,-1.06720651321742e-05,-1.06720651321742e-05,-1.06720651321742e-05,-1.06720651321742e-05,-1.06720651321742e-05,-1.06720651321742e-05,-1.06720651321742e-05,-1.06720651321742e-05,-1.06720651321742e-05,-1.06720651321742e-05,-1.06720651321742e-05
-1.06720651321742e-05,-1.06720651321742e-05,-1.06720651321742e-05,-1.06720651321742e-05,-1.06720651321742e-05,-1.06720651321742e-05,-1.06720651321742e-05,-1.06720651321742e-05,-1.06720651321742e-05,-1.06720651321742e-05,-1.06720651321742e-05,-1.06720651321742e-05,-1.06720651321742e-05,-1.06720651321742e-05,-1.06720651321742e-05,-1.06720651321742e-05,-1.06720651321742e-05,-1.06720651321742e-05,-1.06720651321742e-05,-1.06720651321742e-05,-1.06720651321742e-05,-1.06720651321742e-05,-1.06720651321742e-05,-1.06720651321742e-05,-1.06720651321742e-05,-1.06720651321742e-05,-1.06720651321742e-05,-1.06720651321742e-05,-1.06720651321742e-05,-1.06720651321742e-05,-1.06720651321742e-05,-1.06720651321742e-05,-1.06720651321742e-05,-1.06720651321742e-05,-1.06720651321742e-05,-1.06720651321742e-05
-1.06720651321742e-05,-1.06720651321742e-05,-1.06720651321742e-05,-1.06720651321742e-05,-1.06720651321742e-05,-1.06720651321742e-05,-1.06720651321742e-05,-1.06720651321742e-05,-1.06720651321742e-05,-1.06720651321742e-05,-1.06720651321742e-05,-1.06720651321742e-05,-1.06720651321742e-05,-1.06720651321742e-05,-1.06720651321742e-05,-1.06720651321742e-05,-1.06720651321742e-05,-1.06720651321742e-05,-1.06720651321742e-05,-1.06720651321742e-05,-1.06720651321742e-05,-1.06720651321742e-05,-1.06720651321742e-05,-1.06720651321742e-05,-1.06720651321742e-05,-1.06720651321742e-05,-1.06720651321742e-05,-1.06720651321742e-05,-1.06720651321742e-05,-1.06720651321742e-05,-1.06720651321742e-05,-1.06720651321742e-05,-1.06720651321742e-05,-1.06720651321742e-05,-1.06720651321742e-05,-1.06720651321742e-05
-1.06720651321742e-05,-1.06720651321742e-05,-1.06720651321742e-05,-1.06720651321742e-05,-1.06720651321742e-05,-1.06720651321742e-05,-1.06720651321742e-05,-1.06720651321742e-05,-1.06720651321742e-05,-1.06720651321742e-05,-1.06720651321742e-05,-1.06720651321742e-05,-1.06720651321742e-05,-1.06720651321742e-05,-1.06720651321742e-05,-1.06720651321742e-05,-1.06720651321742e-05,-1.06720651321742e-05,-1.06720651321742e-05,-1.06720651321742e-05,-1.06720651321742e-05,-1.06720651321742e-05,-1.06720651321742e-05,-1.06720651321742e-05,-1.06720651321742e-05,-1.06720651321742e-05,-1.06720651321742e-05,-1.06720651321742e-05,-1.06720651321742e-05,-1.06720651321742e-05,-1.06720651321742e-05,-1.06720651321742e-05,-1.06720651321742e-05,-1.06720651321742e-05,-1.06720651321742e-05,-1.06720651321742e-05
-1.06720651321742e-05,-1.06720651321742e-05,-1.06720651321742e-05,-1.06720651321742e-05,-1.06720651321742e-05,-1.06720651321742e-05,-1.06720651321742e-05,-1.06720651321742e-05,-1.06720651321742e-05,-1.06720651321742e-05,-1.06720651321742e-05,-1.06720651321742e-05,-1.06720651321742e-05,-1.06720651321742e-05,-1.06720651321742e-05,-1.06720651321742e-05,-1.06720651321742e-05,-1.06720651321742e-05,-1.06720651321742e-05,-1.06720651321742e-05,-1.06720651321742e-05,-1.06720651321742e-05,-1.06720651321742e-05,-1.06720651321742e-05,-1.06720651321742e-05,-1.06720651321742e-05,-1.06720651321742e-05,-1.06720651321742e-05,-1.06720651321742e-05,-1.06720651321742e-05,-1.06720651321742e-05,-1.06720651321742e-05,-1.06720651321742e-05,-1.06720651321742e-05,-1.06720651321742e-05,-1.06720651321742e-05
-1.06720651321742e-05,-1.06720651321742e-05,-1.06720651321742e-05,-1.06720651321742e-05,-1.06720651321742e-05,-1.06720651321742e-05,-1.06720651321742e-05,-1.06720651321742e-05,-1.06720651321742e-05,-1.06720651321742e-05,-1.06720651321742e-05,-1.06720651321742e-05,-1.06720651321742e-05,-1.06720651321742e-05,-1.06720651321742e-05,-1.06720651321742e-05,-1.06720651321742e-05,-1.06720651321742e-05,-1.06720651321742e-05,-1.06720651321742e-05,-1.06720651321742e-05,-1.06720651321742e-05,-1.06720651321742e-05,-1.06720651321742e-05,-1.06720651321742e-05,-1.06720651321742e-05,-1.06720651321742e-05,-1.06720651321742e-05,-1.06720651321742e-05,-1.06720651321742e-05,-1.06720651321742e-05,-1.06720651321742e-05,-1.06720651321742e-05,-1.06720651321742e-05,-1.06720651321742e-05,-1.06720651321742e-05
-1.06720651321742e-05,-1.06720651321742e-05,-1.06720651321742e-05,-1.06720651321742e-05,-1.06720651321742e-05,-1.06720651321742e-05,-1.06720651321742e-05,-1.06720651321742e-05,-1.06720651321742e-05,-1.06720651321742e-05,-1.06720651321742e-05,-1.06720651321742e-05,-1.06720651321742e-05,-1.06720651321742e-05,-1.06720651321742e-05,-1.06720651321742e-05,-1.06720651321742e-05,-1.06720651321742e-05,-1.06720651321742e-05,-1.06720651321742e-05,-1.06720651321742e-05,-1.06720651321742e-05,-1.06720651321742e-05,-1.06720651321742e-05,-1.06720651321742e-05,-1.06720651321742e-05,-1.06720651321742e-05,-1.06720651321742e-05,-1.06720651321742e-05,-1.06720651321742e-05,-1.06720651321742e-05,-1.06720651321742e-05,-1.06720651321742e-05,-1.06720651321742e-05,-1.06720651321742e-05,-1.06720651321742e-05
-1.06720651321742e-05,-1.06720651321742e-05,-1.06720651321742e-05,-1.06720651321742e-05,-1.06720651321742e-05,-1.06720651321742e-05,-1.06720651321742e-05,-1.06720651321742e-05,-1.06720651321742e-05,-1.06720651321742e-05,-1.06720651321742e-05,-1.06720651321742e-05,-1.06720651321742e-05,-1.06720651321742e-05,-1.06720651321742e-05,-1.06720651321742e-05,-1.06720651321742e-05,-1.06720651321742e-05,-1.06720651321742e-05,-1.06720651321742e-05,-1.06720651321742e-05,-1.06720651321742e-05,-1.06720651321742e-05,-1.06720651321742e-05,-1.06720651321742e-05,-1.06720651321742e-05,-1.06720651321742e-05,-1.06720651321742e-05,-1.06720651321742e-05,-1.06720651321742e-05,-1.06720651321742e-05,-1.06720651321742e-05,-1.06720651321742e-05,-1.06720651321742e-05,-1.06720651321742e-05,-1.06720651321742e-05
-1.06720651321742e-05,-1.06720651321742e-05,-1.06720651321742e-05,-1.06720651321742e-05,-1.06720651321742e-05,-1.06720651321742e-05,-1.06720651321742e-05,-1.06720651321742e-05,-1.06720651321742e-05,-1.06720651321742e-05,-1.06720651321742e-05,-1.06720651321742e-05,-1.06720651321742e-05,-1.06720651321742e-05,-1.06720651321742e-05,-1.06720651321742e-05,-1.06720651321742e-05,-1.06720651321742e-05,-1.06720651321742e-05,-1.06720651321742e-05,-1.06720651321742e-05,-1.06720651321742e-05,-1.06720651321742e-05,-1.06720651321742e-05,-1.06720651321742e-05,-1.06720651321742e-05,-1.06720651321742e-05,-1.06720651321742e-05,-1.06720651321742e-05,-1.06720651321742e-05,-1.06720651321742e-05,-1.06720651321742e-05,-1.06720651321742e-05,-1.06720651321742e-05,-1.06720651321742e-05,-1.06720651321742e-05
-1.06720651321742e-05,-1.06720651321742e-05,-1.06720651321742e-05,-1.06720651321742e-05,-1.06720651321742e-05,-1.06720651321742e-05,-1.06720651321742e-05,-1.06720651321742e-05,-1.06720651321742e-05,-1.06720651321742e-05,-1.06720651321742e-05,-1.06720651321742e-05,-1.06720651321742e-05,-1.06720651321742e-05,-1.06720651321742e-05,-1.06720651321742e-05,-1.06720651321742e-05,-1.06720651321742e-05,-1.06720651321742e-05,-1.06720651321742e-05,-1.06720651321742e-05,-1.06720651321742e-05,-1.06720651321742e-05,-1.06720651321742e-05,-1.06720651321742e-05,-1.06720651321742e-05,-1.06720651321742e-05,-1.06720651321742e-05,-1.06720651321742e-05,-1.06720651321742e-05,-1.06720651321742e-05,-1.06720651321742e-05,-1.06720651321742e-05,-1.06720651321742e-05,-1.06720651321742e-05,-1.06720651321742e-05
-1.06720651321742e-05,-1.06720651321742e-05,-1.06720651321742e-05,-1.06720651321742e-05,-1.06720651321742e-05,-1.06720651321742e-05,-1.06720651321742e-05,-1.06720651321742e-05,-1.06720651321742e-05,-1.06720651321742e-05,-1.06720651321742e-05,-1.06720651321742e-05,-1.06720651321742e-05,-1.06720651321742e-05,-1.06720651321742e-05,-1.06720651321742e-05,-1.06720651321742e-05,-1.06720651321742e-05,-1.06720651321742e-05,-1.06720651321742e-05,-1.06720651321742e-05,-1.06720651321742e-05,-1.06720651321742e-05,-1.06720651321742e-05,-1.06720651321742e-05,-1.06720651321742e-05,-1.06720651321742e-05,-1.06720651321742e-05,-1.06720651321742e-05,-1.06720651321742e-05,-1.06720651321742e-05,-1.06720651321742e-05,-1.06720651321742e-05,-1.06720651321742e-05,-1.06720651321742e-05,-1.06720651321742e-05
-1.06720651321742e-05,-1.06720651321742e-05,-1.06720651321742e-05,-1.06720651321742e-05,-1.06720651321742e-05,-1.06720651321742e-05,-1.06720651321742e-05,-1.06720651321742e-05,-1.06720651321742e-05,-1.06720651321742e-05,-1.06720651321742e-05,-1.06720651321742e-05,-1.06720651321742e-05,-1.06720651321742e-05,-1.06720651321742e-05,-1.06720651321742e-05,-1.06720651321742e-05,-1.06720651321742e-05,-1.06720651321742e-05,-1.06720651321742e-05,-1.06720651321742e-05,-1.06720651321742e-05,-1.06720651321742e-05,-1.06720651321742e-05,-1.06720651321742e-05,-1.06720651321742e-05,-1.06720651321742e-05,-1.06720651321742e-05,-1.06720651321742e-05,-1.06720651321742e-05,-1.06720651321742e-05,-1.06720651321742e-05,-1.06720651321742e-05,-1.06720651321742e-05,-1.06720651321742e-05,-1.06720651321742e-05
-1.06720651321742e-05,-1.06720651321742e-05,-1.06720651321742e-05,-1.06720651321742e-05,-1.06720651321742e-05,-1.06720651321742e-05,-1.06720651321742e-05,-1.06720651321742e-05,-1.06720651321742e-05,-1.06720651321742e-05,-1.06720651321742e-05,-1.06720651321742e-05,-1.06720651321742e-05,-1.06720651321742e-05,-1.06720651321742e-05,-1.06720651321742e-05,-1.06720651321742e-05,-1.06720651321742e-05,-1.06720651321742e-05,-1.06720651321742e-05,-1.06720651321742e-05,-1.06720651321742e-05,-1.06720651321742e-05,-1.06720651321742e-05,-1.06720651321742e-05,-1.06720651321742e-05,-1.06720651321742e-05,-1.06720651321742e-05,-1.06720651321742e-05,-1.06720651321742e-05,-1.06720651321742e-05,-1.06720651321742e-05,-1.06720651321742e-05,-1.06720651321742e-05,-1.06720651321742e-05,-1.06720651321742e-05
-1.06720651321742e-05,-1.06720651321742e-05,-1.06720651321742e-05,-1.06720651321742e-05,-1.06720651321742e-05,-1.06720651321742e-05,-1.06720651321742e-05,-1.06720651321742e-05,-1.06720651321742e-05,-1.06720651321742e-05,-1.06720651321742e-05,-1.06720651321742e-05,-1.06720651321742e-05,-1.06720651321742e-05,-1.06720651321742e-05,-1.06720651321742e-05,-1.06720651321742e-05,-1.06720651321742e-05,-1.06720651321742e-05,-1.06720651321742e-05,-1.06720651321742e-05,-1.06720651321742e-05,-1.06720651321742e-05,-1.06720651321742e-05,-1.06720651321742e-05,-1.06720651321742e-05,-1.06720651321742e-05,-1.06720651321742e-05,-1.06720651321742e-05,-1.06720651321742e-05,-1.06720651321742e-05,-1.06720651321742e-05,-1.06720651321742e-05,-1.06720651321742e-05,-1.06720651321742e-05,-1.06720651321742e-05
-1.06720651321742e-05,-1.06720651321742e-05,-1.06720651321742e-05,-1.06720651321742e-05,-1.06720651321742e-05,-1.06720651321742e-05,-1.06720651321742e-05,-1.06720651321742e-05,-1.06720651321742e-05,-1.06720651321742e-05,-1.06720651321742e-05,-1.06720651321742e-05,-1.06720651321742e-05,-1.06720651321742e-05,-1.06720651321742e-05,-1.06720651321742e-05,-1.06720651321742e-05,-1.06720651321742e-05,-1.06720651321742e-05,-1.06720651321742e-05,-1.06720651321742e-05,-1.06720651321742e-05,-1.06720651321742e-05,-1.06720651321742e-05,-1.06720651321742e-05,-1.06720651321742e-05,-1.06720651321742e-05,-1.06720651321742e-05,-1.06720651321742e-05,-1.06720651321742e-05,-1.06720651321742e-05,-1.06720651321742e-05,-1.06720651321742e-05,-1.06720651321742e-05,-1.06720651321742e-05,-1.06720651321742e-05
-1.06720651321742e-05,-1.06720651321742e-05,-1.06720651321742e-05,-1.06720651321742e-05,-1.06720651321742e-05,-1.06720651321742e-05,-1.06720651321742e-05,-1.06720651321742e-05,-1.06720651321742e-05,-1.06720651321742e-05,-1.06720651321742e-05,-1.06720651321742e-05,-1.06720651321742e-05,-1.06720651321742e-05,-1.06720651321742e-05,-1.06720651321742e-05,-1.06720651321742e-05,-1.06720651321742e-05,-1.06720651321742e-05,-1.06720651321742e-05,-1.06720651321742e-05,-1.06720651321742e-05,-1.06720651321742e-05,-1.06720651321742e-05,-1.06720651321742e-05,-1.06720651321742e-05,-1.06720651321742e-05,-1.06720651321742e-05,-1.06720651321742e-05,-1.06720651321742e-05,-1.06720651321742e-05,-1.06720651321742e-05,-1.06720651321742e-05,-1.06720651321742e-05,-1.06720651321742e-05,-1.06720651321742e-05
-1.06720651321742e-05,-1.06720651321742e-05,-1.06720651321742e-05,-1.06720651321742e-05,-1.06720651321742e-05,-1.06720651321742e-05,-1.06720651321742e-05,-1.06720651321742e-05,-1.06720651321742e-05,-1.06720651321742e-05,-1.06720651321742e-05,-1.06720651321742e-05,-1.06720651321742e-05,-1.06720651321742e-05,-1.06720651321742e-05,-1.06720651321742e-05,-1.06720651321742e-05,-1.06720651321742e-05,-1.06720651321742e-05,-1.06720651321742e-05,-1.06720651321742e-05,-1.06720651321742e-05,-1.06720651321742e-05,-1.06720651321742e-05,-1.06720651321742e-05,-1.06720651321742e-05,-1.06720651321742e-05,-1.06720651321742e-05,-1.06720651321742e-05,-1.06720651321742e-05,-1.06720651321742e-05,-1.06720651321742e-05,-1.06720651321742e-05,-1.06720651321742e-05,-1.06720651321742e-05,-1.06720651321742e-05
-1.06720651321742e-05,-1.06720651321742e-05,-1.06720651321742e-05,-1.06720651321742e-05,-1.06720651321742e-05,-1.06720651321742e-05,-1.06720651321742e-05,-1.06720651321742e-05,-1.06720651321742e-05,-1.06720651321742e-05,-1.06720651321742e-05,-1.06720651321742e-05,-1.06720651321742e-05,-1.06720651321742e-05,-1.06720651321742e-05,-1.06720651321742e-05,-1.06720651321742e-05,-1.06720651321742e-05,-1.06720651321742e-05,-1.06720651321742e-05,-1.06720651321742e-05,-1.06720651321742e-05,-1.06720651321742e-05,-1.06720651321742e-05,-1.06720651321742e-05,-1.06720651321742e-05,-1.06720651321742e-05,-1.06720651321742e-05,-1.06720651321742e-05,-1.06720651321742e-05,-1.06720651321742e-05,-1.06720651321742e-05,-1.06720651321742e-05,-1.06720651321742e-05,-1.06720651321742e-05,-1.06720651321742e-05
-1.06720651321742e-05,-1.06720651321742e-05,-1.06720651321742e-05,-1.06720651321742e-05,-1.06720651321742e-05,-1.06720651321742e-05,-1.06720651321742e-05,-1.06720651321742e-05,-1.06720651321742e-05,-1.06720651321742e-05,-1.06720651321742e-05,-1.06720651321742e-05,-1.06720651321742e-05,-1.06720651321742e-05,-1.06720651321742e-05,-1.06720651321742e-05,-1.06720651321742e-05,-1.06720651321742e-05,-1.06720651321742e-05,-1.06720651321742e-05,-1.06720651321742e-05,-1.06720651321742e-05,-1.06720651321742e-05,-1.06720651321742e-05,-1.06720651321742e-05,-1.06720651321742e-05,-1.06720651321742e-05,-1.06720651321742e-05,-1.06720651321742e-05,-1.06720651321742e-05,-1.06720651321742e-05,-1.06720651321742e-05,-1.06720651321742e-05,-1.06720651321742e-05,-1.06720651321742e-05,-1.06720651321742e-05
-1.06720651321742e-05,-1.06720651321742e-05,-1.06720651321742e-05,-1.06720651321742e-05,-1.06720651321742e-05,-1.06720651321742e-05,-1.06720651321742e-05,-1.06720651321742e-05,-1.06720651321742e-05,-1.06720651321742e-05,-1.06720651321742e-05,-1.06720651321742e-05,-1.06720651321742e-05,-1.06720651321742e-05,-1.06720651321742e-05,-1.06720651321742e-05,-1.06720651321742e-05,-1.06720651321742e-05,-1.06720651321742e-05,-1.06720651321742e-05,-1.06720651321742e-05,-1.06720651321742e-05,-1.06720651321742e-05,-1.06720651321742e-05,-1.06720651321742e-05,-1.06720651321742e-05,-1.06720651321742e-05,-1.06720651321742e-05,-1.06720651321742e-05,-1.06720651321742e-05,-1.06720651321742e-05,-1.06720651321742e-05,-1.06720651321742e-05,-1.06720651321742e-05,-1.06720651321742e-05,-1.06720651321742e-05
-1.06720651321742e-05,-1.06720651321742e-05,-1.06720651321742e-05,-1.06720651321742e-05,-1.06720651321742e-05,-1.06720651321742e-05,-1.06720651321742e-05,-1.06720651321742e-05,-1.06720651321742e-05,-1.06720651321742e-05,-1.06720651321742e-05,-1.06720651321742e-05,-1.06720651321742e-05,-1.06720651321742e-05,-1.06720651321742e-05,-1.06720651321742e-05,-1.06720651321742e-05,-1.06720651321742e-05,-1.06720651321742e-05,-1.06720651321742e-05,-1.06720651321742e-05,-1.06720651321742e-05,-1.06720651321742e-05,-1.06720651321742e-05,-1.06720651321742e-05,-1.06720651321742e-05,-1.06720651321742e-05,-1.06720651321742e-05,-1.06720651321742e-05,-1.06720651321742e-05,-1.06720651321742e-05,-1.06720651321742e-05,-1.06720651321742e-05,-1.06720651321742e-05,-1.06720651321742e-05,-1.06720651321742e-05
-1.06720651321742e-05,-1.06720651321742e-05,-1.06720651321742e-05,-1.06720651321742e-05,-1.06720651321742e-05,-1.06720651321742e-05,-1.06720651321742e-05,-1.06720651321742e-05,-1.06720651321742e-05,-1.06720651321742e-05,-1.06720651321742e-05,-1.06720651321742e-05,-1.06720651321742e-05,-1.06720651321742e-05,-1.06720651321742e-05,-1.06720651321742e-05,-1.06720651321742e-05,-1.06720651321742e-05,-1.06720651321742e-05,-1.06720651321742e-05,-1.06720651321742e-05,-1.06720651321742e-05,-1.06720651321742e-05,-1.06720651321742e-05,-1.06720651321742e-05,-1.06720651321742e-05,-1.06720651321742e-05,-1.06720651321742e-05,-1.06720651321742e-05,-1.06720651321742e-05,-1.06720651321742e-05,-1.06720651321742e-05,-1.06720651321742e-05,-1.06720651321742e-05,-1.06720651321742e-05,-1.06720651321742e-05
-1.06720651321742e-05,-1.06720651321742e-05,-1.06720651321742e-05,-1.06720651321742e-05,-1.06720651321742e-05,-1.06720651321742e-05,-1.06720651321742e-05,-1.06720651321742e-05,-1.06720651321742e-05,-1.06720651321742e-05,-1.06720651321742e-05,-1.06720651321742e-05,-1.06720651321742e-05,-1.06720651321742e-05,-1.06720651321742e-05,-1.06720651321742e-05,-1.06720651321742e-05,-1.06720651321742e-05,-1.06720651321742e-05,-1.06720651321742e-05,-1.06720651321742e-05,-1.06720651321742e-05,-1.06720651321742e-05,-1.06720651321742e-05,-1.06720651321742e-05,-1.06720651321742e-05,-1.06720651321742e-05,-1.06720651321742e-05,-1.06720651321742e-05,-1.06720651321742e-05,-1.06720651321742e-05,-1.06720651321742e-05,-1.06720651321742e-05,-1.06720651321742e-05,-1.06720651321742e-05,-1.06720651321742e-05
-1.06720651321742e-05,-1.06720651321742e-05,-1.06720651321742e-05,-1.06720651321742e-05,-1.06720651321742e-05,-1.06720651321742e-05,-1.06720651321742e-05,-1.06720651321742e-05,-1.06720651321742e-05,-1.06720651321742e-05,-1.06720651321742e-05,-1.06720651321742e-05,-1.06720651321742e-05,-1.06720651321742e-05,-1.06720651321742e-05,-1.06720651321742e-05,-1.06720651321742e-05,-1.06720651321742e-05,-1.06720651321742e-05,-1.06720651321742e-05,-1.06720651321742e-05,-1.06720651321742e-05,-1.06720651321742e-05,-1.06720651321742e-05,-1.06720651321742e-05,-1.06720651321742e-05,-1.06720651321742e-05,-1.06720651321742e-05,-1.06720651321742e-05,-1.06720651321742e-05,-1.06720651321742e-05,-1.06720651321742e-05,-1.06720651321742e-05,-1.06720651321742e-05,-1.06720651321742e-05,-1.06720651321742e-05
-1.06720651321742e-05,-1.06720651321742e-05,-1.06720651321742e-05,-1.06720651321742e-05,-1.06720651321742e-05,-1.06720651321742e-05,-1.06720651321742e-05,-1.06720651321742e-05,-1.06720651321742e-05,-1.06720651321742e-05,-1.06720651321742e-05,-1.06720651321742e-05,-1.06720651321742e-05,-1.06720651321742e-05,-1.06720651321742e-05,-1.06720651321742e-05,-1.06720651321742e-05,-1.06720651321742e-05,-1.06720651321742e-05,-1.06720651321742e-05,-1.06720651321742e-05,-1.06720651321742e-05,-1.06720651321742e-05,-1.06720651321742e-05,-1.06720651321742e-05,-1.06720651321742e-05,-1.06720651321742e-05,-1.06720651321742e-05,-1.06720651321742e-05,-1.06720651321742e-05,-1.06720651321742e-05,-1.06720651321742e-05,-1.06720651321742e-05,-1.06720651321742e-05,-1.06720651321742e-05,-1.06720651321742e-05
-1.06720651321742e-05,-1.06720651321742e-05,-1.06720651321742e-05,-1.06720651321742e-05,-1.06720651321742e-05,-1.06720651321742e-05,-1.06720651321742e-05,-1.06720651321742e-05,-1.06720651321742e-05,-1.06720651321742e-05,-1.06720651321742e-05,-1.06720651321742e-05,-1.06720651321742e-05,-1.06720651321742e-05,-1.06720651321742e-05,-1.06720651321742e-05,-1.06720651321742e-05,-1.06720651321742e-05,-1.06720651321742e-05,-1.06720651321742e-05,-1.06720651321742e-05,-1.06720651321742e-05,-1.06720651321742e-05,-1.06720651321742e-05,-1.06720651321742e-05,-1.06720651321742e-05,-1.06720651321742e-05,-1.06720651321742e-05,-1.06720651321742e-05,-1.06720651321742e-05,-1.06720651321742e-05,-1.06720651321742e-05,-1.06720651321742e-05,-1.06720651321742e-05,-1.06720651321742e-05,-1.06720651321742e-05
-1.06720651321742e-05,-1.06720651321742e-05,-1.06720651321742e-05,-1.06720651321742e-05,-1.06720651321742e-05,-1.06720651321742e-05,-1.06720651321742e-05,-1.06720651321742e-05,-1.06720651321742e-05,-1.06720651321742e-05,-1.06720651321742e-05,-1.06720651321742e-05,-1.06720651321742e-05,-1.06720651321742e-05,-1.06720651321742e-05,-1.06720651321742e-05,-1.06720651321742e-05,-1.06720651321742e-05,-1.06720651321742e-05,-1.06720651321742e-05,-1.06720651321742e-05,-1.06720651321742e-05,-1.06720651321742e-05,-1.06720651321742e-05,-1.06720651321742e-05,-1.06720651321742e-05,-1.06720651321742e-05,-1.06720651321742e-05,-1.06720651321742e-05,-1.06720651321742e-05,-1.06720651321742e-05,-1.06720651321742e-05,-1.06720651321742e-05,-1.06720651321742e-05,-1.06720651321742e-05,-1.06720651321742e-05
-1.06720651321742e-05,-1.06720651321742e-05,-1.06720651321742e-05,-1.06720651321742e-05,-1.06720651321742e-05,-1.06720651321742e-05,-1.06720651321742e-05,-1.06720651321742e-05,-1.06720651321742e-05,-1.06720651321742e-05,-1.06720651321742e-05,-1.06720651321742e-05,-1.06720651321742e-05,-1.06720651321742e-05,-1.06720651321742e-05,-1.06720651321742e-05,-1.06720651321742e-05,-1.06720651321742e-05,-1.06720651321742e-05,-1.06720651321742e-05,-1.06720651321742e-05,-1.06720651321742e-05,-1.06720651321742e-05,-1.06720651321742e-05,-1.06720651321742e-05,-1.06720651321742e-05,-1.06720651321742e-05,-1.06720651321742e-05,-1.06720651321742e-05,-1.06720651321742e-05,-1.06720651321742e-05,-1.06720651321742e-05,-1.06720651321742e-05,-1.06720651321742e-05,-1.06720651321742e-05,-1.06720651321742e-05
-1.06720651321742e-05,-1.06720651321742e-05,-1.06720651321742e-05,-1.06720651321742e-05,-1.06720651321742e-05,-1.06720651321742e-05,-1.06720651321742e-05,-1.06720651321742e-05,-1.06720651321742e-05,-1.06720651321742e-05,-1.06720651321742e-05,-1.06720651321742e-05,-1.06720651321742e-05,-1.06720651321742e-05,-1.06720651321742e-05,-1.06720651321742e-05,-1.06720651321742e-05,-1.06720651321742e-05,-1.06720651321742e-05,-1.06720651321742e-05,-1.06720651321742e-05,-1.06720651321742e-05,-1.06720651321742e-05,-1.06720651321742e-05,-1.06720651321742e-05,-1.06720651321742e-05,-1.06720651321742e-05,-1.06720651321742e-05,-1.06720651321742e-05,-1.06720651321742e-05,-1.06720651321742e-05,-1.06720651321742e-05,-1.06720651321742e-05,-1.06720651321742e-05,-1.06720651321742e-05,-1.06720651321742e-05
-1.06720651321742e-05,-1.06720651321742e-05,-1.06720651321742e-05,-1.06720651321742e-05,-1.06720651321742e-05,-1.06720651321742e-05,-1.06720651321742e-05,-1.06720651321742e-05,-1.06720651321742e-05,-1.06720651321742e-05,-1.06720651321742e-05,-1.06720651321742e-05,-1.06720651321742e-05,-1.06720651321742e-05,-1.06720651321742e-05,-1.06720651321742e-05,-1.06720651321742e-05,-1.06720651321742e-05,-1.06720651321742e-05,-1.06720651321742e-05,-1.06720651321742e-05,-1.06720651321742e-05,-1.06720651321742e-05,-1.06720651321742e-05,-1.06720651321742e-05,-1.06720651321742e-05,-1.06720651321742e-05,-1.06720651321742e-05,-1.06720651321742e-05,-1.06720651321742e-05,-1.06720651321742e-05,-1.06720651321742e-05,-1.06720651321742e-05,-1.06720651321742e-05,-1.06720651321742e-05,-1.06720651321742e-05
-1.06720651321742e-05,-1.06720651321742e-05,-1.06720651321742e-05,-1.06720651321742e-05,-1.06720651321742e-05,-1.06720651321742e-05,-1.06720651321742e-05,-1.06720651321742e-05,-1.06720651321742e-05,-1.06720651321742e-05,-1.06720651321742e-05,-1.06720651321742e-05,-1.06720651321742e-05,-1.06720651321742e-05,-1.06720651321742e-05,-1.06720651321742e-05,-1.06720651321742e-05,-1.06720651321742e-05,-1.06720651321742e-05,-1.06720651321742e-05,-1.06720651321742e-05,-1.06720651321742e-05,-1.06720651321742e-05,-1.06720651321742e-05,-1.06720651321742e-05,-1.06720651321742e-05,-1.06720651321742e-05,-1.06720651321742e-05,-1.06720651321742e-05,-1.06720651321742e-05,-1.06720651321742e-05,-1.06720651321742e-05,-1.06720651321742e-05,-1.06720651321742e-05,-1.06720651321742e-05,-1.06720651321742e-05
-1.06720651321742e-05,-1.06720651321742e-05,-1.06720651321742e-05,-1.06720651321742e-05,-1.06720651321742e-05,-1.06720651321742e-05,-1.06720651321742e-05,-1.06720651321742e-05,-1.06720651321742e-05,-1.06720651321742e-05,-1.06720651321742e-05,-1.06720651321742e-05,-1.06720651321742e-05,-1.06720651321742e-05,-1.06720651321742e-05,-1.06720651321742e-05,-1.06720651321742e-05,-1.06720651321742e-05,-1.06720651321742e-05,-1.06720651321742e-05,-1.06720651321742e-05,-1.06720651321742e-05,-1.06720651321742e-05,-1.06720651321742e-05,-1.06720651321742e-05,-1.06720651321742e-05,-1.06720651321742e-05,-1.06720651321742e-05,-1.06720651321742e-05,-1.06720651321742e-05,-1.06720651321742e-05,-1.06720651321742e-05,-1.06720651321742e-05,-1.06720651321742e-05,-1.06720651321742e-05,-1.06720651321742e-05
-1.06720651321742e-05,-1.06720651321742e-05,-1.06720651321742e-05,-1.06720651321742e-05,-1.06720651321742e-05,-1.06720651321742e-05,-1.06720651321742e-05,-1.06720651321742e-05,-1.06720651321742e-05,-1.06720651321742e-05,-1.06720651321742e-05,-1.06720651321742e-05,-1.06720651321742e-05,-1.06720651321742e-05,-1.06720651321742e-05,-1.06720651321742e-05,-1.06720651321742e-05,-1.06720651321742e-05,-1.06720651321742e-05,-1.06720651321742e-05,-1.06720651321742e-05,-1.06720651321742e-05,-1.06720651321742e-05,-1.06720651321742e-05,-1.06720651321742e-05,-1.06720651321742e-05,-1.06720651321742e-05,-1.06720651321742e-05,-1.06720651321742e-05,-1.06720651321742e-05,-1.06720651321742e-05,-1.06720651321742e-05,-1.06720651321742e-05,-1.06720651321742e-05,-1.06720651321742e-05,-1.06720651321742e-05
-1.06720651321742e-05,-1.06720651321742e-05,-1.06720651321742e-05,-1.06720651321742e-05,-1.06720651321742e-05,-1.06720651321742e-05,-1.06720651321742e-05,-1.06720651321742e-05,-1.06720651321742e-05,-1.06720651321742e-05,-1.06720651321742e-05,-1.06720651321742e-05,-1.06720651321742e-05,-1.06720651321742e-05,-1.06720651321742e-05,-1.06720651321742e-05,-1.06720651321742e-05,-1.06720651321742e-05,-1.06720651321742e-05,-1.06720651321742e-05,-1.06720651321742e-05,-1.06720651321742e-05,-1.06720651321742e-05,-1.06720651321742e-05,-1.06720651321742e-05,-1.06720651321742e-05,-1.06720651321742e-05,-1.06720651321742e-05,-1.06720651321742e-05,-1.06720651321742e-05,-1.06720651321742e-05,-1.06720651321742e-05,-1.06720651321742e-05,-1.06720651321742e-05,-1.06720651321742e-05,-1.06720651321742e-05
-1.06720651321742e-05,-1.06720651321742e-05,-1.06720651321742e-05,-1.06720651321742e-05,-1.06720651321742e-05,-1.06720651321742e-05,-1.06720651321742e-05,-1.06720651321742e-05,-1.06720651321742e-05,-1.06720651321742e-05,-1.06720651321742e-05,-1.06720651321742e-05,-1.06720651321742e-05,-1.06720651321742e-05,-1.06720651321742e-05,-1.06720651321742e-05,-1.06720651321742e-05,-1.06720651321742e-05,-1.06720651321742e-05,-1.06720651321742e-05,-1.06720651321742e-05,-1.06720651321742e-05,-1.06720651321742e-05,-1.06720651321742e-05,-1.06720651321742e-05,-1.06720651321742e-05,-1.06720651321742e-05,-1.06720651321742e-05,-1.06720651321742e-05,-1.06720651321742e-05,-1.06720651321742e-05,-1.06720651321742e-05,-1.06720651321742e-05,-1.06720651321742e-05,-1.06720651321742e-05,-1.06720651321742e-05
-1.06720651321742e-05,-1.06720651321742e-05,-1.06720651321742e-05,-1.06720651321742e-05,-1.06720651321742e-05,-1.06720651321742e-05,-1.06720651321742e-05,-1.06720651321742e-05,-1.06720651321742e-05,-1.06720651321742e-05,-1.06720651321742e-05,-1.06720651321742e-05,-1.06720651321742e-05,-1.06720651321742e-05,-1.06720651321742e-05,-1.06720651321742e-05,-1.06720651321742e-05,-1.06720651321742e-05,-1.06720651321742e-05,-1.06720651321742e-05,-1.06720651321742e-05,-1.06720651321742e-05,-1.06720651321742e-05,-1.06720651321742e-05,-1.06720651321742e-05,-1.06720651321742e-05,-1.06720651321742e-05,-1.06720651321742e-05,-1.06720651321742e-05,-1.06720651321742e-05,-1.06720651321742e-05,-1.06720651321742e-05,-1.06720651321742e-05,-1.06720651321742e-05,-1.06720651321742e-05,-1.06720651321742e-05
-1.06720651321742e-05,-1.06720651321742e-05,-1.06720651321742e-05,-1.06720651321742e-05,-1.06720651321742e-05,-1.06720651321742e-05,-1.06720651321742e-05,-1.06720651321742e-05,-1.06720651321742e-05,-1.06720651321742e-05,-1.06720651321742e-05,-1.06720651321742e-05,-1.06720651321742e-05,-1.06720651321742e-05,-1.06720651321742e-05,-1.06720651321742e-05,-1.06720651321742e-05,-1.06720651321742e-05,-1.06720651321742e-05,-1.06720651321742e-05,-1.06720651321742e-05,-1.06720651321742e-05,-1.06720651321742e-05,-1.06720651321742e-05,-1.06720651321742e-05,-1.06720651321742e-05,-1.06720651321742e-05,-1.06720651321742e-05,-1.06720651321742e-05,-1.06720651321742e-05,-1.06720651321742e-05,-1.06720651321742e-05,-1.06720651321742e-05,-1.06720651321742e-05,-1.06720651321742e-05,-1.06720651321742e-05
-1.06720651321742e-05,-1.06720651321742e-05,-1.06720651321742e-05,-1.06720651321742e-05,-1.06720651321742e-05,-1.06720651321742e-05,-1.06720651321742e-05,-1.06720651321742e-05,-1.06720651321742e-05,-1.06720651321742e-05,-1.06720651321742e-05,-1.06720651321742e-05,-1.06720651321742e-05,-1.06720651321742e-05,-1.06720651321742e-05,-1.06720651321742e-05,-1.06720651321742e-05,-1.06720651321742e-05,-1.06720651321742e-05,-1.06720651321742e-05,-1.06720651321742e-05,-1.06720651321742e-05,-1.06720651321742e-05,-1.06720651321742e-05,-1.06720651321742e-05,-1.06720651321742e-05,-1.06720651321742e-05,-1.06720651321742e-05,-1.06720651321742e-05,-1.06720651321742e-05,-1.06720651321742e-05,-1.06720651321742e-05,-1.06720651321742e-05,-1.06720651321742e-05,-1.06720651321742e-05,-1.06720651321742e-05
-1.06720651321742e-05,-1.06720651321742e-05,-1.06720651321742e-05,-1.06720651321742e-05,-1.06720651321742e-05,-1.06720651321742e-05,-1.06720651321742e-05,-1.06720651321742e-05,-1.06720651321742e-05,-1.06720651321742e-05,-1.06720651321742e-05,-1.06720651321742e-05,-1.06720651321742e-05,-1.06720651321742e-05,-1.06720651321742e-05,-1.06720651321742e-05,-1.06720651321742e-05,-1.06720651321742e-05,-1.06720651321742e-05,-1.06720651321742e-05,-1.06720651321742e-05,-1.06720651321742e-05,-1.06720651321742e-05,-1.06720651321742e-05,-1.06720651321742e-05,-1.06720651321742e-05,-1.06720651321742e-05,-1.06720651321742e-05,-1.06720651321742e-05,-1.06720651321742e-05,-1.06720651321742e-05,-1.06720651321742e-05,-1.06720651321742e-05,-1.06720651321742e-05,-1.06720651321742e-05,-1.06720651321742e-05
-1.06720651321742e-05,-1.06720651321742e-05,-1.06720651321742e-05,-1.06720651321742e-05,-1.06720651321742e-05,-1.06720651321742e-05,-1.06720651321742e-05,-1.06720651321742e-05,-1.06720651321742e-05,-1.06720651321742e-05,-1.06720651321742e-05,-1.06720651321742e-05,-1.06720651321742e-05,-1.06720651321742e-05,-1.06720651321742e-05,-1.06720651321742e-05,-1.06720651321742e-05,-1.06720651321742e-05,-1.06720651321742e-05,-1.06720651321742e-05,-1.06720651321742e-05,-1.06720651321742e-05,-1.06720651321742e-05,-1.06720651321742e-05,-1.06720651321742e-05,-1.06720651321742e-05,-1.06720651321742e-05,-1.06720651321742e-05,-1.06720651321742e-05,-1.06720651321742e-05,-1.06720651321742e-05,-1.06720651321742e-05,-1.06720651321742e-05,-1.06720651321742e-05,-1.06720651321742e-05,-1.06720651321742e-05
-1.06720651321742e-05,-1.06720651321742e-05,-1.06720651321742e-05,-1.06720651321742e-05,-1.06720651321742e-05,-1.06720651321742e-05,-1.06720651321742e-05,-1.06720651321742e-05,-1.06720651321742e-05,-1.06720651321742e-05,-1.06720651321742e-05,-1.06720651321742e-05,-1.06720651321742e-05,-1.06720651321742e-05,-1.06720651321742e-05,-1.06720651321742e-05,-1.06720651321742e-05,-1.06720651321742e-05,-1.06720651321742e-05,-1.06720651321742e-05,-1.06720651321742e-05,-1.06720651321742e-05,-1.06720651321742e-05,-1.06720651321742e-05,-1.06720651321742e-05,-1.06720651321742e-05,-1.06720651321742e-05,-1.06720651321742e-05,-1.06720651321742e-05,-1.06720651321742e-05,-1.06720651321742e-05,-1.06720651321742e-05,-1.06720651321742e-05,-1.06720651321742e-05,-1.06720651321742e-05,-1.06720651321742e-05
-1.06720651321742e-05,-1.06720651321742e-05,-1.06720651321742e-05,-1.06720651321742e-05,-1.06720651321742e-05,-1.06720651321742e-05,-1.06720651321742e-05,-1.06720651321742e-05,-1.06720651321742e-05,-1.06720651321742e-05,-1.06720651321742e-05,-1.06720651321742e-05,-1.06720651321742e-05,-1.06720651321742e-05,-1.06720651321742e-05,-1.06720651321742e-05,-1.06720651321742e-05,-1.06720651321742e-05,-1.06720651321742e-05,-1.06720651321742e-05,-1.06720651321742e-05,-1.06720651321742e-05,-1.06720651321742e-05,-1.06720651321742e-05,-1.06720651321742e-05,-1.06720651321742e-05,-1.06720651321742e-05,-1.06720651321742e-05,-1.06720651321742e-05,-1.06720651321742e-05,-1.06720651321742e-05,-1.06720651321742e-05,-1.06720651321742e-05,-1.06720651321742e-05,-1.06720651321742e-05,-1.06720651321742e-05
-1.06720651321742e-05,-1.06720651321742e-05,-1.06720651321742e-05,-1.06720651321742e-05,-1.06720651321742e-05,-1.06720651321742e-05,-1.06720651321742e-05,-1.06720651321742e-05,-1.06720651321742e-05,-1.06720651321742e-05,-1.06720651321742e-05,-1.06720651321742e-05,-1.06720651321742e-05,-1.06720651321742e-05,-1.06720651321742e-05,-1.06720651321742e-05,-1.06720651321742e-05,-1.06720651321742e-05,-1.06720651321742e-05,-1.06720651321742e-05,-1.06720651321742e-05,-1.06720651321742e-05,-1.06720651321742e-05,-1.06720651321742e-05,-1.06720651321742e-05,-1.06720651321742e-05,-1.06720651321742e-05,-1.06720651321742e-05,-1.06720651321742e-05,-1.06720651321742e-05,-1.06720651321742e-05,-1.06720651321742e-05,-1.06720651321742e-05,-1.06720651321742e-05,-1.06720651321742e-05,-1.06720651321742e-05
-1.06720651321742e-05,-1.06720651321742e-05,-1.06720651321742e-05,-1.06720651321742e-05,-1.06720651321742e-05,-1.06720651321742e-05,-1.06720651321742e-05,-1.06720651321742e-05,-1.06720651321742e-05,-1.06720651321742e-05,-1.06720651321742e-05,-1.06720651321742e-05,-1.06720651321742e-05,-1.06720651321742e-05,-1.06720651321742e-05,-1.06720651321742e-05,-1.06720651321742e-05,-1.06720651321742e-05,-1.06720651321742e-05,-1.06720651321742e-05,-1.06720651321742e-05,-1.06720651321742e-05,-1.06720651321742e-05,-1.06720651321742e-05,-1.06720651321742e-05,-1.06720651321742e-05,-1.06720651321742e-05,-1.06720687038357e-05,-1.06720758935808e-05,-1.06720969711205e-05,-1.06721829325807e-05,-1.06724709259728e-05,-1.06732655590728e-05,-1.06721096794142e-05,-1.067208123402e-05,-1.0672077243612e-05
-1.06720651321742e-05,-1.06720651321742e-05,-1.06720651321742e-05,-1.06720651321742e-05,-1.06720651321742e-05,-1.06720651321742e-05,-1.06720651321742e-05,-1.06720651321742e-05,-1.06720651321742e-05,-1.06720651321742e-05,-1.06720651321742e-05,-1.06720651321742e-05,-1.06720651321742e-05,-1.06720651321742e-05,-1.06720651321742e-05,-1.06720651321742e-05,-1.06720651321742e-05,-1.06720651321742e-05,-1.06720651321742e-05,-1.06720651321742e-05,-1.06720651321742e-05,-1.06720651321742e-05,-1.06720651321742e-05,-1.06720651321742e-05,-1.06720651321742e-05,-1.06720651321742e-05,-1.06720651321742e-05,-1.06724881580552e-05,-1.06733398970012e-05,-1.0675832914823e-05,-1.06860110359245e-05,-1.07201149082433e-05,-1.08142193198546e-05,-1.06772727898867e-05,-1.06739259858083e-05,-1.06734560773702e-05
-1.06720651321742e-05,-1.06720651321742e-05,-1.06720651321742e-05,-1.06720651321742e-05,-1.06720651321742e-05,-1.06720651321742e-05,-1.06720651321742e-05,-1.06720651321742e-05,-1.06720651321742e-05,-1.06720651321742e-05,-1.06720651321742e-05,-1.06720651321742e-05,-1.06720651321742e-05,-1.06720651321742e-05,-1.06720651321742e-05,-1.06720651321742e-05,-1.06720651321742e-05,-1.06720651321742e-05,-1.06720651321742e-05,-1.06720651321742e-05,-1.06720651321742e-05,-1.06720651321742e-05,-1.06720651321742e-05,-1.06720651321742e-05,-1.06720651321742e-05,-1.06720651321742e-05,-1.06720651321742e-05,-1.06735739583049e-05,-1.06766119008247e-05,-1.06854890465987e-05,-1.07217706111366e-05,-1.0843357555738e-05,-1.11788752083915e-05,-1.06903800201508e-05,-1.06785289527049e-05,-1.06768631913686e-05
-1.06720651321742e-05,-1.06720651321742e-05,-1.06720651321742e-05,-1.06720651321742e-05,-1.06720651321742e-05,-1.06720651321742e-05,-1.06720651321742e-05,-1.06720651321742e-05,-1.06720651321742e-05,-1.06720651321742e-05,-1.06720651321742e-05,-1.06720651321742e-05,-1.06720651321742e-05,-1.06720651321742e-05,-1.06720651321742e-05,-1.06720651321742e-05,-1.06720651321742e-05,-1.06720651321742e-05,-1.06720651321742e-05,-1.06720651321742e-05,-1.06720651321742e-05,-1.06720651321742e-05,-1.06720651321742e-05,-1.06720651321742e-05,-1.06720651321742e-05,-1.06720651321742e-05,-1.06720651321742e-05,-1.0675281283549e-05,-1.06817568365614e-05,-1.07006459842296e-05,-1.07779349226197e-05,-1.10369864302129e-05,-1.17518739462715e-05,-1.07105264930851e-05,-1.06854570740704e-05,-1.06819293089681e-05
-1.06720651321742e-05,-1.06720651321742e-05,-1.06720651321742e-05,-1.06720651321742e-05,-1.06720651321742e-05,-1.06720651321742e-05,-1.06720651321742e-05,-1.06720651321742e-05,-1.06720651321742e-05,-1.06720651321742e-05,-1.06720651321742e-05,-1.06720651321742e-05,-1.06720651321742e-05,-1.06720651321742e-05,-1.06720651321742e-05,-1.06720651321742e-05,-1.06720651321742e-05,-1.06720651321742e-05,-1.06720651321742e-05,-1.06720651321742e-05,-1.06720651321742e-05,-1.06720651321742e-05,-1.06720651321742e-05,-1.06720651321742e-05,-1.06720651321742e-05,-1.06720651321742e-05,-1.06720651321742e-05,-1.06775653108571e-05,-1.06886396385638e-05,-1.07208843436032e-05,-1.08529772347765e-05,-1.12957890953188e-05,-1.25178562560298e-05,-1.0736807330621e-05,-1.06942772911604e-05,-1.06882851535299e-05
-1.06720651321742e-05,-1.06720651321742e-05,-1.06720651321742e-05,-1.06720651321742e-05,-1.06720651321742e-05,-1.06720651321742e-05,-1.06720651321742e-05,-1.06720651321742e-05,-1.06720651321742e-05,-1.06720651321742e-05,-1.06720651321742e-05,-1.06720651321742e-05,-1.06720651321742e-05,-1.06720651321742e-05,-1.06720651321742e-05,-1.06720651321742e-05,-1.06720651321742e-05,-1.06720651321742e-05,-1.06720651321742e-05,-1.06720651321742e-05,-1.06720651321742e-05,-1.06720651321742e-05,-1.06720651321742e-05,-1.06720651321742e-05,-1.06720651321742e-05,-1.06720651321742e-05,-1.06720651321742e-05,-1.06803812201406e-05,-1.06971252364474e-05,-1.07457847396593e-05,-1.09453708091678e-05,-1.16145531156538e-05,-1.34614628592544e-05,-1.07683176546895e-05,-1.07045565461779e-05,-1.06955614474676e-05
-1.06720651321742e-05,-1.06720651321742e-05,-1.06720651321742e-05,-1.06720651321742e-05,-1.06720651321742e-05,-1.06720651321742e-05,-1.06720651321742e-05,-1.06720651321742e-05,-1.06720651321742e-05,-1.06720651321742e-05,-1.06720651321742e-05,-1.06720651321742e-05,-1.06720651321742e-05,-1.06720651321742e-05,-1.06720651321742e-05,-1.06720651321742e-05,-1.06720651321742e-05,-1.06720651321742e-05,-1.06720651321742e-05,-1.06720651321742e-05,-1.06720651321742e-05,-1.06720651321742e-05,-1.06720651321742e-05,-1.06720651321742e-05,-1.06720651321742e-05,-1.06720651321742e-05,-1.06720651321742e-05,-1.06836841894165e-05,-1.0707078565512e-05,-1.07749277892329e-05,-1.10535889101963e-05,-1.19880660539214e-05,-1.45673344765858e-05,-1.08041525881693e-05,-1.07158617775364e-05,-1.07033889160372e-05
-1.06720651321742e-05,-1.06720651321742e-05,-1.06720651321742e-05,-1.06720651321742e-05,-1.06720651321742e-05,-1.06720651321742e-05,-1.06720651321742e-05,-1.06720651321742e-05,-1.06720651321742e-05,-1.06720651321742e-05,-1.06720651321742e-05,-1.06720651321742e-05,-1.06720651321742e-05,-1.06720651321742e-05,-1.06720651321742e-05,-1.06720651321742e-05,-1.06720651321742e-05,-1.06720651321742e-05,-1.06720651321742e-05,-1.06720651321742e-05,-1.06720651321742e-05,-1.06720651321742e-05,-1.06720651321742e-05,-1.06720651321742e-05,-1.06720651321742e-05,-1.06720651321742e-05,-1.06720651321742e-05,-1.06874293967015e-05,-1.07183645591628e-05,-1.08078941072639e-05,-1.11761048013174e-05,-1.2411115472825e-05,-1.58201118324541e-05,-1.08434072529917e-05,-1.07277599274388e-05,-1.07113982816524e-05
-1.06720651321742e-05,-1.06720651321742e-05,-1.06720651321742e-05,-1.06720651321742e-05,-1.06720651321742e-05,-1.06720651321742e-05,-1.06720651321742e-05,-1.06720651321742e-05,-1.06720651321742e-05,-1.06720651321742e-05,-1.06720651321742e-05,-1.06720651321742e-05,-1.06720651321742e-05,-1.06720651321742e-05,-1.06720651321742e-05,-1.06720651321742e-05,-1.06720651321742e-05,-1.06720651321742e-05,-1.06720651321742e-05,-1.06720651321742e-05,-1.06720651321742e-05,-1.06720651321742e-05,-1.06720651321742e-05,-1.06720651321742e-05,-1.06720651321742e-05,-1.06720651321742e-05,-1.06720651321742e-05,-1.06915720219073e-05,-1.07308481470151e-05,-1.08442643115344e-05,-1.13113917469339e-05,-1.287848893791e-05,-1.72044356465525e-05,-1.08851767691931e-05,-1.07398179390354e-05,-1.07192202676742e-05
-1.06720651321742e-05,-1.06720651321742e-05,-1.06720651321742e-05,-1.06720651321742e-05,-1.06720651321742e-05,-1.06720651321742e-05,-1.06720651321742e-05,-1.06720651321742e-05,-1.06720651321742e-05,-1.06720651321742e-05,-1.06720651321742e-05,-1.06720651321742e-05,-1.06720651321742e-05,-1.06720651321742e-05,-1.06720651321742e-05,-1.06720651321742e-05,-1.06720651321742e-05,-1.06720651321742e-05,-1.06720651321742e-05,-1.06720651321742e-05,-1.06720651321742e-05,-1.06720651321742e-05,-1.06720651321742e-05,-1.06720651321742e-05,-1.06720651321742e-05,-1.06720651321742e-05,-1.06720651321742e-05,-1.06960672430508e-05,-1.07443942653163e-05,-1.0883619016037e-05,-1.14579230095539e-05,-1.338497401188e-05,-1.87049466395213e-05,-1.09285562615469e-05,-1.07516027497923e-05,-1.07264855974639e-05
-1.06720651321742e-05,-1.06720651321742e-05,-1.06720651321742e-05,-1.06720651321742e-05,-1.06720651321742e-05,-1.06720651321742e-05,-1.06720651321742e-05,-1.06720651321742e-05,-1.06720651321742e-05,-1.06720651321742e-05,-1.06720651321742e-05,-1.06720651321742e-05,-1.06720651321742e-05,-1.06720651321742e-05,-1.06720651321742e-05,-1.06720651321742e-05,-1.06720651321742e-05,-1.06720651321742e-05,-1.06720651321742e-05,-1.06720651321742e-05,-1.06720651321742e-05,-1.06720651321742e-05,-1.06720651321742e-05,-1.06720651321742e-05,-1.06720651321742e-05,-1.06720651321742e-05,-1.06720651321742e-05,-1.07008702381487e-05,-1.07588678446291e-05,-1.09255388385539e-05,-1.16141718526327e-05,-1.39253582574383e-05,-2.03062855357909e-05,-1.09726408519843e-05,-1.07626813019124e-05,-1.07328249943824e-05
-1.06720651321742e-05,-1.06720651321742e-05,-1.06720651321742e-05,-1.06720651321742e-05,-1.06720651321742e-05,-1.06720651321742e-05,-1.06720651321742e-05,-1.06720651321742e-05,-1.06720651321742e-05,-1.06720651321742e-05,-1.06720651321742e-05,-1.06720651321742e-05,-1.06720651321742e-05,-1.06720651321742e-05,-1.06720651321742e-05,-1.06720651321742e-05,-1.06720651321742e-05,-1.06720651321742e-05,-1.06720651321742e-05,-1.06720651321742e-05,-1.06720651321742e-05,-1.06720651321742e-05,-1.06720651321742e-05,-1.06720651321742e-05,-1.06720651321742e-05,-1.06720651321742e-05,-1.06720651321742e-05,-1.0705936185218e-05,-1.07741338183587e-05,-1.09696043930777e-05,-1.17786115396257e-05,-1.44944292382358e-05,-2.1993093056949e-05,-1.10165256614891e-05,-1.07726205357039e-05,-1.07378691846331e-05
-1.06720651321742e-05,-1.06720651321742e-05,-1.06720651321742e-05,-1.06720651321742e-05,-1.06720651321742e-05,-1.06720651321742e-05,-1.06720651321742e-05,-1.06720651321742e-05,-1.06720651321742e-05,-1.06720651321742e-05,-1.06720651321742e-05,-1.06720651321742e-05,-1.06720651321742e-05,-1.06720651321742e-05,-1.06720651321742e-05,-1.06720651321742e-05,-1.06720651321742e-05,-1.06720651321742e-05,-1.06720651321742e-05,-1.06720651321742e-05,-1.06720651321742e-05,-1.06720651321742e-05,-1.06720651321742e-05,-1.06720651321742e-05,-1.06720651321742e-05,-1.06720651321742e-05,-1.06720651321742e-05,-1.07112202632228e-05,-1.07900571199101e-05,-1.10153962973906e-05,-1.19497153358831e-05,-1.50869745198179e-05,-2.37500099245835e-05,-1.10593058129401e-05,-1.07809873943173e-05,-1.07412488868401e-05
-1.06720651321742e-05,-1.06720651321742e-05,-1.06720651321742e-05,-1.06720651321742e-05,-1.06720651321742e-05,-1.06720651321742e-05,-1.06720651321742e-05,-1.06720651321742e-05,-1.06720651321742e-05,-1.06720651321742e-05,-1.06720651321742e-05,-1.06720651321742e-05,-1.06720651321742e-05,-1.06720651321742e-05,-1.06720651321742e-05,-1.06720651321742e-05,-1.06720651321742e-05,-1.06720651321742e-05,-1.06720651321742e-05,-1.06720651321742e-05,-1.06720651321742e-05,-1.06720651321742e-05,-1.06720651321742e-05,-1.06720651321742e-05,-1.06720651321742e-05,-1.06720651321742e-05,-1.06720651321742e-05,-1.07166776511273e-05,-1.08065026798461e-05,-1.10624951673799e-05,-1.21259565029656e-05,-1.56977816639407e-05,-2.55616768583877e-05,-1.11000764282683e-05,-1.07873488161658e-05,-1.0742594828154e-05
-1.06720651321742e-05,-1.06720651321742e-05,-1.06720651321742e-05,-1.06720651321742e-05,-1.06720651321742e-05,-1.06720651321742e-05,-1.06720651321742e-05,-1.06720651321742e-05,-1.06720651321742e-05,-1.06720651321742e-05,-1.06720651321742e-05,-1.06720651321742e-05,-1.06720651321742e-05,-1.06720651321742e-05,-1.06720651321742e-05,-1.06720651321742e-05,-1.06720651321742e-05,-1.06720651321742e-05,-1.06720651321742e-05,-1.06720651321742e-05,-1.06720651321742e-05,-1.06720651321742e-05,-1.06720651321742e-05,-1.06720651321742e-05,-1.06720651321742e-05,-1.06720651321742e-05,-1.06720651321742e-05,-1.07222635288432e-05,-1.08233354344141e-05,-1.11104816179856e-05,-1.23058083052759e-05,-1.63216382333076e-05,-2.74127345818442e-05,-1.11379326294051e-05,-1.07912717434525e-05,-1.07415377309887e-05
-1.06720651321742e-05,-1.06720651321742e-05,-1.06720651321742e-05,-1.06720651321742e-05,-1.06720651321742e-05,-1.06720651321742e-05,-1.06720651321742e-05,-1.06720651321742e-05,-1.06720651321742e-05,-1.06720651321742e-05,-1.06720651321742e-05,-1.06720651321742e-05,-1.06720651321742e-05,-1.06720651321742e-05,-1.06720651321742e-05,-1.06720651321742e-05,-1.06720651321742e-05,-1.06720651321742e-05,-1.06720651321742e-05,-1.06720651321742e-05,-1.06720651321742e-05,-1.06720651321742e-05,-1.06720651321742e-05,-1.06720651321742e-05,-1.06720651321742e-05,-1.06720651321742e-05,-1.06720651321742e-05,-1.07279330715452e-05,-1.08404203132295e-05,-1.11589362660425e-05,-1.24877440053221e-05,-1.69533317944115e-05,-2.92878238184358e-05,-1.11719695392291e-05,-1.07923231183804e-05,-1.07377083177577e-05
-1.06720651321742e-05,-1.06720651321742e-05,-1.06720651321742e-05,-1.06720651321742e-05,-1.06720651321742e-05,-1.06720651321742e-05,-1.06720651321742e-05,-1.06720651321742e-05,-1.06720651321742e-05,-1.06720651321742e-05,-1.06720651321742e-05,-1.06720651321742e-05,-1.06720651321742e-05,-1.06720651321742e-05,-1.06720651321742e-05,-1.06720651321742e-05,-1.06720651321742e-05,-1.06720651321742e-05,-1.06720651321742e-05,-1.06720651321742e-05,-1.06720651321742e-05,-1.06720651321742e-05,-1.06720651321742e-05,-1.06720651321742e-05,-1.06720651321742e-05,-1.06720651321742e-05,-1.06720651321742e-05,-1.07336414600923e-05,-1.08576222515921e-05,-1.12074397264905e-05,-1.26702368684543e-05,-1.75876499080611e-05,-3.1171585286908e-05,-1.12012822796714e-05,-1.07900698784154e-05,-1.0730737313717e-05
-1.06720651321742e-05,-1.06720651321742e-05,-1.06720651321742e-05,-1.06720651321742e-05,-1.06720651321742e-05,-1.06720651321742e-05,-1.06720651321742e-05,-1.06720651321742e-05,-1.06720651321742e-05,-1.06720651321742e-05,-1.06720651321742e-05,-1.06720651321742e-05,-1.06720651321742e-05,-1.06720651321742e-05,-1.06720651321742e-05,-1.06720651321742e-05,-1.06720651321742e-05,-1.06720651321742e-05,-1.06720651321742e-05,-1.06720651321742e-05,-1.06720651321742e-05,-1.06720651321742e-05,-1.06720651321742e-05,-1.06720651321742e-05,-1.06720651321742e-05,-1.06720651321742e-05,-1.06720651321742e-05,-1.07393438725012e-05,-1.08748061791175e-05,-1.12555726180593e-05,-1.28517601571806e-05,-1.82193801388545e-05,-3.30486597107438e-05,-1.1224965971716e-05,-1.0784078966708e-05,-1.07202554412803e-05
-1.06720651321742e-05,-1.06720651321742e-05,-1.06720651321742e-05,-1.06720651321742e-05,-1.06720651321742e-05,-1.06720651321742e-05,-1.06720651321742e-05,-1.06720651321742e-05,-1.06720651321742e-05,-1.06720651321742e-05,-1.06720651321742e-05,-1.06720651321742e-05,-1.06720651321742e-05,-1.06720651321742e-05,-1.06720651321742e-05,-1.06720651321742e-05,-1.06720651321742e-05,-1.06720651321742e-05,-1.06720651321742e-05,-1.06720651321742e-05,-1.06720651321742e-05,-1.06720651321742e-05,-1.06720651321742e-05,-1.06720651321742e-05,-1.06720651321742e-05,-1.06720651321742e-05,-1.06720651321742e-05,-1.07449954877363e-05,-1.08918370311054e-05,-1.1302915553794e-05,-1.30307871340089e-05,-1.884331005139e-05,-3.49036878096361e-05,-1.12421157391888e-05,-1.07739173245136e-05,-1.07058934238088e-05
-1.06720651321742e-05,-1.06720651321742e-05,-1.06720651321742e-05,-1.06720651321742e-05,-1.06720651321742e-05,-1.06720651321742e-05,-1.06720651321742e-05,-1.06720651321742e-05,-1.06720651321742e-05,-1.06720651321742e-05,-1.06720651321742e-05,-1.06720651321742e-05,-1.06720651321742e-05,-1.06720651321742e-05,-1.06720651321742e-05,-1.06720651321742e-05,-1.06720651321742e-05,-1.06720651321742e-05,-1.06720651321742e-05,-1.06720651321742e-05,-1.06720651321742e-05,-1.06720651321742e-05,-1.06720651321742e-05,-1.06720651321742e-05,-1.06720651321742e-05,-1.06720651321742e-05,-1.06720651321742e-05,-1.07505514828669e-05,-1.0908579740961e-05,-1.13490491495819e-05,-1.32057910642895e-05,-1.94542272064761e-05,-3.67213103089625e-05,-1.12518267030737e-05,-1.07591518921405e-05,-1.06872819856108e-05
-1.06720651321742e-05,-1.06720651321742e-05,-1.06720651321742e-05,-1.06720651321742e-05,-1.06720651321742e-05,-1.06720651321742e-05,-1.06720651321742e-05,-1.06720651321742e-05,-1.06720651321742e-05,-1.06720651321742e-05,-1.06720651321742e-05,-1.06720651321742e-05,-1.06720651321742e-05,-1.06720651321742e-05,-1.06720651321742e-05,-1.06720651321742e-05,-1.06720651321742e-05,-1.06720651321742e-05,-1.06720651321742e-05,-1.06720651321742e-05,-1.06720651321742e-05,-1.06720651321742e-05,-1.06720651321742e-05,-1.06720651321742e-05,-1.06720651321742e-05,-1.06720651321742e-05,-1.06720651321742e-05,-1.07559670378047e-05,-1.09248992392471e-05,-1.13935540232054e-05,-1.33752452105303e-05,-2.00469191706058e-05,-3.84861679284162e-05,-1.12531939871966e-05,-1.07393496098969e-05,-1.06640518491001e-05
-1.06720651321742e-05,-1.06720651321742e-05,-1.06720651321742e-05,-1.06720651321742e-05,-1.06720651321742e-05,-1.06720651321742e-05,-1.06720651321742e-05,-1.06720651321742e-05,-1.06720651321742e-05,-1.06720651321742e-05,-1.06720651321742e-05,-1.06720651321742e-05,-1.06720651321742e-05,-1.06720651321742e-05,-1.06720651321742e-05,-1.06720651321742e-05,-1.06720651321742e-05,-1.06720651321742e-05,-1.06720651321742e-05,-1.06720651321742e-05,-1.06720651321742e-05,-1.06720651321742e-05,-1.06720651321742e-05,-1.06720651321742e-05,-1.06720651321742e-05,-1.06720651321742e-05,-1.06720651321742e-05,-1.07611973305666e-05,-1.09406604593687e-05,-1.14360107905516e-05,-1.35376228361868e-05,-2.06161735045877e-05,-4.01829013886375e-05,-1.12453127115941e-05,-1.07140774209332e-05,-1.06358337395325e-05
-1.06720651321742e-05,-1.06720651321742e-05,-1.06720651321742e-05,-1.06720651321742e-05,-1.06720651321742e-05,-1.06720651321742e-05,-1.06720651321742e-05,-1.06720651321742e-05,-1.06720651321742e-05,-1.06720651321742e-05,-1.06720651321742e-05,-1.06720651321742e-05,-1.06720651321742e-05,-1.06720651321742e-05,-1.06720651321742e-05,-1.06720651321742e-05,-1.06720651321742e-05,-1.06720651321742e-05,-1.06720651321742e-05,-1.06720651321742e-05,-1.06720651321742e-05,-1.06720651321742e-05,-1.06720651321742e-05,-1.06720651321742e-05,-1.06720651321742e-05,-1.06720651321742e-05,-1.06720651321742e-05,-1.07661975401167e-05,-1.09557283337836e-05,-1.14760000665607e-05,-1.36913972056618e-05,-2.11567777739674e-05,-4.17961514140567e-05,-1.12272779981974e-05,-1.06829022636627e-05,-1.06022583774272e-05
-1.06720651321742e-05,-1.06720651321742e-05,-1.06720651321742e-05,-1.06720651321742e-05,-1.06720651321742e-05,-1.06720651321742e-05,-1.06720651321742e-05,-1.06720651321742e-05,-1.06720651321742e-05,-1.06720651321742e-05,-1.06720651321742e-05,-1.06720651321742e-05,-1.06720651321742e-05,-1.06720651321742e-05,-1.06720651321742e-05,-1.06720651321742e-05,-1.06720651321742e-05,-1.06720651321742e-05,-1.06720651321742e-05,-1.06720651321742e-05,-1.06720651321742e-05,-1.06720651321742e-05,-1.06720651321742e-05,-1.06720651321742e-05,-1.06720651321742e-05,-1.06720651321742e-05,-1.06720651321742e-05,-1.07709228444719e-05,-1.09699677968441e-05,-1.15131024680674e-05,-1.38350415814633e-05,-2.16635195423957e-05,-4.33105587253143e-05,-1.11981849708324e-05,-1.0645391079341e-05,-1.05629564880398e-05
-1.06720651321742e-05,-1.06720651321742e-05,-1.06720651321742e-05,-1.06720651321742e-05,-1.06720651321742e-05,-1.06720651321742e-05,-1.06720651321742e-05,-1.06720651321742e-05,-1.06720651321742e-05,-1.06720651321742e-05,-1.06720651321742e-05,-1.06720651321742e-05,-1.06720651321742e-05,-1.06720651321742e-05,-1.06720651321742e-05,-1.06720651321742e-05,-1.06720651321742e-05,-1.06720651321742e-05,-1.06720651321742e-05,-1.06720651321742e-05,-1.06720651321742e-05,-1.06720651321742e-05,-1.06720651321742e-05,-1.06720651321742e-05,-1.06720651321742e-05,-1.06720651321742e-05,-1.06720651321742e-05,-1.0775328421649e-05,-1.09832437800605e-05,-1.1546898610959e-05,-1.3967029227994e-05,-2.21311863716286e-05,-4.47107640430507e-05,-1.11571287523778e-05,-1.06011108111185e-05,-1.05197647836045e-05
-1.06720651321742e-05,-1.06720651321742e-05,-1.06720651321742e-05,-1.06720651321742e-05,-1.06720651321742e-05,-1.06720651321742e-05,-1.06720651321742e-05,-1.06720651321742e-05,-1.06720651321742e-05,-1.06720651321742e-05,-1.06720651321742e-05,-1.06720651321742e-05,-1.06720651321742e-05,-1.06720651321742e-05,-1.06720651321742e-05,-1.06720651321742e-05,-1.06720651321742e-05,-1.06720651321742e-05,-1.06720651321742e-05,-1.06720651321742e-05,-1.06720651321742e-05,-1.06720651321742e-05,-1.06720651321742e-05,-1.06720651321742e-05,-1.06720651321742e-05,-1.06720651321742e-05,-1.06720651321742e-05,-1.07793694515597e-05,-1.0995421216838e-05,-1.1576969111123e-05,-1.4085833407762e-05,-2.25545658262642e-05,-4.59814080907487e-05,-1.11032044628701e-05,-1.05496283974086e-05,-1.05843391982792e-05
-1.06720651321742e-05,-1.06720651321742e-05,-1.06720651321742e-05,-1.06720651321742e-05,-1.06720651321742e-05,-1.06720651321742e-05,-1.06720651321742e-05,-1.06720651321742e-05,-1.06720651321742e-05,-1.06720651321742e-05,-1.06720651321742e-05,-1.06720651321742e-05,-1.06720651321742e-05,-1.06720651321742e-05,-1.06720651321742e-05,-1.06720651321742e-05,-1.06720651321742e-05,-1.06720651321742e-05,-1.06720651321742e-05,-1.06720651321742e-05,-1.06720651321742e-05,-1.06720651321742e-05,-1.06720651321742e-05,-1.06720651321742e-05,-1.06720651321742e-05,-1.06720651321742e-05,-1.06720651321742e-05,-1.07830011122208e-05,-1.10063650396341e-05,-1.16028945834993e-05,-1.41899273851701e-05,-2.29284454709007e-05,-4.71071315899962e-05,-1.10355072251878e-05,-1.04905107804143e-05,-1.07831718101655e-05
-1.06720651321742e-05,-1.06720651321742e-05,-1.06720651321742e-05,-1.06720651321742e-05,-1.06720651321742e-05,-1.06720651321742e-05,-1.06720651321742e-05,-1.06720651321742e-05,-1.06720651321742e-05,-1.06720651321742e-05,-1.06720651321742e-05,-1.06720651321742e-05,-1.06720651321742e-05,-1.06720651321742e-05,-1.06720651321742e-05,-1.06720651321742e-05,-1.06720651321742e-05,-1.06720651321742e-05,-1.06720651321742e-05,-1.06720651321742e-05,-1.06720651321742e-05,-1.06720651321742e-05,-1.06720651321742e-05,-1.06720651321742e-05,-1.06720651321742e-05,-1.06720651321742e-05,-1.06720651321742e-05,-1.07861785807017e-05,-1.10159401799592e-05,-1.16242556458701e-05,-1.42777844236737e-05,-2.32476128672943e-05,-4.80725752614338e-05,-1.09531321612621e-05,-1.04740235248831e-05,-1.10658976619031e-05
-1.06720651321742e-05,-1.06720651321742e-05,-1.06720651321742e-05,-1.06720651321742e-05,-1.06720651321742e-05,-1.06720651321742e-05,-1.06720651321742e-05,-1.06720651321742e-05,-1.06720651321742e-05,-1.06720651321742e-05,-1.06720651321742e-05,-1.06720651321742e-05,-1.06720651321742e-05,-1.06720651321742e-05,-1.06720651321742e-05,-1.06720651321742e-05,-1.06720651321742e-05,-1.06720651321742e-05,-1.06720651321742e-05,-1.06720651321742e-05,-1.06720651321742e-05,-1.06720651321742e-05,-1.06720651321742e-05,-1.06720651321742e-05,-1.06720651321742e-05,-1.06720651321742e-05,-1.06720651321742e-05,-1.07888570378615e-05,-1.10240115731131e-05,-1.16406329131754e-05,-1.43478777867282e-05,-2.35068555800429e-05,-4.88623798285441e-05,-1.08551743939718e-05,-1.05345775674929e-05,-1.13821517980265e-05
-1.06720651321742e-05,-1.06720651321742e-05,-1.06720651321742e-05,-1.06720651321742e-05,-1.06720651321742e-05,-1.06720651321742e-05,-1.06720651321742e-05,-1.06720651321742e-05,-1.06720651321742e-05,-1.06720651321742e-05,-1.06720651321742e-05,-1.06720651321742e-05,-1.06720651321742e-05,-1.06720651321742e-05,-1.06720651321742e-05,-1.06720651321742e-05,-1.06720651321742e-05,-1.06720651321742e-05,-1.06720651321742e-05,-1.06720651321742e-05,-1.06720651321742e-05,-1.06720651321742e-05,-1.06720651321742e-05,-1.06720651321742e-05,-1.06720651321742e-05,-1.06720651321742e-05,-1.06720651321742e-05,-1.07909916598222e-05,-1.10304441496586e-05,-1.16516070022499e-05,-1.4398680737789e-05,-2.37009611727975e-05,-4.94611860110202e-05,-1.07407290443007e-05,-1.06303119243497e-05,-1.1681569262123e-05
-1.06720651321742e-05,-1.06720651321742e-05,-1.06720651321742e-05,-1.06720651321742e-05,-1.06720651321742e-05,-1.06720651321742e-05,-1.06720651321742e-05,-1.06720651321742e-05,-1.06720651321742e-05,-1.06720651321742e-05,-1.06720651321742e-05,-1.06720651321742e-05,-1.06720651321742e-05,-1.06720651321742e-05,-1.06720651321742e-05,-1.06720651321742e-05,-1.06720651321742e-05,-1.06720651321742e-05,-1.06720651321742e-05,-1.06720651321742e-05,-1.06720651321742e-05,-1.06720651321742e-05,-1.06720651321742e-05,-1.06720651321742e-05,-1.06720651321742e-05,-1.06720651321742e-05,-1.06720651321742e-05,-1.07925376283902e-05,-1.10351028439482e-05,-1.16567585280336e-05,-1.44286665403115e-05,-2.38247172082614e-05,-4.98536345323449e-05,-1.06088912360747e-05,-1.07192159210475e-05,-1.19137850977798e-05
-1.06720651321742e-05,-1.06720651321742e-05,-1.06720651321742e-05,-1.06720651321742e-05,-1.06720651321742e-05,-1.06720651321742e-05,-1.06720651321742e-05,-1.06720651321742e-05,-1.06720651321742e-05,-1.06720651321742e-05,-1.06720651321742e-05,-1.06720651321742e-05,-1.06720651321742e-05,-1.06720651321742e-05,-1.06720651321742e-05,-1.06720651321742e-05,-1.06720651321742e-05,-1.06720651321742e-05,-1.06720651321742e-05,-1.06720651321742e-05,-1.06720651321742e-05,-1.06720651321742e-05,-1.06720651321742e-05,-1.06720651321742e-05,-1.06720651321742e-05,-1.06720651321742e-05,-1.06720651321742e-05,-1.07934501187401e-05,-1.10378525874921e-05,-1.16556681073613e-05,-1.44363084577511e-05,-2.38729112500854e-05,-5.00243661141061e-05,-1.04587560893303e-05,-1.07592788793909e-05,-1.2028434348584e-05
-1.06720651321742e-05,-1.06720651321742e-05,-1.06720651321742e-05,-1.06720651321742e-05,-1.06720651321742e-05,-1.06720651321742e-05,-1.06720651321742e-05,-1.06720651321742e-05,-1.06720651321742e-05,-1.06720651321742e-05,-1.06720651321742e-05,-1.06720651321742e-05,-1.06720651321742e-05,-1.06720651321742e-05,-1.06720651321742e-05,-1.06720651321742e-05,-1.06720651321742e-05,-1.06720651321742e-05,-1.06720651321742e-05,-1.06720651321742e-05,-1.06720651321742e-05,-1.06720651321742e-05,-1.06720651321742e-05,-1.06720651321742e-05,-1.06720651321742e-05,-1.06720651321742e-05,-1.06720651321742e-05,-1.07936843107836e-05,-1.10385583146429e-05,-1.1647916355173e-05,-1.44200797535632e-05,-2.38403308619202e-05,-4.99580214778916e-05,-1.02894187278935e-05,-1.07084901221318e-05,-1.19751520609649e-05
-1.06720651321742e-05,-1.06720651321742e-05,-1.06720651321742e-05,-1.06720651321742e-05,-1.06720651321742e-05,-1.06720651321742e-05,-1.06720651321742e-05,-1.06720651321742e-05,-1.06720651321742e-05,-1.06720651321742e-05,-1.06720651321742e-05,-1.06720651321742e-05,-1.06720651321742e-05,-1.06720651321742e-05,-1.06720651321742e-05,-1.06720651321742e-05,-1.06720651321742e-05,-1.06720651321742e-05,-1.06720651321742e-05,-1.06720651321742e-05,-1.06720651321742e-05,-1.06720651321742e-05,-1.06720651321742e-05,-1.06720651321742e-05,-1.06720651321742e-05,-1.06720651321742e-05,-1.06720651321742e-05,-1.0793195383485e-05,-1.10370849559634e-05,-1.16330838883035e-05,-1.43784536921506e-05,-2.37217636083642e-05,-4.96392413452895e-05,-1.04896216887103e-05,-1.05248389720221e-05,-1.1703573276615e-05
-1.06720651321742e-05,-1.06720651321742e-05,-1.06720651321742e-05,-1.06720651321742e-05,-1.06720651321742e-05,-1.06720651321742e-05,-1.06720651321742e-05,-1.06720651321742e-05,-1.06720651321742e-05,-1.06720651321742e-05,-1.06720651321742e-05,-1.06720651321742e-05,-1.06720651321742e-05,-1.06720651321742e-05,-1.06720651321742e-05,-1.06720651321742e-05,-1.06720651321742e-05,-1.06720651321742e-05,-1.06720651321742e-05,-1.06720651321742e-05,-1.06720651321742e-05,-1.06720651321742e-05,-1.06720651321742e-05,-1.06720651321742e-05,-1.06720651321742e-05,-1.06720651321742e-05,-1.06720651321742e-05,-1.07919385139136e-05,-1.10332974458061e-05,-1.16107513235875e-05,-1.43099035360213e-05,-2.35119970521206e-05,-4.90526664378876e-05,-1.14672584193916e-05,-1.01663147527612e-05,-1.11633330400688e-05
-1.06720651321742e-05,-1.06720651321742e-05,-1.06720651321742e-05,-1.06720651321742e-05,-1.06720651321742e-05,-1.06720651321742e-05,-1.06720651321742e-05,-1.06720651321742e-05,-1.06720651321742e-05,-1.06720651321742e-05,-1.06720651321742e-05,-1.06720651321742e-05,-1.06720651321742e-05,-1.06720651321742e-05,-1.06720651321742e-05,-1.06720651321742e-05,-1.06720651321742e-05,-1.06720651321742e-05,-1.06720651321742e-05,-1.06720651321742e-05,-1.06720651321742e-05,-1.06720651321742e-05,-1.06720651321742e-05,-1.06720651321742e-05,-1.06720651321742e-05,-1.06720651321742e-05,-1.06720651321742e-05,-1.07898688829285e-05,-1.10270607156811e-05,-1.15804992759649e-05,-1.42129025495782e-05,-2.32058187558929e-05,-4.81829374782213e-05,-1.29776780729192e-05,-9.59090678615363e-06,-1.03040663939661e-05
-1.06720651321742e-05,-1.06720651321742e-05,-1.06720651321742e-05,-1.06720651321742e-05,-1.06720651321742e-05,-1.06720651321742e-05,-1.06720651321742e-05,-1.06720651321742e-05,-1.06720651321742e-05,-1.06720651321742e-05,-1.06720651321742e-05,-1.06720651321742e-05,-1.06720651321742e-05,-1.06720651321742e-05,-1.06720651321742e-05,-1.06720651321742e-05,-1.06720651321742e-05,-1.06720651321742e-05,-1.06720651321742e-05,-1.06720651321742e-05,-1.06720651321742e-05,-1.06720651321742e-05,-1.06720651321742e-05,-1.06720651321742e-05,-1.06720651321742e-05,-1.06720651321742e-05,-1.06720651321742e-05,-1.07869416666517e-05,-1.10182396999411e-05,-1.15419083603759e-05,-1.40859239953291e-05,-2.27980162852267e-05,-4.7014695186931e-05,-1.47714850802079e-05,-8.75660439495126e-06,-9.07540838568366e-06
-1.06720651321742e-05,-1.06720651321742e-05,-1.06720651321742e-05,-1.06720651321742e-05,-1.06720651321742e-05,-1.06720651321742e-05,-1.06720651321742e-05,-1.06720651321742e-05,-1.06720651321742e-05,-1.06720651321742e-05,-1.06720651321742e-05,-1.06720651321742e-05,-1.06720651321742e-05,-1.06720651321742e-05,-1.06720651321742e-05,-1.06720651321742e-05,-1.06720651321742e-05,-1.06720651321742e-05,-1.06720651321742e-05,-1.06720651321742e-05,-1.06720651321742e-05,-1.06720651321742e-05,-1.06720651321742e-05,-1.06720651321742e-05,-1.06720651321742e-05,-1.06720651321742e-05,-1.06720651321742e-05,-1.07831120449949e-05,-1.10066993300961e-05,-1.14945591946025e-05,-1.3927441137677e-05,-2.22833772009305e-05,-4.55325802874995e-05,-1.65992838721725e-05,-7.62139690380081e-06,-7.42699405596644e-06
-1.06720651321742e-05,-1.06720651321742e-05,-1.06720651321742e-05,-1.06720651321742e-05,-1.06720651321742e-05,-1.06720651321742e-05,-1.06720651321742e-05,-1.06720651321742e-05,-1.06720651321742e-05,-1.06720651321742e-05,-1.06720651321742e-05,-1.06720651321742e-05,-1.06720651321742e-05,-1.06720651321742e-05,-1.06720651321742e-05,-1.06720651321742e-05,-1.06720651321742e-05,-1.06720651321742e-05,-1.06720651321742e-05,-1.06720651321742e-05,-1.06720651321742e-05,-1.06720651321742e-05,-1.06720651321742e-05,-1.06720651321742e-05,-1.06720651321742e-05,-1.06720651321742e-05,-1.06720651321742e-05,-1.07783351959749e-05,-1.09923045414462e-05,-1.14380323935848e-05,-1.37359272391298e-05,-2.16566890694973e-05,-4.37212334996199e-05,-1.82116788806752e-05,-6.14327363355945e-06,-5.3084584512438e-06
-1.06720651321742e-05,-1.06720651321742e-05,-1.06720651321742e-05,-1.06720651321742e-05,-1.06720651321742e-05,-1.06720651321742e-05,-1.06720651321742e-05,-1.06720651321742e-05,-1.06720651321742e-05,-1.06720651321742e-05,-1.06720651321742e-05,-1.06720651321742e-05,-1.06720651321742e-05,-1.06720651321742e-05,-1.06720651321742e-05,-1.06720651321742e-05,-1.06720651321742e-05,-1.06720651321742e-05,-1.06720651321742e-05,-1.06720651321742e-05,-1.06720651321742e-05,-1.06720651321742e-05,-1.06720651321742e-05,-1.06720651321742e-05,-1.06720651321742e-05,-1.06720651321742e-05,-1.06720651321742e-05,-1.07725662976084e-05,-1.09749202626593e-05,-1.13719085741574e-05,-1.35098555640904e-05,-2.09127394526831e-05,-4.15652955486697e-05,-1.93592745356833e-05,-4.28022390697909e-06,-2.66943661226075e-06
-1.06720651321742e-05,-1.06720651321742e-05,-1.06720651321742e-05,-1.06720651321742e-05,-1.06720651321742e-05,-1.06720651321742e-05,-1.06720651321742e-05,-1.06720651321742e-05,-1.06720651321742e-05,-1.06720651321742e-05,-1.06720651321742e-05,-1.06720651321742e-05,-1.06720651321742e-05,-1.06720651321742e-05,-1.06720651321742e-05,-1.06720651321742e-05,-1.06720651321742e-05,-1.06720651321742e-05,-1.06720651321742e-05,-1.06720651321742e-05,-1.06720651321742e-05,-1.06720651321742e-05,-1.06720651321742e-05,-1.06720651321742e-05,-1.06720651321742e-05,-1.06720651321742e-05,-1.06720651321742e-05,-1.07657605307547e-05,-1.09544114290353e-05,-1.12957683522078e-05,-1.32476993760141e-05,-2.00463159150862e-05,-3.90494071514998e-05,-1.97926752681118e-05,-2.34125655064569e-06,3.28846869971737e-07
-1.06720651321742e-05,-1.06720651321742e-05,-1.06720651321742e-05,-1.06720651321742e-05,-1.06720651321742e-05,-1.06720651321742e-05,-1.06720651321742e-05,-1.06720651321742e-05,-1.06720651321742e-05,-1.06720651321742e-05,-1.06720651321742e-05,-1.06720651321742e-05,-1.06720651321742e-05,-1.06720651321742e-05,-1.06720651321742e-05,-1.06720651321742e-05,-1.06720651321742e-05,-1.06720651321742e-05,-1.06720651321742e-05,-1.06720651321742e-05,-1.06720651321742e-05,-1.06720651321742e-05,-1.06720651321742e-05,-1.06720651321742e-05,-1.06720651321742e-05,-1.06720651321742e-05,-1.06720651321742e-05,-1.07578730715356e-05,-1.09306429720846e-05,-1.12091923436234e-05,-1.29479319383563e-05,-1.90522060184624e-05,-3.61582090334878e-05,-1.92624855088752e-05,-3.81172093473955e-07,3.6169761367925e-06
-1.06720651321742e-05,-1.06720651321742e-05,-1.06720651321742e-05,-1.06720651321742e-05,-1.06720651321742e-05,-1.06720651321742e-05,-1.06720651321742e-05,-1.06720651321742e-05,-1.06720651321742e-05,-1.06720651321742e-05,-1.06720651321742e-05,-1.06720651321742e-05,-1.06720651321742e-05,-1.06720651321742e-05,-1.06720651321742e-05,-1.06720651321742e-05,-1.06720651321742e-05,-1.06720651321742e-05,-1.06720651321742e-05,-1.06720651321742e-05,-1.06720651321742e-05,-1.06720651321742e-05,-1.06720651321742e-05,-1.06720651321742e-05,-1.06720651321742e-05,-1.06720651321742e-05,-1.06720651321742e-05,-1.0748859097968e-05,-1.09034798271068e-05,-1.11117611642915e-05,-1.26090265155199e-05,-1.79251973283575e-05,-3.28763419152741e-05,-1.75193096888885e-05,2.41378553198501e-06,8.19093493097019e-06
-1.06720651321742e-05,-1.06720651321742e-05,-1.06720651321742e-05,-1.06720651321742e-05,-1.06720651321742e-05,-1.06720651321742e-05,-1.06720651321742e-05,-1.06720651321742e-05,-1.06720651321742e-05,-1.06720651321742e-05,-1.06720651321742e-05,-1.06720651321742e-05,-1.06720651321742e-05,-1.06720651321742e-05,-1.06720651321742e-05,-1.06720651321742e-05,-1.06720651321742e-05,-1.06720651321742e-05,-1.06720651321742e-05,-1.06720651321742e-05,-1.06720651321742e-05,-1.06720651321742e-05,-1.06720651321742e-05,-1.06720651321742e-05,-1.06720651321742e-05,-1.06720651321742e-05,-1.06720651321742e-05,-1.07386737918584e-05,-1.0872786924665e-05,-1.10030554291522e-05,-1.22294563690654e-05,-1.66600774065273e-05,-2.91884465184467e-05,-1.43137522409612e-05,6.8662682053855e-06,1.50982376339925e-05
-1.06720651321742e-05,-1.06720651321742e-05,-1.06720651321742e-05,-1.06720651321742e-05,-1.06720651321742e-05,-1.06720651321742e-05,-1.06720651321742e-05,-1.06720651321742e-05,-1.06720651321742e-05,-1.06720651321742e-05,-1.06720651321742e-05,-1.06720651321742e-05,-1.06720651321742e-05,-1.06720651321742e-05,-1.06720651321742e-05,-1.06720651321742e-05,-1.06720651321742e-05,-1.06720651321742e-05,-1.06720651321742e-05,-1.06720651321742e-05,-1.06720651321742e-05,-1.06720651321742e-05,-1.06720651321742e-05,-1.06720651321742e-05,-1.06720651321742e-05,-1.06720651321742e-05,-1.06720651321742e-05,-1.07272723283813e-05,-1.08384291972167e-05,-1.08826557559875e-05,-1.18076947643431e-05,-1.52516338185175e-05,-2.50791635655408e-05,-9.39641759127123e-06,1.37989278063818e-05,2.53863986207155e-05
-1.06720651321742e-05,-1.06720651321742e-05,-1.06720651321742e-05,-1.06720651321742e-05,-1.06720651321742e-05,-1.06720651321742e-05,-1.06720651321742e-05,-1.06720651321742e-05,-1.06720651321742e-05,-1.06720651321742e-05,-1.06720651321742e-05,-1.06720651321742e-05,-1.06720651321742e-05,-1.06720651321742e-05,-1.06720651321742e-05,-1.06720651321742e-05,-1.06720651321742e-05,-1.06720651321742e-05,-1.06720651321742e-05,-1.06720651321742e-05,-1.06720651321742e-05,-1.06720651321742e-05,-1.06720651321742e-05,-1.06720651321742e-05,-1.06720651321742e-05,-1.06720651321742e-05,-1.06720651321742e-05,-1.07146098883959e-05,-1.08002715791145e-05,-1.07501427597375e-05,-1.13422149638609e-05,-1.36946541251367e-05,-2.05331337781445e-05,-2.51791017547021e-06,2.40344162155755e-05,4.01029322735743e-05
-1.06720651321742e-05,-1.06720651321742e-05,-1.06720651321742e-05,-1.06720651321742e-05,-1.06720651321742e-05,-1.06720651321742e-05,-1.06720651321742e-05,-1.06720651321742e-05,-1.06720651321742e-05,-1.06720651321742e-05,-1.06720651321742e-05,-1.06720651321742e-05,-1.06720651321742e-05,-1.06720651321742e-05,-1.06720651321742e-05,-1.06720651321742e-05,-1.06720651321742e-05,-1.06720651321742e-05,-1.06720651321742e-05,-1.06720651321742e-05,-1.06720651321742e-05,-1.06720651321742e-05,-1.06720651321742e-05,-1.06720651321742e-05,-1.06720651321742e-05,-1.06720651321742e-05,-1.06720651321742e-05,-1.07006416489715e-05,-1.07581790018685e-05,-1.06050970572369e-05,-1.08314902310743e-05,-1.19839258928778e-05,-1.55349978787929e-05,6.57116557836919e-06,3.83953853116736e-05,6.02953529664774e-05
-1.06720651321742e-05,-1.06720651321742e-05,-1.06720651321742e-05,-1.06720651321742e-05,-1.06720651321742e-05,-1.06720651321742e-05,-1.06720651321742e-05,-1.06720651321742e-05,-1.06720651321742e-05,-1.06720651321742e-05,-1.06720651321742e-05,-1.06720651321742e-05,-1.06720651321742e-05,-1.06720651321742e-05,-1.06720651321742e-05,-1.06720651321742e-05,-1.06720651321742e-05,-1.06720651321742e-05,-1.06720651321742e-05,-1.06720651321742e-05,-1.06720651321742e-05,-1.06720651321742e-05,-1.06720651321742e-05,-1.06720651321742e-05,-1.06720651321742e-05,-1.06720651321742e-05,-1.06720651321742e-05,-1.0685322788125e-05,-1.07120163988839e-05,-1.04470992643731e-05,-1.0273993830386e-05,-1.01142366844442e-05,-1.00693965871794e-05,1.81202052383848e-05,5.77044869752778e-05,8.70111750818599e-05
-1.06720651321742e-05,-1.06720651321742e-05,-1.06720651321742e-05,-1.06720651321742e-05,-1.06720651321742e-05,-1.06720651321742e-05,-1.06720651321742e-05,-1.06720651321742e-05,-1.06720651321742e-05,-1.06720651321742e-05,-1.06720651321742e-05,-1.06720651321742e-05,-1.06720651321742e-05,-1.06720651321742e-05,-1.06720651321742e-05,-1.06720651321742e-05,-1.06720651321742e-05,-1.06720651321742e-05,-1.06720651321742e-05,-1.06720651321742e-05,-1.06720651321742e-05,-1.06720651321742e-05,-1.06720867393051e-05,-1.06721299346191e-05,-1.06724515063661e-05,-1.06748864093712e-05,-1.06724245635329e-05,-1.06702151157378e-05,-1.06723322375046e-05,-1.02807958995754e-05,-9.68015451026834e-06,-8.13029648346249e-06,-4.1136448155991e-06,3.23604282565763e-05,8.26696295348484e-05,0.000120971470291427
-1.06720651321742e-05,-1.06720651321742e-05,-1.06720651321742e-05,-1.06720651321742e-05,-1.06720651321742e-05,-1.06720651321742e-05,-1.06720651321742e-05,-1.06720651321742e-05,-1.06720651321742e-05,-1.06720651321742e-05,-1.06720651321742e-05,-1.06720651321742e-05,-1.06720651321742e-05,-1.06720651321742e-05,-1.06720651321742e-05,-1.06720651321742e-05,-1.06720651321742e-05,-1.06720651321742e-05,-1.06720651321742e-05,-1.06720651321742e-05,-1.06720651321742e-05,-1.06720651321742e-05,-1.06728266662988e-05,-1.06743426404895e-05,-1.06856532880784e-05,-1.07713509474176e-05,-1.06843513028328e-05,-1.07053066329854e-05,-1.09723739683432e-05,-1.02573787387428e-05,-9.37715833989235e-06,-7.40559132831701e-06,2.86611832412594e-06,4.93857958730359e-05,0.000112217462337109,0.000166053981383622
-1.06720651321742e-05,-1.06720651321742e-05,-1.06720651321742e-05,-1.06720651321742e-05,-1.06720651321742e-05,-1.06720651321742e-05,-1.06720651321742e-05,-1.06720651321742e-05,-1.06720651321742e-05,-1.06720651321742e-05,-1.06720651321742e-05,-1.06720651321742e-05,-1.06720651321742e-05,-1.06720651321742e-05,-1.06720651321742e-05,-1.06720651321742e-05,-1.06720651321742e-05,-1.06720651321742e-05,-1.06720651321742e-05,-1.06720651321742e-05,-1.06720651321742e-05,-1.06720651321742e-05,-1.06745699203733e-05,-1.06795339955094e-05,-1.07166565394815e-05,-1.09981120421783e-05,-1.07111644429854e-05,-1.08051440795028e-05,-1.17115726946319e-05,-1.03995513531648e-05,-9.30977633781064e-06,-7.73335218203404e-06,1.20325895058689e-05,7.13512649279361e-05,0.000149990626483524,0.000228176153102784
-1.06720651321742e-05,-1.06720651321742e-05,-1.06720651321742e-05,-1.06720651321742e-05,-1.06720651321742e-05,-1.06720651321742e-05,-1.06720651321742e-05,-1.06720651321742e-05,-1.06720651321742e-05,-1.06720651321742e-05,-1.06720651321742e-05,-1.06720651321742e-05,-1.06720651321742e-05,-1.06720651321742e-05,-1.06720651321742e-05,-1.06720651321742e-05,-1.06720651321742e-05,-1.06720651321742e-05,-1.06720651321742e-05,-1.06720651321742e-05,-1.06720651321742e-05,-1.06720651321742e-05,-1.06772485584846e-05,-1.06874733082426e-05,-1.07641225450076e-05,-1.13456691802109e-05,-1.07501418256106e-05,-1.09572410034768e-05,-1.28099011258579e-05,-1.06420456423469e-05,-9.20223921241359e-06,-7.98861063155224e-06,2.4554252352497e-05,0.000100934732755794,0.000201483165767513,0.000313262416558283
-1.06720651321742e-05,-1.06720651321742e-05,-1.06720651321742e-05,-1.06720651321742e-05,-1.06720651321742e-05,-1.06720651321742e-05,-1.06720651321742e-05,-1.06720651321742e-05,-1.06720651321742e-05,-1.06720651321742e-05,-1.06720651321742e-05,-1.06720651321742e-05,-1.06720651321742e-05,-1.06720651321742e-05,-1.06720651321742e-05,-1.06720651321742e-05,-1.06720651321742e-05,-1.06720651321742e-05,-1.06720651321742e-05,-1.06720651321742e-05,-1.06720651321742e-05,-1.06720651321742e-05,-1.06807946328521e-05,-1.06979298825157e-05,-1.08267125947729e-05,-1.18045218509148e-05,-1.07985612932756e-05,-1.11491109455149e-05,-1.41873319724558e-05,-1.09195935076893e-05,-8.77877767303895e-06,-7.04639826096809e-06,4.15995904897197e-05,0.000140804488744569,0.0002721891239806,0.000427237202850961
-1.06720651321742e-05,-1.06720651321742e-05,-1.06720651321742e-05,-1.06720651321742e-05,-1.06720651321742e-05,-1.06720651321742e-05,-1.06720651321742e-05,-1.06720651321742e-05,-1.06720651321742e-05,-1.06720651321742e-05,-1.06720651321742e-05,-1.06720651321742e-05,-1.06720651321742e-05,-1.06720651321742e-05,-1.06720651321742e-05,-1.06720651321742e-05,-1.06720651321742e-05,-1.06720651321742e-05,-1.06720651321742e-05,-1.06720651321742e-05,-1.06720651321742e-05,-1.06720651321742e-05,-1.06851401994845e-05,-1.0710673025945e-05,-1.09030879751041e-05,-1.23651695436896e-05,-1.08537006894949e-05,-1.13682674519093e-05,-1.5763837940123e-05,-1.11669268524868e-05,-7.76362242902451e-06,-3.78174665627284e-06,6.43370875432462e-05,0.000193372607710292,0.000367577088080869,0.000576202180202283
-1.06720651321742e-05,-1.06720651321742e-05,-1.06720651321742e-05,-1.06720651321742e-05,-1.06720651321742e-05,-1.06720651321742e-05,-1.06720651321742e-05,-1.06720651321742e-05,-1.06720651321742e-05,-1.06720651321742e-05,-1.06720651321742e-05,-1.06720651321742e-05,-1.06720651321742e-05,-1.06720651321742e-05,-1.06720651321742e-05,-1.06720651321742e-05,-1.06720651321742e-05,-1.06720651321742e-05,-1.06720651321742e-05,-1.06720651321742e-05,-1.06720651321742e-05,-1.06720651321742e-05,-1.0690217312496e-05,-1.07254720442522e-05,-1.09919099742228e-05,-1.30181117441452e-05,-1.09128378549409e-05,-1.16022240661096e-05,-1.74593917402414e-05,-1.1318777576245e-05,-5.88100419255018e-06,2.93031259748962e-06,9.34034220923271e-05,0.000263420643789421,0.000493821045147532,0.000773772823824478
-1.06720651321742e-05,-1.06720651321742e-05,-1.06720651321742e-05,-1.06720651321742e-05,-1.06720651321742e-05,-1.06720651321742e-05,-1.06720651321742e-05,-1.06720651321742e-05,-1.06720651321742e-05,-1.06720651321742e-05,-1.06720651321742e-05,-1.06720651321742e-05,-1.06720651321742e-05,-1.06720651321742e-05,-1.06720651321742e-05,-1.06720651321742e-05,-1.06720651321742e-05,-1.06720651321742e-05,-1.06720651321742e-05,-1.06720651321742e-05,-1.06720651321742e-05,-1.06720651321742e-05,-1.06959580260006e-05,-1.07420962441059e-05,-1.10918398794032e-05,-1.37538479426288e-05,-1.09732506331284e-05,-1.18384943306182e-05,-1.91939660813508e-05,-1.13098775813114e-05,-2.85515367011158e-06,1.42147479162228e-05,0.000131014654989296,0.000358611708542374,0.00066533872463026,0.00103859907496447
-1.06720651321742e-05,-1.06720651321742e-05,-1.06720651321742e-05,-1.06720651321742e-05,-1.06720651321742e-05,-1.06720651321742e-05,-1.06720651321742e-05,-1.06720651321742e-05,-1.06720651321742e-05,-1.06720651321742e-05,-1.06720651321742e-05,-1.06720651321742e-05,-1.06720651321742e-05,-1.06720651321742e-05,-1.06720651321742e-05,-1.06720651321742e-05,-1.06720651321742e-05,-1.06720651321742e-05,-1.06720651321742e-05,-1.06720651321742e-05,-1.06720651321742e-05,-1.06720651321742e-05,-1.07022943950597e-05,-1.07603149312278e-05,-1.12015389769719e-05,-1.45628776275923e-05,-1.10322168675718e-05,-1.2064591793622e-05,-2.08875336710435e-05,-1.10749587681388e-05,1.58969842516399e-06,3.11965277129881e-05,0.000182107993804455,0.000486668883885955,0.000899058658810266,0.00138935491308795
-1.06720651321742e-05,-1.06720651321742e-05,-1.06720651321742e-05,-1.06720651321742e-05,-1.06720651321742e-05,-1.06720651321742e-05,-1.06720651321742e-05,-1.06720651321742e-05,-1.06720651321742e-05,-1.06720651321742e-05,-1.06720651321742e-05,-1.06720651321742e-05,-1.06720651321742e-05,-1.06720651321742e-05,-1.06720651321742e-05,-1.06720651321742e-05,-1.06720651321742e-05,-1.06720651321742e-05,-1.06720651321742e-05,-1.06720651321742e-05,-1.06720651321742e-05,-1.06720651321742e-05,-1.07091584747347e-05,-1.07798974122867e-05,-1.13196685551505e-05,-1.54357002874879e-05,-1.10870144008383e-05,-1.22680299957286e-05,-2.24600672216487e-05,-1.05487530390747e-05,7.72932138583352e-06,5.50006204046364e-05,0.000251670537088936,0.000655104882276684,0.00121188708769561,0.0018477339914161
-1.06720651321742e-05,-1.06720651321742e-05,-1.06720651321742e-05,-1.06720651321742e-05,-1.06720651321742e-05,-1.06720651321742e-05,-1.06720651321742e-05,-1.06720651321742e-05,-1.06720651321742e-05,-1.06720651321742e-05,-1.06720651321742e-05,-1.06720651321742e-05,-1.06720651321742e-05,-1.06720651321742e-05,-1.06720651321742e-05,-1.06720651321742e-05,-1.06720651321742e-05,-1.06720651321742e-05,-1.06720651321742e-05,-1.06720651321742e-05,-1.06720651321742e-05,-1.06720651321742e-05,-1.07164823181923e-05,-1.08006129920568e-05,-1.14448899021606e-05,-1.63628154098205e-05,-1.11349210736004e-05,-1.24363224822825e-05,-2.38315394369693e-05,-9.66599229457188e-06,1.58394845006645e-05,8.67519944051764e-05,0.000344689383391975,0.000877515615912709,0.00162437011285874,0.0024509776177742
-1.06720651321742e-05,-1.06720651321742e-05,-1.06720651321742e-05,-1.06720651321742e-05,-1.06720651321742e-05,-1.06720651321742e-05,-1.06720651321742e-05,-1.06720651321742e-05,-1.06720651321742e-05,-1.06720651321742e-05,-1.06720651321742e-05,-1.06720651321742e-05,-1.06720651321742e-05,-1.06720651321742e-05,-1.06720651321742e-05,-1.06720651321742e-05,-1.06720651321742e-05,-1.06720651321742e-05,-1.06720651321742e-05,-1.06720651321742e-05,-1.06720651321742e-05,-1.06720651321742e-05,-1.07241979814413e-05,-1.08222309800491e-05,-1.15758643043288e-05,-1.73347224839896e-05,-1.11732147303201e-05,-1.25569827976809e-05,-2.49219230312292e-05,-8.3614084379254e-06,2.61959570612665e-05,0.000127575618128617,0.000466069553214273,0.00117386301642171,0.00217147419641132,0.00324052568260621
-1.06720651321742e-05,-1.06720651321742e-05,-1.06720651321742e-05,-1.06720651321742e-05,-1.06720651321742e-05,-1.06720651321742e-05,-1.06720651321742e-05,-1.06720651321742e-05,-1.06720651321742e-05,-1.06720651321742e-05,-1.06720651321742e-05,-1.06720651321742e-05,-1.06720651321742e-05,-1.06720651321742e-05,-1.06720651321742e-05,-1.06720651321742e-05,-1.06720651321742e-05,-1.06720651321742e-05,-1.06720651321742e-05,-1.06720651321742e-05,-1.06720651321742e-05,-1.06720651321742e-05,-1.07322375176485e-05,-1.0844520679143e-05,-1.17112530498768e-05,-1.83419209975e-05,-1.11991732145119e-05,-1.26175244853736e-05,-2.56511907091787e-05,-6.63020640179942e-06,3.90540471338833e-05,0.000178543239511934,0.000623615887603061,0.00156421775555486,0.0028912738614063,0.00426250325524033
-1.06720651321742e-05,-1.06720651321742e-05,-1.06720651321742e-05,-1.06720651321742e-05,-1.06720651321742e-05,-1.06720651321742e-05,-1.06720651321742e-05,-1.06720651321742e-05,-1.06720651321742e-05,-1.06720651321742e-05,-1.06720651321742e-05,-1.06720651321742e-05,-1.06720651321742e-05,-1.06720651321742e-05,-1.06720651321742e-05,-1.06720651321742e-05,-1.06720651321742e-05,-1.06720651321742e-05,-1.06720651321742e-05,-1.06720651321742e-05,-1.06720651321742e-05,-1.06720651321742e-05,-1.07405329809277e-05,-1.08672513979021e-05,-1.18497174241838e-05,-1.93749104397511e-05,-1.12100743659009e-05,-1.26054610907052e-05,-2.59393151821996e-05,-5.76013286490706e-06,5.46487918105261e-05,0.000241255953415968,0.000831870931883335,0.00207056300463933,0.00382622340707239,0.00557994021032565
-1.06720651321742e-05,-1.06720651321742e-05,-1.06720651321742e-05,-1.06720651321742e-05,-1.06720651321742e-05,-1.06720651321742e-05,-1.06720651321742e-05,-1.06720651321742e-05,-1.06720651321742e-05,-1.06720651321742e-05,-1.06720651321742e-05,-1.06720651321742e-05,-1.06720651321742e-05,-1.06720651321742e-05,-1.06720651321742e-05,-1.06720651321742e-05,-1.06720651321742e-05,-1.06720651321742e-05,-1.06720651321742e-05,-1.06720651321742e-05,-1.06720651321742e-05,-1.06720651321742e-05,-1.07490164272879e-05,-1.08901924411005e-05,-1.19899187183137e-05,-2.04241902982479e-05,-1.1203196028949e-05,-1.25083061571255e-05,-2.57062691588317e-05,-5.47469574219879e-06,7.48280606311861e-05,0.000323022171822155,0.00110608457344578,0.00273098008621938,0.00503804289819338,0.00726618842985829
-1.06720651321742e-05,-1.06720651321742e-05,-1.06720651321742e-05,-1.06720651321742e-05,-1.06720651321742e-05,-1.06720651321742e-05,-1.06720651321742e-05,-1.06720651321742e-05,-1.06720651321742e-05,-1.06720651321742e-05,-1.06720651321742e-05,-1.06720651321742e-05,-1.06720651321742e-05,-1.06720651321742e-05,-1.06720651321742e-05,-1.06720651321742e-05,-1.06720651321742e-05,-1.06720651321742e-05,-1.06720651321742e-05,-1.06720651321742e-05,-1.06720651321742e-05,-1.06720651321742e-05,-1.07576199108432e-05,-1.09131131154072e-05,-1.2130518218593e-05,-2.14802600614424e-05,-1.11758160462235e-05,-1.23135732280844e-05,-2.48720253476146e-05,-4.67663195138357e-06,0.000101884363226645,0.000432539808359896,0.00146113258431721,0.00358832854269527,0.00659324038974679,0.009402962102241
-1.06720651321742e-05,-1.06720651321742e-05,-1.06720651321742e-05,-1.06720651321742e-05,-1.06720651321742e-05,-1.06720651321742e-05,-1.06720651321742e-05,-1.06720651321742e-05,-1.06720651321742e-05,-1.06720651321742e-05,-1.06720651321742e-05,-1.06720651321742e-05,-1.06720651321742e-05,-1.06720651321742e-05,-1.06720651321742e-05,-1.06720651321742e-05,-1.06720651321742e-05,-1.06720651321742e-05,-1.06720651321742e-05,-1.06720651321742e-05,-1.06720651321742e-05,-1.06720651321742e-05,-1.07662754857074e-05,-1.0935782727491e-05,-1.22701772104013e-05,-2.25336192187342e-05,-1.11252122612389e-05,-1.20087758479788e-05,-2.33565564570881e-05,-2.26867841395991e-06,0.000138110209223896,0.000578506776665222,0.00191714590787152,0.00468555686113727,0.00856265848787435,0.0120918345842019
-1.06720651321742e-05,-1.06720651321742e-05,-1.06720651321742e-05,-1.06720651321742e-05,-1.06720651321742e-05,-1.06720651321742e-05,-1.06720651321742e-05,-1.06720651321742e-05,-1.06720651321742e-05,-1.06720651321742e-05,-1.06720651321742e-05,-1.06720651321742e-05,-1.06720651321742e-05,-1.06720651321742e-05,-1.06720651321742e-05,-1.06720651321742e-05,-1.06720651321742e-05,-1.06720651321742e-05,-1.06720651321742e-05,-1.06720651321742e-05,-1.06720651321742e-05,-1.06720651321742e-05,-1.07749152078895e-05,-1.09579705821261e-05,-1.24075569838548e-05,-2.35747672576281e-05,-1.10486625137203e-05,-1.1581427563101e-05,-2.10798351967393e-05,2.84642795236323e-06,0.000185798108253721,0.000769620990370375,0.00250681596140983,0.00607725261948057,0.0110378572533771,0.0154390007072143
-1.06720651321742e-05,-1.06720651321742e-05,-1.06720651321742e-05,-1.06720651321742e-05,-1.06720651321742e-05,-1.06720651321742e-05,-1.06720651321742e-05,-1.06720651321742e-05,-1.06720651321742e-05,-1.06720651321742e-05,-1.06720651321742e-05,-1.06720651321742e-05,-1.06720651321742e-05,-1.06720651321742e-05,-1.06720651321742e-05,-1.06720651321742e-05,-1.06720651321742e-05,-1.06720651321742e-05,-1.06720651321742e-05,-1.06720651321742e-05,-1.06720651321742e-05,-1.06720651321742e-05,-1.07834711286614e-05,-1.09794459878761e-05,-1.25413188243328e-05,-2.45942036665762e-05,-1.09434446500245e-05,-1.10190419150058e-05,-1.79618342760553e-05,1.17659502270347e-05,0.000247238931114187,0.00101460884421272,0.00326392202834522,0.00783547690990834,0.0141164089951644,0.0195578019227118
-1.06720651321742e-05,-1.06720651321742e-05,-1.06720651321742e-05,-1.06720651321742e-05,-1.06720651321742e-05,-1.06720651321742e-05,-1.06720651321742e-05,-1.06720651321742e-05,-1.06720651321742e-05,-1.06720651321742e-05,-1.06720651321742e-05,-1.06720651321742e-05,-1.06720651321742e-05,-1.06720651321742e-05,-1.06720651321742e-05,-1.06720651321742e-05,-1.06720651321742e-05,-1.06720651321742e-05,-1.06720651321742e-05,-1.06720651321742e-05,-1.06720651321742e-05,-1.06720651321742e-05,-1.07918753059266e-05,-1.09999782495152e-05,-1.2670124020057e-05,-2.55824279340307e-05,-1.08068365098764e-05,-1.03091324499853e-05,-1.39225264035758e-05,2.55871514913982e-05,0.000323493480695447,0.00132627359996699,0.00422266064839031,0.0100337581753394,0.0179009019596255,0.0245681527876457
-1.06720651321742e-05,-1.06720651321742e-05,-1.06720651321742e-05,-1.06720651321742e-05,-1.06720651321742e-05,-1.06720651321742e-05,-1.06720651321742e-05,-1.06720651321742e-05,-1.06720651321742e-05,-1.06720651321742e-05,-1.06720651321742e-05,-1.06720651321742e-05,-1.06720651321742e-05,-1.06720651321742e-05,-1.06720651321742e-05,-1.06720651321742e-05,-1.06720651321742e-05,-1.06720651321742e-05,-1.06720651321742e-05,-1.06720651321742e-05,-1.06720651321742e-05,-1.06720651321742e-05,-1.08000597919045e-05,-1.10193366737121e-05,-1.27926338592488e-05,-2.65299395493912e-05,-1.06361159367907e-05,-9.43921270864697e-06,-8.88188428784057e-06,4.54072948249025e-05,0.00042026700589588,0.00172569906837244,0.0054290256048148,0.0127536083304202,0.0224990442848584,0.0305803234304837
-1.06720651321742e-05,-1.06720651321742e-05,-1.06720651321742e-05,-1.06720651321742e-05,-1.06720651321742e-05,-1.06720651321742e-05,-1.06720651321742e-05,-1.06720651321742e-05,-1.06720651321742e-05,-1.06720651321742e-05,-1.06720651321742e-05,-1.06720651321742e-05,-1.06720651321742e-05,-1.06720651321742e-05,-1.06720651321742e-05,-1.06720651321742e-05,-1.06720651321742e-05,-1.06720651321742e-05,-1.06720651321742e-05,-1.06720651321742e-05,-1.06720651321742e-05,-1.06720651321742e-05,-1.08079566426037e-05,-1.10372905671359e-05,-1.29075096282349e-05,-2.74272380001624e-05,-1.04285607742819e-05,-8.3967962391777e-06,-2.75988063738926e-06,7.23236433098388e-05,0.000546462121120802,0.00223497297885634,0.00694104425018149,0.0160867942346243,0.0280152375622919,0.0376891342663034
-1.06720651321742e-05,-1.06720651321742e-05,-1.06720651321742e-05,-1.06720651321742e-05,-1.06720651321742e-05,-1.06720651321742e-05,-1.06720651321742e-05,-1.06720651321742e-05,-1.06720651321742e-05,-1.06720651321742e-05,-1.06720651321742e-05,-1.06720651321742e-05,-1.06720651321742e-05,-1.06720651321742e-05,-1.06720651321742e-05,-1.06720651321742e-05,-1.06720651321742e-05,-1.06720651321742e-05,-1.06720651321742e-05,-1.06720651321742e-05,-1.06720651321742e-05,-1.06720651321742e-05,-1.08154979111911e-05,-1.10536092336133e-05,-1.30134126161844e-05,-2.82648227738491e-05,-1.01814488630225e-05,-7.16939658502724e-06,4.52351183829099e-06,0.000107433460026603,0.000710981440771737,0.00287637287850941,0.00881733549056586,0.0201258212843167,0.0345374384578093,0.0459714717744892
-1.06720651321742e-05,-1.06720651321742e-05,-1.06720651321742e-05,-1.06720651321742e-05,-1.06720651321742e-05,-1.06720651321742e-05,-1.06720651321742e-05,-1.06720651321742e-05,-1.06720651321742e-05,-1.06720651321742e-05,-1.06720651321742e-05,-1.06720651321742e-05,-1.06720651321742e-05,-1.06720651321742e-05,-1.06720651321742e-05,-1.06720651321742e-05,-1.06720651321742e-05,-1.06720651321742e-05,-1.06720651321742e-05,-1.06720651321742e-05,-1.06720651321742e-05,-1.06720651321742e-05,-1.08226156546228e-05,-1.10680619826553e-05,-1.31090041084766e-05,-2.90331933617457e-05,-9.89205804842186e-06,-5.74452728775062e-06,1.30483204297131e-05,0.000151834008054645,0.000922727579255896,0.00368010767355334,0.0111217653321319,0.024957370928693,0.0421427479937089,0.0554518361339944
-1.06720651321742e-05,-1.06720651321742e-05,-1.06720651321742e-05,-1.06720651321742e-05,-1.06720651321742e-05,-1.06720651321742e-05,-1.06720651321742e-05,-1.06720651321742e-05,-1.06720651321742e-05,-1.06720651321742e-05,-1.06720651321742e-05,-1.06720651321742e-05,-1.06720651321742e-05,-1.06720651321742e-05,-1.06720651321742e-05,-1.06720651321742e-05,-1.06720651321742e-05,-1.06720651321742e-05,-1.06720651321742e-05,-1.06720651321742e-05,-1.06720651321742e-05,-1.06720651321742e-05,-1.08292419241707e-05,-1.1080418119036e-05,-1.31929453923855e-05,-2.97228492485146e-05,-9.55766617020496e-06,-4.12704578991452e-06,2.2906801760314e-05,0.000206643918182673,0.0011906031509767,0.00468362612253562,0.0139252341273893,0.030663075094832,0.0508602031671813,0.0661321538923365
-1.06720651321742e-05,-1.06720651321742e-05,-1.06720651321742e-05,-1.06720651321742e-05,-1.06720651321742e-05,-1.06720651321742e-05,-1.06720651321742e-05,-1.06720651321742e-05,-1.06720651321742e-05,-1.06720651321742e-05,-1.06720651321742e-05,-1.06720651321742e-05,-1.06720651321742e-05,-1.06720651321742e-05,-1.06720651321742e-05,-1.06720651321742e-05,-1.06720651321742e-05,-1.06720651321742e-05,-1.06720651321742e-05,-1.06720651321742e-05,-1.06720651321742e-05,-1.06720651321742e-05,-1.0835308776791e-05,-1.1090446948477e-05,-1.3263897758975e-05,-3.03242899254504e-05,-9.17555107378121e-06,-2.60018463317617e-06,3.47176020028428e-05,0.000274569136762655,0.00152469404516277,0.00592369393046681,0.0172989756653493,0.0373047178856979,0.0606984891390795,0.0779456550687153
-1.06720651321742e-05,-1.06720651321742e-05,-1.06720651321742e-05,-1.06720651321742e-05,-1.06720651321742e-05,-1.06720651321742e-05,-1.06720651321742e-05,-1.06720651321742e-05,-1.06720651321742e-05,-1.06720651321742e-05,-1.06720651321742e-05,-1.06720651321742e-05,-1.06720651321742e-05,-1.06720651321742e-05,-1.06720651321742e-05,-1.06720651321742e-05,-1.06720651321742e-05,-1.06720651321742e-05,-1.06720651321742e-05,-1.06720651321742e-05,-1.06720651321742e-05,-1.06720651321742e-05,-1.08407482656503e-05,-1.10979177776471e-05,-1.33205224917295e-05,-3.08280148800577e-05,-8.7437897008158e-06,-1.00880587202331e-06,4.96089284856301e-05,0.000360861542290536,0.00194223146114325,0.0074410403341299,0.0213117202916076,0.044927033054203,0.0716334002581258,0.090822526519896
-1.06720651321742e-05,-1.06720651321742e-05,-1.06720651321742e-05,-1.06720651321742e-05,-1.06720651321742e-05,-1.06720651321742e-05,-1.06720651321742e-05,-1.06720651321742e-05,-1.06720651321742e-05,-1.06720651321742e-05,-1.06720651321742e-05,-1.06720651321742e-05,-1.06720651321742e-05,-1.06720651321742e-05,-1.06720651321742e-05,-1.06720651321742e-05,-1.06720651321742e-05,-1.06720651321742e-05,-1.06720651321742e-05,-1.06720651321742e-05,-1.06720651321742e-05,-1.06720651321742e-05,-1.08454924458101e-05,-1.11025999122679e-05,-1.33614808807655e-05,-3.12245236007887e-05,-8.41111622378321e-06,9.89228320236179e-07,6.86959710274474e-05,0.000470990597619902,0.00246308876587496,0.00928444574960186,0.0260272253954848,0.0535542530526792,0.083592651468021,0.10464795470529
-1.06720651321742e-05,-1.06720651321742e-05,-1.06720651321742e-05,-1.06720651321742e-05,-1.06720651321742e-05,-1.06720651321742e-05,-1.06720651321742e-05,-1.06720651321742e-05,-1.06720651321742e-05,-1.06720651321742e-05,-1.06720651321742e-05,-1.06720651321742e-05,-1.06720651321742e-05,-1.06720651321742e-05,-1.06720651321742e-05,-1.06720651321742e-05,-1.06720651321742e-05,-1.06720651321742e-05,-1.06720651321742e-05,-1.06720651321742e-05,-1.06720651321742e-05,-1.06720651321742e-05,-1.08494733713845e-05,-1.1104262660903e-05,-1.33854342105148e-05,-3.15043155742008e-05,-8.21478401462627e-06,3.73605577029442e-06,9.30939194546454e-05,0.000610425765604343,0.00310714243412823,0.0115038718842707,0.0315029287694974,0.0631547633593745,0.0964868605690829,0.119271163936547
-1.06720651321742e-05,-1.06720651321742e-05,-1.06720651321742e-05,-1.06720651321742e-05,-1.06720651321742e-05,-1.06720651321742e-05,-1.06720651321742e-05,-1.06720651321742e-05,-1.06720651321742e-05,-1.06720651321742e-05,-1.06720651321742e-05,-1.06720651321742e-05,-1.06720651321742e-05,-1.06720651321742e-05,-1.06720651321742e-05,-1.06720651321742e-05,-1.06720651321742e-05,-1.06720651321742e-05,-1.06720651321742e-05,-1.06720651321742e-05,-1.06720651321742e-05,-1.06720651321742e-05,-1.08526230974348e-05,-1.11026753273791e-05,-1.33910437710938e-05,-3.16578902925357e-05,-8.04693477884181e-06,7.57381430484353e-06,0.000123917963592627,0.000784635895323997,0.00389514430692562,0.0141487494559508,0.0377701865073533,0.073687851697225,0.110170806615765,0.134525886033734
-1.06720651321742e-05,-1.06720651321742e-05,-1.06720651321742e-05,-1.06720651321742e-05,-1.06720651321742e-05,-1.06720651321742e-05,-1.06720651321742e-05,-1.06720651321742e-05,-1.06720651321742e-05,-1.06720651321742e-05,-1.06720651321742e-05,-1.06720651321742e-05,-1.06720651321742e-05,-1.06720651321742e-05,-1.06720651321742e-05,-1.06720651321742e-05,-1.06720651321742e-05,-1.06720651321742e-05,-1.06720651321742e-05,-1.06720651321742e-05,-1.06720651321742e-05,-1.06720651321742e-05,-1.08548736780752e-05,-1.10976072183651e-05,-1.33769708497766e-05,-3.16757472414035e-05,-7.79971021718969e-06,1.28446417505756e-05,0.000162253038517216,0.000999129413298761,0.0048533961859808,0.0172672480549058,0.044852913992104,0.085086137751936,0.124498395858911,0.150257468854956
-1.06720651321742e-05,-1.06720651321742e-05,-1.06720651321742e-05,-1.06720651321742e-05,-1.06720651321742e-05,-1.06720651321742e-05,-1.06720651321742e-05,-1.06720651321742e-05,-1.06720651321742e-05,-1.06720651321742e-05,-1.06720651321742e-05,-1.06720651321742e-05,-1.06720651321742e-05,-1.06720651321742e-05,-1.06720651321742e-05,-1.06720651321742e-05,-1.06720651321742e-05,-1.06720651321742e-05,-1.06720651321742e-05,-1.06720651321742e-05,-1.06720651321742e-05,-1.06720651321742e-05,-1.08561571693144e-05,-1.108882764053e-05,-1.33418767338374e-05,-3.15483859102036e-05,-7.36525203516673e-06,1.98906759313407e-05,0.000209132151272229,0.00126353584563693,0.00601074015987516,0.0209074494907488,0.0527545547664602,0.0972315760880718,0.139323837899699,0.166345072423035
-1.06720651321742e-05,-1.06720651321742e-05,-1.06720651321742e-05,-1.06720651321742e-05,-1.06720651321742e-05,-1.06720651321742e-05,-1.06720651321742e-05,-1.06720651321742e-05,-1.06720651321742e-05,-1.06720651321742e-05,-1.06720651321742e-05,-1.06720651321742e-05,-1.06720651321742e-05,-1.06720651321742e-05,-1.06720651321742e-05,-1.06720651321742e-05,-1.06720651321742e-05,-1.06720651321742e-05,-1.06720651321742e-05,-1.06720651321742e-05,-1.06720651321742e-05,-1.06720651321742e-05,-1.08564056224244e-05,-1.10761058995953e-05,-1.3284422709603e-05,-3.12663057864408e-05,-6.63570193448019e-06,2.9054054676673e-05,0.000267235277170622,0.00158936447618601,0.00739664314187773,0.0251134872179345,0.0614489708230915,0.110024628739725,0.154525392004582,0.18269723875552
-1.06720651321742e-05,-1.06720651321742e-05,-1.06720651321742e-05,-1.06720651321742e-05,-1.06720651321742e-05,-1.06720651321742e-05,-1.06720651321742e-05,-1.06720651321742e-05,-1.06720651321742e-05,-1.06720651321742e-05,-1.06720651321742e-05,-1.06720651321742e-05,-1.06720651321742e-05,-1.06720651321742e-05,-1.06720651321742e-05,-1.06720651321742e-05,-1.06720651321742e-05,-1.06720651321742e-05,-1.06720651321742e-05,-1.06720651321742e-05,-1.06720651321742e-05,-1.06720651321742e-05,-1.08555510953086e-05,-1.10592113031771e-05,-1.32032700652947e-05,-3.08200063595147e-05,-5.50320161967951e-06,4.06769158104225e-05,0.000339661001960205,0.00198812458879255,0.0090417889389253,0.0299177059231814,0.0709079628965137,0.123356280301311,0.17000800713102,0.199266417852886
-1.06720651321742e-05,-1.06720651321742e-05,-1.06720651321742e-05,-1.06720651321742e-05,-1.06720651321742e-05,-1.06720651321742e-05,-1.06720651321742e-05,-1.06720651321742e-05,-1.06720651321742e-05,-1.06720651321742e-05,-1.06720651321742e-05,-1.06720651321742e-05,-1.06720651321742e-05,-1.06720651321742e-05,-1.06720651321742e-05,-1.06720651321742e-05,-1.06720651321742e-05,-1.06720651321742e-05,-1.06720651321742e-05,-1.06720651321742e-05,-1.06720651321742e-05,-1.06720651321742e-05,-1.08535256401865e-05,-1.10379131551023e-05,-1.30970800881869e-05,-3.01999871169301e-05,-3.85989279341933e-06,5.51013971611762e-05,0.000429507911387835,0.00247132546730503,0.0109793856509166,0.0353502350660676,0.0810964760279764,0.137118531963498,0.185686391945262,0.216031533828548
-1.06720651321742e-05,-1.06720651321742e-05,-1.06720651321742e-05,-1.06720651321742e-05,-1.06720651321742e-05,-1.06720651321742e-05,-1.06720651321742e-05,-1.06720651321742e-05,-1.06720651321742e-05,-1.06720651321742e-05,-1.06720651321742e-05,-1.06720651321742e-05,-1.06720651321742e-05,-1.06720651321742e-05,-1.06720651321742e-05,-1.06720651321742e-05,-1.06720651321742e-05,-1.06720651321742e-05,-1.06720651321742e-05,-1.06720651321742e-05,-1.06720651321742e-05,-1.06720651321742e-05,-1.08502613121194e-05,-1.10119807648819e-05,-1.29645140674484e-05,-2.93967475490338e-05,-1.59791715930169e-06,7.26696365527838e-05,0.000539874591203215,0.00305076643996453,0.0132429408059608,0.041431667793241,0.0919334930049208,0.151196097285125,0.201502377662529,0.233008353071698
-1.06720651321742e-05,-1.06720651321742e-05,-1.06720651321742e-05,-1.06720651321742e-05,-1.06720651321742e-05,-1.06720651321742e-05,-1.06720651321742e-05,-1.06720651321742e-05,-1.06720651321742e-05,-1.06720651321742e-05,-1.06720651321742e-05,-1.06720651321742e-05,-1.06720651321742e-05,-1.06720651321742e-05,-1.06720651321742e-05,-1.06720651321742e-05,-1.06720651321742e-05,-1.06720651321742e-05,-1.06720651321742e-05,-1.06720651321742e-05,-1.06720651321742e-05,-1.06720651321742e-05,-1.08456901680635e-05,-1.09811834353953e-05,-1.28042332875111e-05,-2.84007871423834e-05,1.39058358001876e-06,9.37004529059019e-05,0.000673830347196258,0.00374197037763129,0.0158659236952635,0.0481596857718804,0.103334464728594,0.1654907306256,0.217465721428508,0.250274164493592
-1.06720651321742e-05,-1.06720651321742e-05,-1.06720651321742e-05,-1.06720651321742e-05,-1.06720651321742e-05,-1.06720651321742e-05,-1.06720651321742e-05,-1.06720651321742e-05,-1.06720651321742e-05,-1.06720651321742e-05,-1.06720651321742e-05,-1.06720651321742e-05,-1.06720651321742e-05,-1.06720651321742e-05,-1.06720651321742e-05,-1.06720651321742e-05,-1.06720651321742e-05,-1.06720651321742e-05,-1.06720651321742e-05,-1.06720651321742e-05,-1.06720651321742e-05,-1.06720651321742e-05,-1.08397442583434e-05,-1.09452904752061e-05,-1.26148990384915e-05,-2.72026053854309e-05,5.21346771999257e-06,0.000118459111025497,0.0008348335046558,0.00456274645180296,0.0188787979996666,0.0555281398257146,0.115206561268432,0.179929693559276,0.23359491930962,0.267912303583937
-1.06720651321742e-05,-1.06720651321742e-05,-1.06720651321742e-05,-1.06720651321742e-05,-1.06720651321742e-05,-1.06720651321742e-05,-1.06720651321742e-05,-1.06720651321742e-05,-1.06720651321742e-05,-1.06720651321742e-05,-1.06720651321742e-05,-1.06720651321742e-05,-1.06720651321742e-05,-1.06720651321742e-05,-1.06720651321742e-05,-1.06720651321742e-05,-1.06720651321742e-05,-1.06720651321742e-05,-1.06720651321742e-05,-1.06720651321742e-05,-1.06720651321742e-05,-1.06720651321742e-05,-1.08323556399152e-05,-1.09040711890884e-05,-1.23951726067162e-05,-2.57927017675759e-05,9.97859355796512e-06,0.000148319235176094,0.00102881430762144,0.0055309278116539,0.0223089671843117,0.063528800354383,0.127470154267999,0.194476012792616,0.249945404257622,0.286035431180051
-1.06720651321742e-05,-1.06720651321742e-05,-1.06720651321742e-05,-1.06720651321742e-05,-1.06720651321742e-05,-1.06720651321742e-05,-1.06720651321742e-05,-1.06720651321742e-05,-1.06720651321742e-05,-1.06720651321742e-05,-1.06720651321742e-05,-1.06720651321742e-05,-1.06720651321742e-05,-1.06720651321742e-05,-1.06720651321742e-05,-1.06720651321742e-05,-1.06720651321742e-05,-1.06720651321742e-05,-1.06720651321742e-05,-1.06720651321742e-05,-1.06720651321742e-05,-1.06720651321742e-05,-1.08234563659456e-05,-1.08572948846586e-05,-1.21437152794594e-05,-2.41615757753758e-05,1.57938193903343e-05,0.000184931126201112,0.0012621979310012,0.00666434755834852,0.0261836531195295,0.0721260114138801,0.140042953986579,0.209118568280411,0.266603929260831,0.304768708047511
-1.06720651321742e-05,-1.06720651321742e-05,-1.06720651321742e-05,-1.06720651321742e-05,-1.06720651321742e-05,-1.06720651321742e-05,-1.06720651321742e-05,-1.06720651321742e-05,-1.06720651321742e-05,-1.06720651321742e-05,-1.06720651321742e-05,-1.06720651321742e-05,-1.06720651321742e-05,-1.06720651321742e-05,-1.06720651321742e-05,-1.06720651321742e-05,-1.06720651321742e-05,-1.06720651321742e-05,-1.06720651321742e-05,-1.06720651321742e-05,-1.06720651321742e-05,-1.06720651321742e-05,-1.08129784933908e-05,-1.08047308657433e-05,-1.18591883439952e-05,-2.22997268991776e-05,2.2767003515393e-05,0.000229945084943021,0.00154140954970596,0.00798144124222991,0.0305247992254626,0.0812820729899793,0.152847712104685,0.223858320718583,0.283692760681603,0.324255231539504
-1.06720651321742e-05,-1.06720651321742e-05,-1.06720651321742e-05,-1.06720651321742e-05,-1.06720651321742e-05,-1.06720651321742e-05,-1.06720651321742e-05,-1.06720651321742e-05,-1.06720651321742e-05,-1.06720651321742e-05,-1.06720651321742e-05,-1.06720651321742e-05,-1.06720651321742e-05,-1.06720651321742e-05,-1.06720651321742e-05,-1.06720651321742e-05,-1.06720651321742e-05,-1.06720651321742e-05,-1.06720651321742e-05,-1.06720651321742e-05,-1.06720651321742e-05,-1.06720651321742e-05,-1.08008540754175e-05,-1.07461484418536e-05,-1.15402530894926e-05,-2.01976546283807e-05,3.10060042266969e-05,0.000285011412242397,0.00187287433864469,0.00950285536263114,0.035346175528259,0.0909524615205584,0.16581545764447,0.238738357299029,0.301334248910341,0.344578393112489
-1.06720651321742e-05,-1.06720651321742e-05,-1.06720651321742e-05,-1.06720651321742e-05,-1.06720651321742e-05,-1.06720651321742e-05,-1.06720651321742e-05,-1.06720651321742e-05,-1.06720651321742e-05,-1.06720651321742e-05,-1.06720651321742e-05,-1.06720651321742e-05,-1.06720651321742e-05,-1.06720651321742e-05,-1.06720651321742e-05,-1.06720651321742e-05,-1.06720651321742e-05,-1.06720651321742e-05,-1.06720651321742e-05,-1.06720651321742e-05,-1.06720651321742e-05,-1.06720651321742e-05,-1.07870151661397e-05,-1.06813169177637e-05,-1.11855708013309e-05,-1.78458584485952e-05,4.05240070629513e-05,0.000351780408943606,0.00226292868131092,0.0112497402196359,0.0406608556091716,0.101077059341394,0.178893999003014,0.253829923544924,0.319657681681146,0.365818746284326
-1.06720651321742e-05,-1.06720651321742e-05,-1.06720651321742e-05,-1.06720651321742e-05,-1.06720651321742e-05,-1.06720651321742e-05,-1.06720651321742e-05,-1.06720651321742e-05,-1.06720651321742e-05,-1.06720651321742e-05,-1.06720651321742e-05,-1.06720651321742e-05,-1.06720651321742e-05,-1.06720651321742e-05,-1.06720651321742e-05,-1.06720651321742e-05,-1.06720651321742e-05,-1.06720651321742e-05,-1.06720651321742e-05,-1.06720651321742e-05,-1.06720651321742e-05,-1.06720651321742e-05,-1.07713938196715e-05,-1.0610005599195e-05,-1.07938027677316e-05,-1.52348378492206e-05,5.13755743734616e-05,0.000431902375888171,0.00271983923527159,0.0132432461133305,0.046478625723977,0.111599381130591,0.192061575052392,0.269223805240346,0.338785522397483,0.388022392199143
-1.06720651321742e-05,-1.06720651321742e-05,-1.06720651321742e-05,-1.06720651321742e-05,-1.06720651321742e-05,-1.06720651321742e-05,-1.06720651321742e-05,-1.06720651321742e-05,-1.06720651321742e-05,-1.06720651321742e-05,-1.06720651321742e-05,-1.06720651321742e-05,-1.06720651321742e-05,-1.06720651321742e-05,-1.06720651321742e-05,-1.06720651321742e-05,-1.06720651321742e-05,-1.06720651321742e-05,-1.06720651321742e-05,-1.06720651321742e-05,-1.06720651321742e-05,-1.06720651321742e-05,-1.07539220920216e-05,-1.05319837928164e-05,-1.03636102759689e-05,-1.23550923196566e-05,6.42423526329594e-05,0.000527027504239186,0.00325422669609263,0.0155043913948437,0.0527927610855111,0.122455418608432,0.205313960705557,0.285015760740507,0.358812544158506,0.411125089068969
-1.06720651321742e-05,-1.06720651321742e-05,-1.06720651321742e-05,-1.06720651321742e-05,-1.06720651321742e-05,-1.06720651321742e-05,-1.06720651321742e-05,-1.06720651321742e-05,-1.06720651321742e-05,-1.06720651321742e-05,-1.06720651321742e-05,-1.06720651321742e-05,-1.06720651321742e-05,-1.06720651321742e-05,-1.06720651321742e-05,-1.06720651321742e-05,-1.06720651321742e-05,-1.06720651321742e-05,-1.06720651321742e-05,-1.06720651321742e-05,-1.06720651321742e-05,-1.06720651321742e-05,-1.07345320363568e-05,-1.04470208052968e-05,-9.89365461426435e-06,-9.19712134646034e-06,7.98473637729558e-05,0.000638841055358815,0.00387678473321008,0.0180535284816974,0.0595920873899341,0.133589679887436,0.218656981938095,0.301332297764566,0.379762248208507,0.435061272202947
-1.06720651321742e-05,-1.06720651321742e-05,-1.06720651321742e-05,-1.06720651321742e-05,-1.06720651321742e-05,-1.06720651321742e-05,-1.06720651321742e-05,-1.06720651321742e-05,-1.06720651321742e-05,-1.06720651321742e-05,-1.06720651321742e-05,-1.06720651321742e-05,-1.06720651321742e-05,-1.06720651321742e-05,-1.06720651321742e-05,-1.06720651321742e-05,-1.06720651321742e-05,-1.06720651321742e-05,-1.06720651321742e-05,-1.06720651321742e-05,-1.06720651321742e-05,-1.06720651321742e-05,-1.07131557077385e-05,-1.03548859414104e-05,-9.38259706989205e-06,-5.75142441997893e-06,9.89136297278037e-05,0.000770552923044458,0.00459820701606191,0.0209108028482926,0.0668683657829538,0.1449551684335,0.232107564455997,0.318285634252969,0.401644871764675,0.459745068592421
-1.06720651321742e-05,-1.06720651321742e-05,-1.06720651321742e-05,-1.06720651321742e-05,-1.06720651321742e-05,-1.06720651321742e-05,-1.06720651321742e-05,-1.06720651321742e-05,-1.06720651321742e-05,-1.06720651321742e-05,-1.06720651321742e-05,-1.06720651321742e-05,-1.06720651321742e-05,-1.06720651321742e-05,-1.06720651321742e-05,-1.06720651321742e-05,-1.06720651321742e-05,-1.06720651321742e-05,-1.06720651321742e-05,-1.06720651321742e-05,-1.06720651321742e-05,-1.06720651321742e-05,-1.06897251602807e-05,-1.02553485087734e-05,-8.82909893012614e-06,-2.0085010277171e-06,0.000122164172428067,0.000926064477261927,0.00542918487365019,0.0240963597936021,0.0746128195425134,0.156498707306187,0.245698875185289,0.335969328668965,0.424432741378422,0.484879421213874
-1.06720651321742e-05,-1.06720651321742e-05,-1.06720651321742e-05,-1.06720651321742e-05,-1.06720651321742e-05,-1.06720651321742e-05,-1.06720651321742e-05,-1.06720651321742e-05,-1.06720651321742e-05,-1.06720651321742e-05,-1.06720651321742e-05,-1.06720651321742e-05,-1.06720651321742e-05,-1.06720651321742e-05,-1.06720651321742e-05,-1.06720651321742e-05,-1.06720651321742e-05,-1.06720651321742e-05,-1.06720965618479e-05,-1.06721156555523e-05,-1.06722654805935e-05,-1.0673314349674e-05,-1.06726949051487e-05,-1.0151306090241e-05,-8.25310476860371e-06,2.03938790358886e-06,0.000150303870591983,0.00110927140257407,0.00638100918298505,0.0276287814051576,0.0827974057376281,0.168177258315907,0.259498985087244,0.354469909940655,0.447976795316285,0.510247647101755
-1.06720651321742e-05,-1.06720651321742e-05,-1.06720651321742e-05,-1.06720651321742e-05,-1.06720651321742e-05,-1.06720651321742e-05,-1.06720651321742e-05,-1.06720651321742e-05,-1.06720651321742e-05,-1.06720651321742e-05,-1.06720651321742e-05,-1.06720651321742e-05,-1.06720651321742e-05,-1.06720651321742e-05,-1.06720651321742e-05,-1.06720651321742e-05,-1.06720651321742e-05,-1.06720651321742e-05,-1.06726428991048e-05,-1.06729871921137e-05,-1.06757184852313e-05,-1.06948963737826e-05,-1.0792410932936e-05,-1.00876770668871e-05,-7.95977179658773e-06,6.45040952917952e-06,0.000183777006816399,0.00132399071703162,0.00746588089458555,0.0315209251206009,0.0913881044554349,0.179951385711315,0.27358774056674,0.373853389286773,0.47210903900833,0.535588036161072
-1.06720651321742e-05,-1.06720651321742e-05,-1.06720651321742e-05,-1.06720651321742e-05,-1.06720651321742e-05,-1.06720651321742e-05,-1.06720651321742e-05,-1.06720651321742e-05,-1.06720651321742e-05,-1.06720651321742e-05,-1.06720651321742e-05,-1.06720651321742e-05,-1.06720651321742e-05,-1.06720651321742e-05,-1.06720651321742e-05,-1.06720651321742e-05,-1.06720651321742e-05,-1.06720651321742e-05,-1.06738348335966e-05,-1.06748679172597e-05,-1.0683160421839e-05,-1.07415706310121e-05,-1.10819960752906e-05,-1.00675423055918e-05,-7.96808563355474e-06,1.14737552905808e-05,0.00022323234231294,0.00157411028320951,0.00869806216221415,0.0357864886408445,0.100353159546881,0.191798486608588,0.288038878180944,0.394140281256223,0.496655649773215,0.560640963757124
-1.06720651321742e-05,-1.06720651321742e-05,-1.06720651321742e-05,-1.06720651321742e-05,-1.06720651321742e-05,-1.06720651321742e-05,-1.06720651321742e-05,-1.06720651321742e-05,-1.06720651321742e-05,-1.06720651321742e-05,-1.06720651321742e-05,-1.06720651321742e-05,-1.06720651321742e-05,-1.06720651321742e-05,-1.06720651321742e-05,-1.06720651321742e-05,-1.06720651321742e-05,-1.06720651321742e-05,-1.06756283495694e-05,-1.06776632132248e-05,-1.06942052610748e-05,-1.0811113676823e-05,-1.15269984405586e-05,-1.0075730821768e-05,-8.17265892673428e-06,1.73903750455414e-05,0.000269419598502433,0.00186348023075027,0.0100925111063532,0.0404397362634645,0.109652412918415,0.20370965179988,0.302949661325861,0.41524149818473,0.521336565698829,0.585161220334333
-1.06720651321742e-05,-1.06720651321742e-05,-1.06720651321742e-05,-1.06720651321742e-05,-1.06720651321742e-05,-1.06720651321742e-05,-1.06720651321742e-05,-1.06720651321742e-05,-1.06720651321742e-05,-1.06720651321742e-05,-1.06720651321742e-05,-1.06720651321742e-05,-1.06720651321742e-05,-1.06720651321742e-05,-1.06720651321742e-05,-1.06720651321742e-05,-1.06720651321742e-05,-1.06720651321742e-05,-1.06779794255848e-05,-1.0681278461296e-05,-1.07084669669651e-05,-1.09013020657282e-05,-1.21129661361389e-05,-1.00970716289339e-05,-8.46810431767153e-06,2.44812186527573e-05,0.000323088324245191,0.0021964684648187,0.0116641990603417,0.0454899986617685,0.119239197698808,0.215687844093388,0.318406599336764,0.437104566618884,0.545896807324491,0.608936259617144
-1.06720651321742e-05,-1.06720651321742e-05,-1.06720651321742e-05,-1.06720651321742e-05,-1.06720651321742e-05,-1.06720651321742e-05,-1.06720651321742e-05,-1.06720651321742e-05,-1.06720651321742e-05,-1.06720651321742e-05,-1.06720651321742e-05,-1.06720651321742e-05,-1.06720651321742e-05,-1.06720651321742e-05,-1.06720651321742e-05,-1.06720651321742e-05,-1.06720651321742e-05,-1.06720651321742e-05,-1.06808440468361e-05,-1.06856190399185e-05,-1.07255595082734e-05,-1.10099123531882e-05,-1.28254472694304e-05,-1.01163937425023e-05,-8.74903445359602e-06,3.3027235971872e-05,0.000384940928939651,0.00257973523157015,0.0134285745564976,0.0509376152952257,0.129072878649747,0.227736366702544,0.334496454173496,0.459652050879612,0.570144840068503,0.631827549216019
-1.06720651321742e-05,-1.06720651321742e-05,-1.06720651321742e-05,-1.06720651321742e-05,-1.06720651321742e-05,-1.06720651321742e-05,-1.06720651321742e-05,-1.06720651321742e-05,-1.06720651321742e-05,-1.06720651321742e-05,-1.06720651321742e-05,-1.06720651321742e-05,-1.06720651321742e-05,-1.06720651321742e-05,-1.06720651321742e-05,-1.06720651321742e-05,-1.06720651321742e-05,-1.06720651321742e-05,-1.0684178191885e-05,-1.06905903313267e-05,-1.07450968556577e-05,-1.11347210927685e-05,-1.36499899468845e-05,-1.0118526175044e-05,-8.91006197794771e-06,4.33093768596867e-05,0.00045657040145007,0.00302023709925171,0.015401576917382,0.0567820123818611,0.139118395488651,0.239877249028864,0.35132662924266,0.482790778999751,0.593892020056197,0.653787286155757
-1.06720651321742e-05,-1.06720651321742e-05,-1.06720651321742e-05,-1.06720651321742e-05,-1.06720651321742e-05,-1.06720651321742e-05,-1.06720651321742e-05,-1.06720651321742e-05,-1.06720651321742e-05,-1.06720651321742e-05,-1.06720651321742e-05,-1.06720651321742e-05,-1.06720651321742e-05,-1.06720651321742e-05,-1.06720651321742e-05,-1.06720651321742e-05,-1.06720651321742e-05,-1.06720651321742e-05,-1.0687937845925e-05,-1.06960977149129e-05,-1.0766692974092e-05,-1.12735048389823e-05,-1.45721422749527e-05,-1.00882979429192e-05,-8.84579953511396e-06,5.56085911767923e-05,0.000540023224538307,0.00352493063611234,0.0175991522300933,0.0630226161397019,0.149342501952017,0.252157482844477,0.368933154719677,0.506274091543362,0.616924588451165,0.674676892883744
-1.06720651321742e-05,-1.06720651321742e-05,-1.06720651321742e-05,-1.06720651321742e-05,-1.06720651321742e-05,-1.06720651321742e-05,-1.06720651321742e-05,-1.06720651321742e-05,-1.06720651321742e-05,-1.06720651321742e-05,-1.06720651321742e-05,-1.06720651321742e-05,-1.06720651321742e-05,-1.06720651321742e-05,-1.06720651321742e-05,-1.06720651321742e-05,-1.06720651321742e-05,-1.06720651321742e-05,-1.06920789903597e-05,-1.07020465719643e-05,-1.07899618313922e-05,-1.14240401482372e-05,-1.55774523629285e-05,-1.00105380586986e-05,-8.45085977232429e-06,7.02058287809374e-05,0.00063734588096717,0.0041007724103982,0.0200372465817338,0.0696552057504258,0.159713402091992,0.264621337439597,0.38733483166419,0.529849668109402,0.639059918436055,0.694370831819103
-1.06720651321742e-05,-1.06720651321742e-05,-1.06720651321742e-05,-1.06720651321742e-05,-1.06720651321742e-05,-1.06720651321742e-05,-1.06720651321742e-05,-1.06720651321742e-05,-1.06720651321742e-05,-1.06720651321742e-05,-1.06720651321742e-05,-1.06720651321742e-05,-1.06720651321742e-05,-1.06720651321742e-05,-1.06720651321742e-05,-1.06720651321742e-05,-1.06720651321742e-05,-1.06720651321742e-05,-1.06965576046984e-05,-1.07083422828206e-05,-1.08145173972692e-05,-1.15841035731516e-05,-1.66514683144214e-05,-9.87007553874264e-06,-7.6198553311239e-06,8.73820395317656e-05,0.000750584853501361,0.00475471899035635,0.0227315982513526,0.0766607086236917,0.170196926528177,0.27732628976506,0.406535446613194,0.553286875735647,0.660200999249592,0.712913384878479
-1.06720651321742e-05,-1.06720651321742e-05,-1.06720651321742e-05,-1.06720651321742e-05,-1.06720651321742e-05,-1.06720651321742e-05,-1.06720651321742e-05,-1.06720651321742e-05,-1.06720651321742e-05,-1.06720651321742e-05,-1.06720651321742e-05,-1.06720651321742e-05,-1.06720651321742e-05,-1.06720651321742e-05,-1.06720651321742e-05,-1.06720651321742e-05,-1.06720651321742e-05,-1.06720651321742e-05,-1.07013296741343e-05,-1.07148902268743e-05,-1.08399736385915e-05,-1.17514716691858e-05,-1.77797382406197e-05,-9.65173939562192e-06,-6.2473988587423e-06,0.000107418173287973,0.000881786624903687,0.00549388331626801,0.0256959650429593,0.0840204413311113,0.180765983801612,0.290334726631086,0.426494228612512,0.576395184605021,0.680346978757337,0.73032351746748
-1.06720651321742e-05,-1.06720651321742e-05,-1.06720651321742e-05,-1.06720651321742e-05,-1.06720651321742e-05,-1.06720651321742e-05,-1.06720651321742e-05,-1.06720651321742e-05,-1.06720651321742e-05,-1.06720651321742e-05,-1.06720651321742e-05,-1.06720651321742e-05,-1.06720651321742e-05,-1.06720651321742e-05,-1.06720651321742e-05,-1.06720651321742e-05,-1.06720651321742e-05,-1.06720651321742e-05,-1.07063511791239e-05,-1.07215957863597e-05,-1.08659445241225e-05,-1.19239209918002e-05,-1.89478102451327e-05,-9.34035864474936e-06,-4.22810299861946e-06,0.000130595179907308,0.00103299767793885,0.00632713793748868,0.0289431948093589,0.0917160139249091,0.191395830432838,0.303716098819577,0.447134999555196,0.599003122309845,0.699447668961886,0.74667248196617
-1.06720651321742e-05,-1.06720651321742e-05,-1.06720651321742e-05,-1.06720651321742e-05,-1.06720651321742e-05,-1.06720651321742e-05,-1.06720651321742e-05,-1.06720651321742e-05,-1.06720651321742e-05,-1.06720651321742e-05,-1.06720651321742e-05,-1.06720651321742e-05,-1.06720651321742e-05,-1.06720651321742e-05,-1.06720651321742e-05,-1.06720651321742e-05,-1.06720651321742e-05,-1.06720651321742e-05,-1.0711578101071e-05,-1.07283643397219e-05,-1.08920440188361e-05,-1.20992280945605e-05,-2.01412324372541e-05,-8.92076229964308e-06,-1.45658039609013e-06,0.000157144116068745,0.00120626449536966,0.00726434123002567,0.0324861337525088,0.0997272957067499,0.202073536575221,0.317559882368748,0.468372639611547,0.620948751426888,0.717389594551612,0.76197069557885
-1.06720651321742e-05,-1.06720651321742e-05,-1.06720651321742e-05,-1.06720651321742e-05,-1.06720651321742e-05,-1.06720651321742e-05,-1.06720651321742e-05,-1.06720651321742e-05,-1.06720651321742e-05,-1.06720651321742e-05,-1.06720651321742e-05,-1.06720651321742e-05,-1.06720651321742e-05,-1.06720651321742e-05,-1.06720651321742e-05,-1.06720651321742e-05,-1.06720651321742e-05,-1.06720651321742e-05,-1.07169664223269e-05,-1.07351012701429e-05,-1.09178860933904e-05,-1.22751695338745e-05,-2.13455529224878e-05,-8.37777937476858e-06,2.17255630351095e-06,0.000186894682708309,0.00140332623023672,0.00831535891185998,0.0363372802891936,0.108021782456512,0.21280111437114,0.331946004357343,0.490019722553935,0.642103707364749,0.734287673953002,0.776208416874538
-1.06720651321742e-05,-1.06720651321742e-05,-1.06720651321742e-05,-1.06720651321742e-05,-1.06720651321742e-05,-1.06720651321742e-05,-1.06720651321742e-05,-1.06720651321742e-05,-1.06720651321742e-05,-1.06720651321742e-05,-1.06720651321742e-05,-1.06720651321742e-05,-1.06720651321742e-05,-1.06720651321742e-05,-1.06720651321742e-05,-1.06720651321742e-05,-1.06720651321742e-05,-1.06720651321742e-05,-1.07224721252427e-05,-1.07417119570149e-05,-1.09430847146541e-05,-1.24495218623603e-05,-2.25463198101276e-05,-7.69623888553876e-06,6.76469445579642e-06,0.000220633788886933,0.0016271428245858,0.0094900567009707,0.0405042842624766,0.116573090977303,0.223586361637016,0.346933737356948,0.511948085508412,0.662396506600966,0.750177006747445,0.789553128933169
-1.06720651321742e-05,-1.06720651321742e-05,-1.06720651321742e-05,-1.06720651321742e-05,-1.06720651321742e-05,-1.06720651321742e-05,-1.06720651321742e-05,-1.06720651321742e-05,-1.06720651321742e-05,-1.06720651321742e-05,-1.06720651321742e-05,-1.06720651321742e-05,-1.06720651321742e-05,-1.06720651321742e-05,-1.06720651321742e-05,-1.06720651321742e-05,-1.06720651321742e-05,-1.06720651321742e-05,-1.07280511912222e-05,-1.07481017797303e-05,-1.09672538504431e-05,-1.26200616364258e-05,-2.37290812056775e-05,-6.86096984452433e-06,1.24252214154315e-05,0.00025942282830916,0.00188187541268216,0.0107982919898205,0.0449912738874455,0.125356569563518,0.234445873568363,0.362580014399326,0.534039999362751,0.681824151959689,0.765046452755462,0.802045848830718
-1.06720651321742e-05,-1.06720651321742e-05,-1.06720651321742e-05,-1.06720651321742e-05,-1.06720651321742e-05,-1.06720651321742e-05,-1.06720651321742e-05,-1.06720651321742e-05,-1.06720651321742e-05,-1.06720651321742e-05,-1.06720651321742e-05,-1.06720651321742e-05,-1.06720651321742e-05,-1.06720651321742e-05,-1.06720651321742e-05,-1.06720651321742e-05,-1.06720651321742e-05,-1.06720651321742e-05,-1.07336596035642e-05,-1.07541761195762e-05,-1.09900074685735e-05,-1.27845654096366e-05,-2.48793852165363e-05,-5.85680126903298e-06,1.92595245408711e-05,0.000304323194680478,0.00217168859624906,0.0122500869004303,0.0498023002939798,0.134341953812409,0.245395547943253,0.378973927281431,0.556135761784473,0.700284603898899,0.779028958211169,0.813658823609457
-1.06720651321742e-05,-1.06720651321742e-05,-1.06720651321742e-05,-1.06720651321742e-05,-1.06720651321742e-05,-1.06720651321742e-05,-1.06720651321742e-05,-1.06720651321742e-05,-1.06720651321742e-05,-1.06720651321742e-05,-1.06720651321742e-05,-1.06720651321742e-05,-1.06720651321742e-05,-1.06720651321742e-05,-1.06720651321742e-05,-1.06720651321742e-05,-1.06720651321742e-05,-1.06720651321742e-05,-1.07392533417775e-05,-1.07598403568924e-05,-1.10109595368613e-05,-1.29408097374532e-05,-2.5982779950103e-05,-4.66856216974065e-06,2.7372991181096e-05,0.000356396281706376,0.0025007469770145,0.013856590186027,0.0549413942954402,0.143500337139492,0.256472277279756,0.396157300732188,0.578029851163919,0.717775210675043,0.792129605550177,0.824575186485009
-1.06720651321742e-05,-1.06720651321742e-05,-1.06720651321742e-05,-1.06720651321742e-05,-1.06720651321742e-05,-1.06720651321742e-05,-1.06720651321742e-05,-1.06720651321742e-05,-1.06720651321742e-05,-1.06720651321742e-05,-1.06720651321742e-05,-1.06720651321742e-05,-1.06720651321742e-05,-1.06720651321742e-05,-1.06720651321742e-05,-1.06720651321742e-05,-1.06720651321742e-05,-1.06720651321742e-05,-1.07447883891609e-05,-1.07649998739134e-05,-1.10297240240698e-05,-1.30865711734411e-05,-2.70248135137763e-05,-3.28108156395501e-06,3.68710086974033e-05,0.000416703483092344,0.00287321515670366,0.0156292080779025,0.060407769880743,0.152804169069216,0.267726398426429,0.414096445448832,0.59955689751846,0.734356031614641,0.804317758832113,0.834819632961623
-1.06720651321742e-05,-1.06720651321742e-05,-1.06720651321742e-05,-1.06720651321742e-05,-1.06720651321742e-05,-1.06720651321742e-05,-1.06720651321742e-05,-1.06720651321742e-05,-1.06720651321742e-05,-1.06720651321742e-05,-1.06720651321742e-05,-1.06720651321742e-05,-1.06720651321742e-05,-1.06720651321742e-05,-1.06720651321742e-05,-1.06720651321742e-05,-1.06720651321742e-05,-1.06720651321742e-05,-1.0750220729013e-05,-1.07695600481369e-05,-1.10459148961202e-05,-1.32196262730607e-05,-2.79910340130603e-05,-1.67918846519418e-06,4.78589644425635e-05,0.000486306192543869,0.00329325773704359,0.0175793468073493,0.0661935472942512,0.162223388451579,0.279204842694127,0.432753726122589,0.620607453837422,0.749965885772812,0.815741291613421,0.844339793016885
-1.06720651321742e-05,-1.06720651321742e-05,-1.06720651321742e-05,-1.06720651321742e-05,-1.06720651321742e-05,-1.06720651321742e-05,-1.06720651321742e-05,-1.06720651321742e-05,-1.06720651321742e-05,-1.06720651321742e-05,-1.06720651321742e-05,-1.06720651321742e-05,-1.06720651321742e-05,-1.06720651321742e-05,-1.06720651321742e-05,-1.06720651321742e-05,-1.06720651321742e-05,-1.06720651321742e-05,-1.075550634179e-05,-1.07734262617972e-05,-1.10591461227235e-05,-1.33377515917725e-05,-2.88669895572487e-05,1.52288113971129e-07,6.04422457693469e-05,0.000566265803764547,0.00376503931975757,0.0197184158767859,0.0722909362372273,0.171730074882746,0.290961330465406,0.452104494612185,0.64106871260363,0.764638818264129,0.826434048499911,0.853115089906134
-1.06720651321742e-05,-1.06720651321742e-05,-1.06720651321742e-05,-1.06720651321742e-05,-1.06720651321742e-05,-1.06720651321742e-05,-1.06720651321742e-05,-1.06720651321742e-05,-1.06720651321742e-05,-1.06720651321742e-05,-1.06720651321742e-05,-1.06720651321742e-05,-1.06720651321742e-05,-1.06720651321742e-05,-1.06720651321742e-05,-1.06720651321742e-05,-1.06720651321742e-05,-1.06720651321742e-05,-1.07606012098434e-05,-1.07765038942868e-05,-1.10690316707481e-05,-1.34387236840894e-05,-2.96382282527929e-05,2.22851915718062e-06,7.47262400371559e-05,0.00065764371046176,0.00429282259123909,0.0220576288481633,0.0786921464109308,0.181309760722251,0.303059118620927,0.472111035277307,0.660771860908838,0.778446604020463,0.836340448806305,0.861320637956864
-1.06720651321742e-05,-1.06720651321742e-05,-1.06720651321742e-05,-1.06720651321742e-05,-1.06720651321742e-05,-1.06720651321742e-05,-1.06720651321742e-05,-1.06720651321742e-05,-1.06720651321742e-05,-1.06720651321742e-05,-1.06720651321742e-05,-1.06720651321742e-05,-1.06720651321742e-05,-1.06720651321742e-05,-1.06720651321742e-05,-1.06720651321742e-05,-1.06720651321742e-05,-1.06720651321742e-05,-1.07654613145769e-05,-1.07786983287876e-05,-1.10751855080101e-05,-1.35203191035771e-05,-3.02902982051971e-05,4.5646756499688e-06,9.08163345997082e-05,0.000761501306340051,0.00488243151085707,0.0246074755450091,0.085388872138796,0.190951008336283,0.315555046171932,0.492573045778813,0.679634844708176,0.791341117926391,0.845548650614003,0.868972388586309
-1.06720651321742e-05,-1.06720651321742e-05,-1.06720651321742e-05,-1.06720651321742e-05,-1.06720651321742e-05,-1.06720651321742e-05,-1.06720651321742e-05,-1.06720651321742e-05,-1.06720651321742e-05,-1.06720651321742e-05,-1.06720651321742e-05,-1.06720651321742e-05,-1.06720651321742e-05,-1.06720651321742e-05,-1.06720651321742e-05,-1.06720651321742e-05,-1.06720651321742e-05,-1.06720651321742e-05,-1.07700426392891e-05,-1.07799149427971e-05,-1.10772216023255e-05,-1.35803144047486e-05,-3.08087475247021e-05,7.17592857881755e-06,0.000108817916811669,0.000878899985103961,0.00554066061159138,0.0273783127094314,0.0923627330285105,0.200645851896589,0.328507311267203,0.513344896937066,0.697595478179538,0.803294481406457,0.854166781998947,0.876048844135237
-1.06720651321742e-05,-1.06720651321742e-05,-1.06720651321742e-05,-1.06720651321742e-05,-1.06720651321742e-05,-1.06720651321742e-05,-1.06720651321742e-05,-1.06720651321742e-05,-1.06720651321742e-05,-1.06720651321742e-05,-1.06720651321742e-05,-1.06720651321742e-05,-1.06720651321742e-05,-1.06720651321742e-05,-1.06720651321742e-05,-1.06720651321742e-05,-1.06720651321742e-05,-1.06720651321742e-05,-1.0774301163489e-05,-1.07800591185499e-05,-1.10747539224576e-05,-1.36164861449591e-05,-3.11791243158647e-05,1.00587676409229e-05,0.000128828512465399,0.00101090365580963,0.00627431262216286,0.0303804328871924,0.0995930017358404,0.210386919388648,0.341992386873122,0.534264371046721,0.71460378235439,0.814471353237011,0.862150881066991,0.882610797662745
-1.06720651321742e-05,-1.06720651321742e-05,-1.06720651321742e-05,-1.06720651321742e-05,-1.06720651321742e-05,-1.06720651321742e-05,-1.06720651321742e-05,-1.06720651321742e-05,-1.06720651321742e-05,-1.06720651321742e-05,-1.06720651321742e-05,-1.06720651321742e-05,-1.06720651321742e-05,-1.06720651321742e-05,-1.06720651321742e-05,-1.06720651321742e-05,-1.06720651321742e-05,-1.06720651321742e-05,-1.07781928714227e-05,-1.07790362354384e-05,-1.10673964352751e-05,-1.36266108758794e-05,-3.13869766860838e-05,1.30460380385481e-05,0.000151013013731927,0.00115903508342778,0.00709019027129235,0.0336234854326184,0.107063184798129,0.220170883945086,0.35605758147104,0.555128848270033,0.730706028609104,0.824877031550035,0.869483784330562,0.888769766169887
-1.06720651321742e-05,-1.06720651321742e-05,-1.06720651321742e-05,-1.06720651321742e-05,-1.06720651321742e-05,-1.06720651321742e-05,-1.06720651321742e-05,-1.06720651321742e-05,-1.06720651321742e-05,-1.06720651321742e-05,-1.06720651321742e-05,-1.06720651321742e-05,-1.06720651321742e-05,-1.06720651321742e-05,-1.06720651321742e-05,-1.06720651321742e-05,-1.06720651321742e-05,-1.06720651321742e-05,-1.07816737454414e-05,-1.0776751675697e-05,-1.10547631085941e-05,-1.360846515297e-05,-3.14178527427581e-05,1.6209553751878e-05,0.000175917563711892,0.00132568486584622,0.00799509628770447,0.0371154320156601,0.114756201934029,0.229997708338476,0.370729277123912,0.575781094834154,0.745868610872682,0.834496793629732,0.876332483269453,0.894507692152859
-1.06720651321742e-05,-1.06720651321742e-05,-1.06720651321742e-05,-1.06720651321742e-05,-1.06720651321742e-05,-1.06720651321742e-05,-1.06720651321742e-05,-1.06720651321742e-05,-1.06720651321742e-05,-1.06720651321742e-05,-1.06720651321742e-05,-1.06720651321742e-05,-1.06720651321742e-05,-1.06720651321742e-05,-1.06720651321742e-05,-1.06720651321742e-05,-1.06720651321742e-05,-1.06720651321742e-05,-1.0784699765054e-05,-1.07731108168233e-05,-1.10364679102304e-05,-1.35598255326386e-05,-3.12573005932866e-05,1.96947316254636e-05,0.000204150861398489,0.00151333495664498,0.0089958349926197,0.0408618310873237,0.122647861947741,0.239876348770314,0.386037330391649,0.596103742821407,0.760060236306685,0.843451034180593,0.882728029753447,0.899813455391821
-1.06720651321742e-05,-1.06720651321742e-05,-1.06720651321742e-05,-1.06720651321742e-05,-1.06720651321742e-05,-1.06720651321742e-05,-1.06720651321742e-05,-1.06720651321742e-05,-1.06720651321742e-05,-1.06720651321742e-05,-1.06720651321742e-05,-1.06720651321742e-05,-1.06720651321742e-05,-1.06720651321742e-05,-1.06720651321742e-05,-1.06720651321742e-05,-1.06720651321742e-05,-1.06720651321742e-05,-1.07872269145067e-05,-1.07680190429467e-05,-1.10121248108423e-05,-1.34784685684508e-05,-3.08908683460155e-05,2.36469885048033e-05,0.000236321605786808,0.00172446730940976,0.0100997013812872,0.0448681177143451,0.130715099606725,0.24982899762797,0.402024571794955,0.61597746427592,0.773443641506057,0.851887970936039,0.888663083519119,0.904672675047579
-1.06720651321742e-05,-1.06720651321742e-05,-1.06720651321742e-05,-1.06720651321742e-05,-1.06720651321742e-05,-1.06720651321742e-05,-1.06720651321742e-05,-1.06720651321742e-05,-1.06720651321742e-05,-1.06720651321742e-05,-1.06720651321742e-05,-1.06720651321742e-05,-1.06720651321742e-05,-1.06720651321742e-05,-1.06720651321742e-05,-1.06720651321742e-05,-1.06720651321742e-05,-1.06720651321742e-05,-1.07892111742558e-05,-1.07613817325121e-05,-1.09813477735088e-05,-1.33621708139723e-05,-3.03041041064489e-05,2.82117412316059e-05,0.000273038495872887,0.00196156387772343,0.0113151716614719,0.0491397269634575,0.138935201952488,0.259881044365322,0.41865154900518,0.635275570229085,0.786020872386472,0.85976691911404,0.89415584562155,0.909216059039616
-1.06720651321742e-05,-1.06720651321742e-05,-1.06720651321742e-05,-1.06720651321742e-05,-1.06720651321742e-05,-1.06720651321742e-05,-1.06720651321742e-05,-1.06720651321742e-05,-1.06720651321742e-05,-1.06720651321742e-05,-1.06720651321742e-05,-1.06720651321742e-05,-1.06720651321742e-05,-1.06720651321742e-05,-1.06720651321742e-05,-1.06720651321742e-05,-1.06720651321742e-05,-1.06720651321742e-05,-1.07906085266526e-05,-1.07531042658593e-05,-1.09437507688881e-05,-1.32087088256109e-05,-2.94825559810382e-05,3.35344066523173e-05,0.000314910230648972,0.00222710661517169,0.0126508961545483,0.0536817049722742,0.147282956129092,0.270055715289886,0.435856523520628,0.653912740300162,0.797747829332801,0.867046363024839,0.899317222763761,0.913493049771976
-1.06720651321742e-05,-1.06720651321742e-05,-1.06720651321742e-05,-1.06720651321742e-05,-1.06720651321742e-05,-1.06720651321742e-05,-1.06720651321742e-05,-1.06720651321742e-05,-1.06720651321742e-05,-1.06720651321742e-05,-1.06720651321742e-05,-1.06720651321742e-05,-1.06720651321742e-05,-1.06720651321742e-05,-1.06720651321742e-05,-1.06720651321742e-05,-1.06720651321742e-05,-1.06720651321742e-05,-1.07913749549956e-05,-1.07430920242753e-05,-1.08989477638488e-05,-1.30158591569322e-05,-2.84117720781296e-05,3.97604016105409e-05,0.000362545509110153,0.00252357747533362,0.0141155251818854,0.0584930639533913,0.155732454672196,0.280381786265321,0.453578138981101,0.671814780199074,0.808615980969855,0.873725990895137,0.904149088703074,0.917491226150031
-1.06720651321742e-05,-1.06720651321742e-05,-1.06720651321742e-05,-1.06720651321742e-05,-1.06720651321742e-05,-1.06720651321742e-05,-1.06720651321742e-05,-1.06720651321742e-05,-1.06720651321742e-05,-1.06720651321742e-05,-1.06720651321742e-05,-1.06720651321742e-05,-1.06720651321742e-05,-1.06720651321742e-05,-1.06720651321742e-05,-1.06720651321742e-05,-1.06720651321742e-05,-1.06720651321742e-05,-1.07914664387939e-05,-1.07312503862052e-05,-1.08465527271543e-05,-1.27813983633966e-05,-2.70773005060695e-05,4.70351429498805e-05,0.000416553030249626,0.00285339393420827,0.0157177090648579,0.0635681852198568,0.164265120968597,0.290898705548245,0.471763480149002,0.688887663144214,0.818799333452745,0.879977511484812,0.908633715636833,0.921195821745454
-1.06720651321742e-05,-1.06720651321742e-05,-1.06720651321742e-05,-1.06720651321742e-05,-1.06720651321742e-05,-1.06720651321742e-05,-1.06720651321742e-05,-1.06720651321742e-05,-1.06720651321742e-05,-1.06720651321742e-05,-1.06720651321742e-05,-1.06720651321742e-05,-1.06720651321742e-05,-1.06720651321742e-05,-1.06720651321742e-05,-1.06720651321742e-05,-1.06720651321742e-05,-1.06720651321742e-05,-1.07908389603987e-05,-1.07174847367257e-05,-1.07861796256733e-05,-1.25031029985697e-05,-2.54646893694144e-05,5.55040475148871e-05,0.000477541493064374,0.00321970854780128,0.0174660554008293,0.0689013384653871,0.172862905797341,0.301642481989402,0.49033531268762,0.70512513326688,0.828301928157355,0.885811432316739,0.912758364591169,0.924597064520728
-1.06720651321742e-05,-1.06720651321742e-05,-1.06720651321742e-05,-1.06720651321742e-05,-1.06720651321742e-05,-1.06720651321742e-05,-1.06720651321742e-05,-1.06720651321742e-05,-1.06720651321742e-05,-1.06720651321742e-05,-1.06720651321742e-05,-1.06720651321742e-05,-1.06720651321742e-05,-1.06720651321742e-05,-1.06720651321742e-05,-1.06720651321742e-05,-1.06720651321742e-05,-1.06720651321742e-05,-1.07894485050034e-05,-1.07017004523868e-05,-1.07174424291164e-05,-1.21787496198067e-05,-2.35594867765106e-05,6.53125321491643e-05,0.000546119596546646,0.00362656325904993,0.0193685831522752,0.0744867933837033,0.181508053725004,0.312649990067586,0.509113427105013,0.720490696943812,0.837087172444228,0.891206822891952,0.916592118236813,0.927770518717036
-1.06720651321742e-05,-1.06720651321742e-05,-1.06720651321742e-05,-1.06720651321742e-05,-1.06720651321742e-05,-1.06720651321742e-05,-1.06720651321742e-05,-1.06720651321742e-05,-1.06720651321742e-05,-1.06720651321742e-05,-1.06720651321742e-05,-1.06720651321742e-05,-1.06720651321742e-05,-1.06720651321742e-05,-1.06720651321742e-05,-1.06720651321742e-05,-1.06720651321742e-05,-1.06720651321742e-05,-1.07872510511697e-05,-1.06838029135285e-05,-1.06399551024576e-05,-1.18061147797259e-05,-2.13472408338096e-05,7.66060136991579e-05,0.00062289603969153,0.00407802068322383,0.021432918684647,0.0803188196685236,0.190184815029374,0.323970859815695,0.527961195439076,0.73491609896094,0.845210196920239,0.896166988976985,0.920160997156124,0.930736515226398
-1.06720651321742e-05,-1.06720651321742e-05,-1.06720651321742e-05,-1.06720651321742e-05,-1.06720651321742e-05,-1.06720651321742e-05,-1.06720651321742e-05,-1.06720651321742e-05,-1.06720651321742e-05,-1.06720651321742e-05,-1.06720651321742e-05,-1.06720651321742e-05,-1.06720651321742e-05,-1.06720651321742e-05,-1.06720651321742e-05,-1.06720651321742e-05,-1.06720651321742e-05,-1.06720651321742e-05,-1.07842025812488e-05,-1.06636975042799e-05,-1.05533316144601e-05,-1.13829750318928e-05,-1.88134996496577e-05,8.95299090065767e-05,0.000708465685363535,0.00457814343559164,0.0236666849648193,0.0863904336254744,0.198877839789182,0.335639586014825,0.546730047421306,0.748473384859176,0.852792047683014,0.900805985039938,0.923472413830863,0.93349514160044
-1.06720651321742e-05,-1.06720651321742e-05,-1.06720651321742e-05,-1.06720651321742e-05,-1.06720651321742e-05,-1.06720651321742e-05,-1.06720651321742e-05,-1.06720651321742e-05,-1.06720651321742e-05,-1.06720651321742e-05,-1.06720651321742e-05,-1.06720651321742e-05,-1.06720651321742e-05,-1.06720651321742e-05,-1.06720651321742e-05,-1.06720651321742e-05,-1.06720651321742e-05,-1.06720651321742e-05,-1.07802590785392e-05,-1.06412896011913e-05,-1.04571859357823e-05,-1.09071069336627e-05,-1.59438113305062e-05,0.000104229634915972,0.000803555157137718,0.00513099413142205,0.0260775049596646,0.0926840518995315,0.207577607920063,0.347679232851735,0.565278730964767,0.76122334973341,0.859842394459234,0.905144352368663,0.926530710942822,0.936054882750769
-1.06720651321742e-05,-1.06720651321742e-05,-1.06720651321742e-05,-1.06720651321742e-05,-1.06720651321742e-05,-1.06720651321742e-05,-1.06720651321742e-05,-1.06720651321742e-05,-1.06720651321742e-05,-1.06720651321742e-05,-1.06720651321742e-05,-1.06720651321742e-05,-1.06720651321742e-05,-1.06720651321742e-05,-1.06720651321742e-05,-1.06720651321742e-05,-1.06720651321742e-05,-1.06720651321742e-05,-1.07753765244449e-05,-1.06164845864972e-05,-1.03511320295032e-05,-1.03762870376537e-05,-1.27237239828067e-05,0.000120850608272841,0.00090951335053262,0.00574063538598561,0.0286729698071705,0.0991818223044476,0.216280615007784,0.360113482125046,0.583525284270543,0.773149463427992,0.866358217392353,0.909181766348021,0.929381803706161,0.938420293979253
-1.06720651321742e-05,-1.06720651321742e-05,-1.06720651321742e-05,-1.06720651321742e-05,-1.06720651321742e-05,-1.06720651321742e-05,-1.06720651321742e-05,-1.06720651321742e-05,-1.06720651321742e-05,-1.06720651321742e-05,-1.06720651321742e-05,-1.06720651321742e-05,-1.06720651321742e-05,-1.06720651321742e-05,-1.06720651321742e-05,-1.06720651321742e-05,-1.06720651321742e-05,-1.06720651321742e-05,-1.07695109003695e-05,-1.05891878405373e-05,-1.02347838681756e-05,-9.78829190027379e-06,-9.13878571490538e-06,0.000139538245920789,0.00102778181691576,0.00641112948322113,0.0314592114208267,0.105866819697567,0.224983759818498,0.372983780001051,0.601382450469466,0.784315072615284,0.872372260067904,0.912917753056197,0.932064848523503,0.940645685036215
-1.06720651321742e-05,-1.06720651321742e-05,-1.06720651321742e-05,-1.06720651321742e-05,-1.06720651321742e-05,-1.06720651321742e-05,-1.06720651321742e-05,-1.06720651321742e-05,-1.06720651321742e-05,-1.06720651321742e-05,-1.06720651321742e-05,-1.06720651321742e-05,-1.06720651321742e-05,-1.06720651321742e-05,-1.06720651321742e-05,-1.06720651321742e-05,-1.06720651321742e-05,-1.06720651321742e-05,-1.07626181905592e-05,-1.05593047436514e-05,-1.01077554158261e-05,-9.14089807508844e-06,-5.17454463420108e-06,0.000160437964703419,0.00115980210766035,0.00714683964990665,0.0344403635575172,0.112723407975044,0.233688681377736,0.386300187461023,0.618768258125145,0.794887518251854,0.878017241288393,0.916366280841795,0.93458391922162,0.942754724739823
-1.06720651321742e-05,-1.06720651321742e-05,-1.06720651321742e-05,-1.06720651321742e-05,-1.06720651321742e-05,-1.06720651321742e-05,-1.06720651321742e-05,-1.06720651321742e-05,-1.06720651321742e-05,-1.06720651321742e-05,-1.06720651321742e-05,-1.06720651321742e-05,-1.06720651321742e-05,-1.06720651321742e-05,-1.06720651321742e-05,-1.06720651321742e-05,-1.06720651321742e-05,-1.06720651321742e-05,-1.07546543726282e-05,-1.05267406771266e-05,-9.96966064216546e-06,-8.43188211755811e-06,-8.16548846197899e-07,0.000183695181465282,0.0013070157741358,0.00795302335711388,0.0376204192873691,0.119732173496123,0.242400198096303,0.400039698242909,0.635592906594936,0.804840932595353,0.883310149755102,0.919623422123586,0.936942604096432,0.944748679131847
-1.06720651321742e-05,-1.06720651321742e-05,-1.06720651321742e-05,-1.06720651321742e-05,-1.06720651321742e-05,-1.06720651321742e-05,-1.06720651321742e-05,-1.06720651321742e-05,-1.06720651321742e-05,-1.06720651321742e-05,-1.06720651321742e-05,-1.06720651321742e-05,-1.06720651321742e-05,-1.06720651321742e-05,-1.06720651321742e-05,-1.06720651321742e-05,-1.06720651321742e-05,-1.06720651321742e-05,-1.07455754327172e-05,-1.04914010203553e-05,-9.82011351595702e-06,-7.65902058124842e-06,3.94965354170533e-06,0.000209452591933731,0.00147086436771057,0.00883509683706999,0.0410033716805155,0.126875180408773,0.25112248729611,0.414179710600683,0.651795823366656,0.814141045442606,0.88825262755587,0.922704144173016,0.939145070100134,0.946630431770086
-1.06720651321742e-05,-1.06720651321742e-05,-1.06720651321742e-05,-1.06720651321742e-05,-1.06720651321742e-05,-1.06720651321742e-05,-1.06720651321742e-05,-1.06720651321742e-05,-1.06720651321742e-05,-1.06720651321742e-05,-1.06720651321742e-05,-1.06720651321742e-05,-1.06720651321742e-05,-1.06720651321742e-05,-1.06720651321742e-05,-1.06720651321742e-05,-1.06720651321742e-05,-1.06720651321742e-05,-1.07353373503353e-05,-1.04531911546246e-05,-9.65872800217464e-06,-6.82009002256715e-06,9.13851442021496e-06,0.000237797962122954,0.00165278943975693,0.00979847632199646,0.0445932138070845,0.134134782929263,0.259866132561328,0.428698262172655,0.66736061716534,0.822753586590438,0.892845984479749,0.925607374620758,0.941223073720007,0.948399371864885
-1.06720651321742e-05,-1.06720651321742e-05,-1.06720651321742e-05,-1.06720651321742e-05,-1.06720651321742e-05,-1.06720651321742e-05,-1.06720651321742e-05,-1.06720651321742e-05,-1.06720651321742e-05,-1.06720651321742e-05,-1.06720651321742e-05,-1.06720651321742e-05,-1.06720651321742e-05,-1.06720651321742e-05,-1.06720651321742e-05,-1.06720651321742e-05,-1.06720651321742e-05,-1.06720651321742e-05,-1.07238961087811e-05,-1.04120164612217e-05,-9.48511807147649e-06,-5.91286699413255e-06,1.47644856857217e-05,0.000269136465794873,0.00185423254164334,0.0108485780441195,0.0483931132822448,0.141492714657988,0.268650127295821,0.443601457070738,0.682242110390082,0.830667738953035,0.897147409951797,0.928332340446617,0.94319586324582,0.950054791969904
-1.06720651321742e-05,-1.06720651321742e-05,-1.06720651321742e-05,-1.06720651321742e-05,-1.06720651321742e-05,-1.06720651321742e-05,-1.06720651321742e-05,-1.06720651321742e-05,-1.06720651321742e-05,-1.06720651321742e-05,-1.06720651321742e-05,-1.06720651321742e-05,-1.06720651321742e-05,-1.06720651321742e-05,-1.06720651321742e-05,-1.06720651321742e-05,-1.06720651321742e-05,-1.06720651321742e-05,-1.07112076885111e-05,-1.03677823185914e-05,-9.29889768978379e-06,-4.93512805235241e-06,2.08420192279846e-05,0.000304000858092005,0.00207662220361347,0.0119908182356606,0.0524010474854199,0.148928967202508,0.277489734797832,0.458840453713617,0.69644425303623,0.838100281551477,0.901214081925852,0.930878696195944,0.945063166978006,0.951599026822877
-1.06720651321742e-05,-1.06720651321742e-05,-1.06720651321742e-05,-1.06720651321742e-05,-1.06720651321742e-05,-1.06720651321742e-05,-1.06720651321742e-05,-1.06720651321742e-05,-1.06720651321742e-05,-1.06720651321742e-05,-1.06720651321742e-05,-1.06720651321742e-05,-1.06720651321742e-05,-1.06720651321742e-05,-1.06720651321742e-05,-1.06720651321742e-05,-1.06720651321742e-05,-1.06720651321742e-05,-1.06972280737712e-05,-1.03203941089684e-05,-9.09968082585995e-06,-3.88464975079235e-06,2.73855669424468e-05,0.000342923894154978,0.00232137204790395,0.013230626871398,0.056613084170048,0.156424426349377,0.286400162823089,0.474327020682251,0.710020644126297,0.845106074780193,0.905042433428911,0.933252801031748,0.946824290264188,0.953062114768575
-1.06720651321742e-05,-1.06720651321742e-05,-1.06720651321742e-05,-1.06720651321742e-05,-1.06720651321742e-05,-1.06720651321742e-05,-1.06720651321742e-05,-1.06720651321742e-05,-1.06720651321742e-05,-1.06720651321742e-05,-1.06720651321742e-05,-1.06720651321742e-05,-1.06720651321742e-05,-1.06720651321742e-05,-1.06720651321742e-05,-1.06720651321742e-05,-1.06720651321742e-05,-1.06720651321742e-05,-1.06819132440705e-05,-1.02697572117449e-05,-8.88708144752097e-06,-2.75920864491278e-06,3.44095807188675e-05,0.000386438329128206,0.00259074890037994,0.0145734062235154,0.0610252898181045,0.163960060707335,0.295405081144131,0.489991059177174,0.722944736656691,0.851675224548411,0.908628398798199,0.935498667253009,0.948478606895883,0.954452392625437
-1.06720651321742e-05,-1.06720651321742e-05,-1.06720651321742e-05,-1.06720651321742e-05,-1.06720651321742e-05,-1.06720651321742e-05,-1.06720651321742e-05,-1.06720651321742e-05,-1.06720651321742e-05,-1.06720651321742e-05,-1.06720651321742e-05,-1.06720651321742e-05,-1.06720651321742e-05,-1.06720651321742e-05,-1.06720651321742e-05,-1.06721203839773e-05,-1.06720774293005e-05,-1.0672162648954e-05,-1.06659921025691e-05,-1.02197160506042e-05,-8.66891183761709e-06,-1.56585717453102e-06,4.19447661357708e-05,0.000435075436172383,0.00288721265068735,0.0160242806959303,0.06563374184623,0.171518566260398,0.304531319765006,0.505761033016464,0.735180278804476,0.857798116364514,0.911975174507931,0.937623745813635,0.950052062060744,0.955770524681071
-1.06720651321742e-05,-1.06720651321742e-05,-1.06720651321742e-05,-1.06720651321742e-05,-1.06720651321742e-05,-1.06720651321742e-05,-1.06720651321742e-05,-1.06720651321742e-05,-1.06720651321742e-05,-1.06720651321742e-05,-1.06720651321742e-05,-1.06720651321742e-05,-1.06720651321742e-05,-1.06720651321742e-05,-1.06720651321742e-05,-1.06727277180122e-05,-1.0672200938681e-05,-1.0673200941369e-05,-1.06563037794179e-05,-1.02051820571584e-05,-8.51604872498986e-06,-3.74471838426871e-07,5.01975494861047e-05,0.000489354692521715,0.0032129728066271,0.0175880843889682,0.0704348326388176,0.179086321557258,0.313801733858893,0.521545248162975,0.746720516963885,0.863555962139745,0.915151005669954,0.939630024172018,0.951559486426969,0.957017464481407
-1.06720651321742e-05,-1.06720651321742e-05,-1.06720651321742e-05,-1.06720651321742e-05,-1.06720651321742e-05,-1.06720651321742e-05,-1.06720651321742e-05,-1.06720651321742e-05,-1.06720651321742e-05,-1.06720651321742e-05,-1.06720651321742e-05,-1.06720651321742e-05,-1.06720651321742e-05,-1.06720651321742e-05,-1.06720651321742e-05,-1.06739704468358e-05,-1.06724206508109e-05,-1.06752303508983e-05,-1.06537768658654e-05,-1.02308082764087e-05,-8.43339708940979e-06,8.35728242047177e-07,5.93387396473114e-05,0.000549806757404288,0.00357047779463547,0.0192699591801585,0.075424991498042,0.186652683060799,0.323233287018107,0.537260714476333,0.757662610096699,0.869013931834628,0.918172287642303,0.941519001621542,0.953002029005662,0.958196387888932
-1.06720651321742e-05,-1.06720651321742e-05,-1.06720651321742e-05,-1.06720651321742e-05,-1.06720651321742e-05,-1.06720651321742e-05,-1.06720651321742e-05,-1.06720651321742e-05,-1.06720651321742e-05,-1.06720651321742e-05,-1.06720651321742e-05,-1.06720651321742e-05,-1.06720651321742e-05,-1.06720651321742e-05,-1.06720651321742e-05,-1.06758049516505e-05,-1.06726911695887e-05,-1.06780710107538e-05,-1.06575519642623e-05,-1.02921222321584e-05,-8.4065760129685e-06,2.10891137252626e-06,6.95102206350384e-05,0.000616965703558018,0.003962248759359,0.0210751325786561,0.0805941802726551,0.194207160492959,0.33284930389331,0.552832966354865,0.768007759703154,0.87416516921078,0.921035503250403,0.943292177455595,0.954378922342732,0.959308100977723
-1.06720651321742e-05,-1.06720651321742e-05,-1.06720651321742e-05,-1.06720651321742e-05,-1.06720651321742e-05,-1.06720651321742e-05,-1.06720651321742e-05,-1.06720651321742e-05,-1.06720651321742e-05,-1.06720651321742e-05,-1.06720651321742e-05,-1.06720651321742e-05,-1.06720651321742e-05,-1.06720651321742e-05,-1.06720651321742e-05,-1.06781876117642e-05,-1.06729670922808e-05,-1.06815430569895e-05,-1.06667696722222e-05,-1.03846514520001e-05,-8.42120457586285e-06,3.48924586527725e-06,8.08538764696702e-05,0.000691365603721768,0.00439080684544516,0.0230087737246303,0.0859308666705061,0.201740705272859,0.342680056971042,0.568220404702177,0.777744297134451,0.879002818194697,0.923737154805879,0.944956171890738,0.955688397549888,0.960356493745243
-1.06720651321742e-05,-1.06720651321742e-05,-1.06720651321742e-05,-1.06720651321742e-05,-1.06720651321742e-05,-1.06720651321742e-05,-1.06720651321742e-05,-1.06720651321742e-05,-1.06720651321742e-05,-1.06720651321742e-05,-1.06720651321742e-05,-1.06720651321742e-05,-1.06720651321742e-05,-1.06720651321742e-05,-1.06720651321742e-05,-1.06810748074319e-05,-1.06732030199434e-05,-1.06854666266069e-05,-1.06805705920957e-05,-1.05039234597371e-05,-8.46290185450016e-06,5.02090002972485e-06,9.35115911678016e-05,0.000773540530634402,0.00485867319754144,0.0250750112541851,0.0914245395965461,0.209247241131977,0.352743979301119,0.58336677663833,0.786877774012962,0.883520565671966,0.926274045772572,0.946533575564728,0.956928685738834,0.961360661375435
-1.06720651321742e-05,-1.06720651321742e-05,-1.06720651321742e-05,-1.06720651321742e-05,-1.06720651321742e-05,-1.06720651321742e-05,-1.06720651321742e-05,-1.06720651321742e-05,-1.06720651321742e-05,-1.06720651321742e-05,-1.06720651321742e-05,-1.06720651321742e-05,-1.06720651321742e-05,-1.06720651321742e-05,-1.06720651321742e-05,-1.06844229208036e-05,-1.067335355458e-05,-1.06896618528178e-05,-1.06980953233915e-05,-1.06454657820147e-05,-8.51728693286683e-06,6.74804217434636e-06,0.000107625248746975,0.000864024557033834,0.00536836856449649,0.0272773137702975,0.0970646879557222,0.216720840569075,0.363056327259871,0.598213951969675,0.795542067558533,0.887711886372016,0.928642828536265,0.948029832708176,0.958098797506016,0.962324097121652
-1.06720651321742e-05,-1.06720651321742e-05,-1.06720651321742e-05,-1.06720651321742e-05,-1.06720651321742e-05,-1.06720651321742e-05,-1.06720651321742e-05,-1.06720651321742e-05,-1.06720651321742e-05,-1.06720651321742e-05,-1.06720651321742e-05,-1.06720651321742e-05,-1.06720651321742e-05,-1.06720651321742e-05,-1.06720651321742e-05,-1.0688188328345e-05,-1.06733732962994e-05,-1.06939488726236e-05,-1.07184844656179e-05,-1.08048059445309e-05,-8.56997888831756e-06,8.7148406076191e-06,0.000123336733226627,0.00096319465038448,0.00592254966275902,0.0296191737775824,0.102840482292949,0.224159316169113,0.373616338505208,0.612704139490039,0.803778864853391,0.891624679483682,0.930840059420455,0.949448363409198,0.959199625366005,0.963249056888587
-1.06720651321742e-05,-1.06720651321742e-05,-1.06720651321742e-05,-1.06720651321742e-05,-1.06720651321742e-05,-1.06720651321742e-05,-1.06720651321742e-05,-1.06720651321742e-05,-1.06720651321742e-05,-1.06720651321742e-05,-1.06720651321742e-05,-1.06720651321742e-05,-1.06720651321742e-05,-1.06720651321742e-05,-1.06720651321742e-05,-1.06923274141006e-05,-1.06732168442628e-05,-1.06981478220784e-05,-1.07408786211257e-05,-1.09774714729838e-05,-8.60659680010182e-06,1.09654636418099e-05,0.000140787928621459,0.00107183342693418,0.00652443877645605,0.0321040837806606,0.108739367586821,0.231562648296667,0.384419972113639,0.626796371258698,0.81157917552915,0.895346064773984,0.93287286265291,0.950793430013793,0.960230280945705,0.964135980599544
-1.06720651321742e-05,-1.06720651321742e-05,-1.06720651321742e-05,-1.06720651321742e-05,-1.06720651321742e-05,-1.06720651321742e-05,-1.06720651321742e-05,-1.06720651321742e-05,-1.06720651321742e-05,-1.06720651321742e-05,-1.06720651321742e-05,-1.06720651321742e-05,-1.06720651321742e-05,-1.06720651321742e-05,-1.06720651321742e-05,-1.06967965564309e-05,-1.06728387995266e-05,-1.07020788353414e-05,-1.07644183884759e-05,-1.11589898930712e-05,-8.61275974841646e-06,1.3544079582554e-05,0.000160120718950907,0.00119109951297673,0.00717739163941549,0.0347355362841512,0.114748421024452,0.238929379380386,0.395468534581891,0.640463141315488,0.818934757273837,0.89887981391668,0.934807014321607,0.952068792140694,0.961189735598936,0.964985257571358
-1.06720651321742e-05,-1.06720651321742e-05,-1.06720651321742e-05,-1.06720651321742e-05,-1.06720651321742e-05,-1.06720651321742e-05,-1.06720651321742e-05,-1.06720651321742e-05,-1.06720651321742e-05,-1.06720651321742e-05,-1.06720651321742e-05,-1.06720651321742e-05,-1.06720651321742e-05,-1.06720651321742e-05,-1.06720651321742e-05,-1.07015521346436e-05,-1.06721937621993e-05,-1.07055620494142e-05,-1.07882443681243e-05,-1.13448887295438e-05,-8.57408681156357e-06,1.64948567421182e-05,0.000181476988233461,0.00132215156237218,0.00788476398546436,0.0375169924016054,0.120854736892741,0.246260948094821,0.406786016166811,0.65367321394416,0.825835693698943,0.902227034724972,0.936655372654675,0.953277161717714,0.962077343648916,0.965797269317204
-1.06720651321742e-05,-1.06720651321742e-05,-1.06720651321742e-05,-1.06720651321742e-05,-1.06720651321742e-05,-1.06720651321742e-05,-1.06720651321742e-05,-1.06720651321742e-05,-1.06720651321742e-05,-1.06720651321742e-05,-1.06720651321742e-05,-1.06720651321742e-05,-1.06720651321742e-05,-1.06720651321742e-05,-1.06720651321742e-05,-1.07065505308886e-05,-1.06712363342846e-05,-1.07084175994032e-05,-1.0811497160527e-05,-1.1530695509047e-05,-8.47619707258218e-06,1.98619634280324e-05,0.000204987604348617,0.0014661482289777,0.00864991154842964,0.0404502071153587,0.127045380032222,0.253563582492366,0.418370396110854,0.666410013212737,0.832272682216847,0.905387610293954,0.938418994903736,0.954428952904816,0.962918075695958,0.966572224263167
-1.06720651321742e-05,-1.06720651321742e-05,-1.06720651321742e-05,-1.06720651321742e-05,-1.06720651321742e-05,-1.06720651321742e-05,-1.06720651321742e-05,-1.06720651321742e-05,-1.06720651321742e-05,-1.06720651321742e-05,-1.06720651321742e-05,-1.06720651321742e-05,-1.06720651321742e-05,-1.06720651321742e-05,-1.06720651321742e-05,-1.07117481235264e-05,-1.06699211158912e-05,-1.07104656213626e-05,-1.08333173661398e-05,-1.17119377563313e-05,-8.30470960882697e-06,2.36895679516162e-05,0.000230754334333483,0.00162424816665521,0.00947619006214116,0.043534778898272,0.13330542259084,0.260846103652084,0.430191621273065,0.67868806566135,0.838337203527798,0.908361499122809,0.940099224797865,0.95553044390387,0.963727988207738,0.96731041522834
-1.06720651321742e-05,-1.06720651321742e-05,-1.06720651321742e-05,-1.06720651321742e-05,-1.06720651321742e-05,-1.06720651321742e-05,-1.06720651321742e-05,-1.06720651321742e-05,-1.06720651321742e-05,-1.06720651321742e-05,-1.06720651321742e-05,-1.06720651321742e-05,-1.06720651321742e-05,-1.06720651321742e-05,-1.06720651321742e-05,-1.07171012937594e-05,-1.06682027042856e-05,-1.07115262503991e-05,-1.08528455854184e-05,-1.18841429989895e-05,-8.04524349954742e-06,2.80218386203993e-05,0.000259062873273782,0.00179761002926095,0.010366955260425,0.0467702224708575,0.13962076356355,0.268115389506578,0.442217517957791,0.69050432069011,0.844111826639683,0.911154068838458,0.941697989084692,0.956583882076339,0.964507946801037,0.968012203880779
-1.06720651321742e-05,-1.06720651321742e-05,-1.06720651321742e-05,-1.06720651321742e-05,-1.06720651321742e-05,-1.06720651321742e-05,-1.06720651321742e-05,-1.06720651321742e-05,-1.06720651321742e-05,-1.06720651321742e-05,-1.06720651321742e-05,-1.06720651321742e-05,-1.06720651321742e-05,-1.06720651321742e-05,-1.06720651321742e-05,-1.07225664218428e-05,-1.06660357043135e-05,-1.07114196216192e-05,-1.08692224169242e-05,-1.20428387608248e-05,-7.68341782399299e-06,3.29029437457014e-05,0.000290232770233464,0.001987392470654,0.0113255696123351,0.0501560525536263,0.145980361074874,0.275378317988456,0.454417828059784,0.701840969946723,0.849596723514483,0.913818173394706,0.943216534958401,0.957591405749677,0.965258817092631,0.968677951888539
-1.06720651321742e-05,-1.06720651321742e-05,-1.06720651321742e-05,-1.06720651321742e-05,-1.06720651321742e-05,-1.06720651321742e-05,-1.06720651321742e-05,-1.06720651321742e-05,-1.06720651321742e-05,-1.06720651321742e-05,-1.06720651321742e-05,-1.06720651321742e-05,-1.06720651321742e-05,-1.06720651321742e-05,-1.06720651321742e-05,-1.07280998880318e-05,-1.06633747132416e-05,-1.07099658720244e-05,-1.0881588463955e-05,-1.21835525684825e-05,-7.20485166520272e-06,3.83770516341049e-05,0.00032458357428311,0.00219475414469438,0.0123555567813497,0.0536917838670879,0.152373489116956,0.28264546446008,0.466762293473798,0.712680205078893,0.854793186917885,0.916369449815408,0.944656064417692,0.958555153251339,0.965981542195826,0.969308006076227
-1.06720651321742e-05,-1.06720651321742e-05,-1.06720651321742e-05,-1.06720651321742e-05,-1.06720651321742e-05,-1.06720651321742e-05,-1.06720651321742e-05,-1.06720651321742e-05,-1.06720651321742e-05,-1.06720651321742e-05,-1.06720651321742e-05,-1.06720651321742e-05,-1.06720651321742e-05,-1.06720651321742e-05,-1.06720651321742e-05,-1.0733658071634e-05,-1.06601743340207e-05,-1.0706985135774e-05,-1.08890843241246e-05,-1.23018119457659e-05,-6.59516409863651e-06,4.44883305978768e-05,0.000362434834486673,0.00242085370524023,0.01346030345314,0.0573769311317534,0.158789176521602,0.289931613086303,0.479219526026903,0.723040404272204,0.859702526512701,0.918808025427967,0.946024265183381,0.959477256404186,0.966676706200701,0.969902390246384
-1.06720651321742e-05,-1.06720651321742e-05,-1.06720651321742e-05,-1.06720651321742e-05,-1.06720651321742e-05,-1.06720651321742e-05,-1.06720651321742e-05,-1.06720651321742e-05,-1.06720651321742e-05,-1.06720651321742e-05,-1.06720651321742e-05,-1.06720651321742e-05,-1.06720651321742e-05,-1.06720651321742e-05,-1.06720651321742e-05,-1.07391973529047e-05,-1.06563891648648e-05,-1.0702297548922e-05,-1.08908505997836e-05,-1.23931444212152e-05,-5.83997420638601e-06,5.12809489445469e-05,0.000404106099912838,0.00266684980614968,0.0146431091675093,0.0612108975662276,0.165216809657139,0.29724593862286,0.49173674828511,0.732980401487447,0.864324665584784,0.921134393711895,0.947338229555384,0.960362849018189,0.967344515621827,0.97046858786319
-1.06720651321742e-05,-1.06720651321742e-05,-1.06720651321742e-05,-1.06720651321742e-05,-1.06720651321742e-05,-1.06720651321742e-05,-1.06720651321742e-05,-1.06720651321742e-05,-1.06720651321742e-05,-1.06720651321742e-05,-1.06720651321742e-05,-1.06720651321742e-05,-1.06720651321742e-05,-1.06720651321742e-05,-1.06720651321742e-05,-1.07446741130464e-05,-1.065197380683e-05,-1.06957232484698e-05,-1.08860278894933e-05,-1.24530775195808e-05,-4.92490106675329e-06,5.87990749844873e-05,0.000449916919628398,0.00293390110128181,0.0159072734642583,0.0651890292637072,0.1716462738781,0.304597368521389,0.504296004827898,0.742494377705221,0.868710252400904,0.923348569389929,0.948599422435252,0.961218969641024,0.967985174727067,0.971015979512026
-1.06720651321742e-05,-1.06720651321742e-05,-1.06720651321742e-05,-1.06720651321742e-05,-1.06720651321742e-05,-1.06720651321742e-05,-1.06720651321742e-05,-1.06720651321742e-05,-1.06720651321742e-05,-1.06720651321742e-05,-1.06720651321742e-05,-1.06720651321742e-05,-1.06720651321742e-05,-1.06720651321742e-05,-1.06720651321742e-05,-1.07500447304195e-05,-1.06468828609726e-05,-1.06870823676293e-05,-1.08737567946567e-05,-1.24771387637187e-05,-3.8355637608826e-06,6.70868770261753e-05,0.00050018684270204,0.00322323058412148,0.0172560958831895,0.0693050649575288,0.178067454991784,0.311994819457142,0.516877488008411,0.751574662233622,0.872898826988522,0.925449980977471,0.949808461097998,0.962045887514965,0.968598833511837,0.971544839557585
-1.06720651321742e-05,-1.06720651321742e-05,-1.06720651321742e-05,-1.06720651321742e-05,-1.06720651321742e-05,-1.06720651321742e-05,-1.06720651321742e-05,-1.06720651321742e-05,-1.06720651321742e-05,-1.06720651321742e-05,-1.06720651321742e-05,-1.06720651321742e-05,-1.06720651321742e-05,-1.06720651321742e-05,-1.06720651321742e-05,-1.07552655881212e-05,-1.06410709292959e-05,-1.0676195043402e-05,-1.08531779147825e-05,-1.24608556831163e-05,-2.55758136707603e-06,7.61885233799831e-05,0.000555235418197716,0.00353646507455968,0.0186928759641072,0.0735535371842872,0.184470709915502,0.319448942829723,0.529442095001272,0.760213584380752,0.876892089330491,0.927438056989923,0.950965973661612,0.962843725199187,0.969185684355702,0.972055366181956
-1.06720651321742e-05,-1.06720651321742e-05,-1.06720651321742e-05,-1.06720651321742e-05,-1.06720651321742e-05,-1.06720651321742e-05,-1.06720651321742e-05,-1.06720651321742e-05,-1.06720651321742e-05,-1.06720651321742e-05,-1.06720651321742e-05,-1.06720651321742e-05,-1.06720651321742e-05,-1.06720651321742e-05,-1.06720651321742e-05,-1.07602930645119e-05,-1.06344926090666e-05,-1.06628814108944e-05,-1.08234318503264e-05,-1.23997558015769e-05,-1.07657296553043e-06,8.61481823534405e-05,0.000615382195185058,0.00387538685863357,0.0202209133932314,0.0779289784805731,0.190849253052835,0.326982751750252,0.541950697172309,0.768420428867026,0.880690331315942,0.92931773127355,0.952072827973412,0.963612643676864,0.969748804549571,0.972547975057952
-1.06720651321742e-05,-1.06720651321742e-05,-1.06720651321742e-05,-1.06720651321742e-05,-1.06720651321742e-05,-1.06720651321742e-05,-1.06720651321742e-05,-1.06720651321742e-05,-1.06720651321742e-05,-1.06720651321742e-05,-1.06720651321742e-05,-1.06720651321742e-05,-1.06720651321742e-05,-1.06720651321742e-05,-1.06720651321742e-05,-1.07650835379521e-05,-1.06271025022882e-05,-1.06469616071081e-05,-1.07836592017444e-05,-1.22893666457458e-05,6.21842363557335e-07,9.70100222588144e-05,0.000680926379372219,0.00424177851213206,0.021843280790056,0.0824259213829777,0.197197358180133,0.334610166445675,0.554361582766813,0.776284085991395,0.884293771656496,0.931118157165345,0.95312978335174,0.964352813790875,0.970296615946198,0.973023092879966
-1.06720651321742e-05,-1.06720651321742e-05,-1.06720651321742e-05,-1.06720651321742e-05,-1.06720651321742e-05,-1.06720651321742e-05,-1.06720651321742e-05,-1.06720651321742e-05,-1.06720651321742e-05,-1.06720651321742e-05,-1.06720651321742e-05,-1.06720651321742e-05,-1.06720651321742e-05,-1.06720651321742e-05,-1.06720651321742e-05,-1.0769593391539e-05,-1.06188552090695e-05,-1.06282557652548e-05,-1.07330005694924e-05,-1.21252157403736e-05,2.55204554188519e-06,0.000108818211404582,0.000752110618419503,0.00463742261083932,0.0235621504019747,0.0870388984280945,0.203509300267846,0.342342481360742,0.566638182355907,0.78381616048257,0.887702713384531,0.93284470675002,0.954138735294432,0.965064406182318,0.970829865897917,0.973481146342392
-1.06720651321742e-05,-1.06720651321742e-05,-1.06720651321742e-05,-1.06720651321742e-05,-1.06720651321742e-05,-1.06720651321742e-05,-1.06720651321742e-05,-1.06720651321742e-05,-1.06720651321742e-05,-1.06720651321742e-05,-1.06720651321742e-05,-1.06720651321742e-05,-1.06720651321742e-05,-1.06720651321742e-05,-1.06720651321742e-05,-1.07737790055277e-05,-1.06097053295192e-05,-1.06065840242309e-05,-1.06705965530788e-05,-1.19028306102109e-05,4.72841748830888e-06,0.000121602609490878,0.000829495986431539,0.00506410173054424,0.0253794789185832,0.0917606043189105,0.209780004608969,0.350187595541865,0.578747499835486,0.791012701205202,0.890930446750187,0.934498492337184,0.955107567823166,0.965747591492292,0.971348771224939,0.973922554784924
-1.06720651321742e-05,-1.06720651321742e-05,-1.06720651321742e-05,-1.06720651321742e-05,-1.06720651321742e-05,-1.06720651321742e-05,-1.06720651321742e-05,-1.06720651321742e-05,-1.06720651321742e-05,-1.06720651321742e-05,-1.06720651321742e-05,-1.06720651321742e-05,-1.06720651321742e-05,-1.06720651321742e-05,-1.06720651321742e-05,-1.07775967582787e-05,-1.05996074665882e-05,-1.05817665163007e-05,-1.05955877539069e-05,-1.16177387828505e-05,7.16533912452633e-06,0.000135350245802594,0.000913701656334827,0.00552359844703479,0.0272972230294783,0.0965815647992343,0.216007134452873,0.35814950653894,0.590656539101444,0.797869916993183,0.894017744020347,0.936080627661139,0.956038497279384,0.966402546538236,0.971853482053421,0.974347592973882
-1.06720651321742e-05,-1.06720651321742e-05,-1.06720651321742e-05,-1.06720651321742e-05,-1.06720651321742e-05,-1.06720651321742e-05,-1.06720651321742e-05,-1.06720651321742e-05,-1.06720651321742e-05,-1.06720651321742e-05,-1.06720651321742e-05,-1.06720651321742e-05,-1.06720651321742e-05,-1.06720651321742e-05,-1.06720651321742e-05,-1.0781003030047e-05,-1.05885162165957e-05,-1.05536233794131e-05,-1.05071147714852e-05,-1.12654677839904e-05,9.87719137034067e-06,0.000150215335534654,0.00100534680105397,0.00601769533609608,0.0293173394242596,0.101493957710278,0.222189113193597,0.366232072564767,0.602334517273651,0.804385691275478,0.896969664137446,0.93759249097653,0.956932739739184,0.967029414426639,0.972344061739336,0.974756511337542
-1.06720651321742e-05,-1.06720651321742e-05,-1.06720651321742e-05,-1.06720651321742e-05,-1.06720651321742e-05,-1.06720651321742e-05,-1.06720651321742e-05,-1.06720651321742e-05,-1.06720651321742e-05,-1.06720651321742e-05,-1.06720651321742e-05,-1.06720651321742e-05,-1.06720651321742e-05,-1.06720651321742e-05,-1.06720651321742e-05,-1.07839542020353e-05,-1.057638618344e-05,-1.05219747477274e-05,-1.04043182062696e-05,-1.08415451364863e-05,1.28783551455551e-05,0.000166380446095597,0.00110505059351548,0.00654817497351606,0.0314417847925228,0.106490079938948,0.228324446224558,0.374448829147306,0.613761426429085,0.81055623429544,0.89978813073353,0.939035216482323,0.957791350943261,0.967628238468482,0.972820569015854,0.975149584153707
-1.06720651321742e-05,-1.06720651321742e-05,-1.06720651321742e-05,-1.06720651321742e-05,-1.06720651321742e-05,-1.06720651321742e-05,-1.06720651321742e-05,-1.06720651321742e-05,-1.06720651321742e-05,-1.06720651321742e-05,-1.06720651321742e-05,-1.06720651321742e-05,-1.06720651321742e-05,-1.06720651321742e-05,-1.06720651321742e-05,-1.07864066544986e-05,-1.05631719662824e-05,-1.04866407572975e-05,-1.02863386577686e-05,-1.03414983688784e-05,1.61832113718674e-05,0.000184028144888278,0.00121343220664111,0.00711681993508269,0.0336725158238664,0.111562228372154,0.234411659736584,0.382822517295482,0.624916665865487,0.816421700199545,0.902475220885762,0.940409662665112,0.958615288773679,0.96819905442696,0.97328306261615,0.975527085700179
-1.06720651321742e-05,-1.06720651321742e-05,-1.06720651321742e-05,-1.06720651321742e-05,-1.06720651321742e-05,-1.06720651321742e-05,-1.06720651321742e-05,-1.06720651321742e-05,-1.06720651321742e-05,-1.06720651321742e-05,-1.06720651321742e-05,-1.06720651321742e-05,-1.06720651321742e-05,-1.06720651321742e-05,-1.06720651321742e-05,-1.07883167667448e-05,-1.05488281652318e-05,-1.04474415432302e-05,-1.01523167273854e-05,-9.76085500686471e-06,1.98061409671861e-05,0.000203340999317447,0.00133111081336021,0.00772541970018494,0.0360112444973955,0.116702170583992,0.240453359012032,0.391356739293995,0.635790899717639,0.822056448869344,0.905033629218625,0.941722266140691,0.959405511112503,0.968741898065265,0.973731678027777,0.975889695657741
-1.06720651321742e-05,-1.06720651321742e-05,-1.06720651321742e-05,-1.06720651321742e-05,-1.06720651321742e-05,-1.06720651321742e-05,-1.06720651321742e-05,-1.06720651321742e-05,-1.06720651321742e-05,-1.06720651321742e-05,-1.06720651321742e-05,-1.06720651321742e-05,-1.06720651321742e-05,-1.06720651321742e-05,-1.06720651321742e-05,-1.07896409190289e-05,-1.05333093813442e-05,-1.04041972434743e-05,-1.00013930146285e-05,-9.0951425751958e-06,2.37615248551037e-05,0.000224501576786906,0.00145870558659359,0.00837589444189462,0.0384581557927362,0.121901666564762,0.246453380975035,0.400052881083465,0.646393008704731,0.827460852408503,0.907466358718526,0.942989546334662,0.960163365991996,0.96925768232911,0.974166698009359,0.976242016333664
-1.06720651321742e-05,-1.06720651321742e-05,-1.06720651321742e-05,-1.06720651321742e-05,-1.06720651321742e-05,-1.06720651321742e-05,-1.06720651321742e-05,-1.06720651321742e-05,-1.06720651321742e-05,-1.06720651321742e-05,-1.06720651321742e-05,-1.06720651321742e-05,-1.06720651321742e-05,-1.06720651321742e-05,-1.06720651321742e-05,-1.07903354916061e-05,-1.05165702147284e-05,-1.03567279902942e-05,-9.83270812184855e-06,-8.33988859862226e-06,2.80637439535288e-05,0.000247692444702352,0.00159683569926964,0.00907027655062223,0.041012859282363,0.127153060693411,0.252413495704496,0.408902670739343,0.656720456642556,0.83263463328989,0.909799903648997,0.944213361586498,0.96089691489903,0.969756049955408,0.974588162672017,0.976585425669572
-1.06720651321742e-05,-1.06720651321742e-05,-1.06720651321742e-05,-1.06720651321742e-05,-1.06720651321742e-05,-1.06720651321742e-05,-1.06720651321742e-05,-1.06720651321742e-05,-1.06720651321742e-05,-1.06720651321742e-05,-1.06720651321742e-05,-1.06720651321742e-05,-1.06720651321742e-05,-1.06720651321742e-05,-1.06720651321742e-05,-1.0790356865679e-05,-1.04985652664406e-05,-1.03048539216388e-05,-9.64540264571193e-06,-7.49062060378947e-06,3.27271791841592e-05,0.000273096170469482,0.00174612032431109,0.00981060182115527,0.0436749637742641,0.132448697527574,0.258335473279322,0.417895244048936,0.666773488362752,0.837576044708311,0.912045504622433,0.945394208687667,0.961609210676905,0.970239948364931,0.974996093900526,0.976920108450099
-1.06720651321742e-05,-1.06720651321742e-05,-1.06720651321742e-05,-1.06720651321742e-05,-1.06720651321742e-05,-1.06720651321742e-05,-1.06720651321742e-05,-1.06720651321742e-05,-1.06720651321742e-05,-1.06720651321742e-05,-1.06720651321742e-05,-1.06720651321742e-05,-1.06720651321742e-05,-1.06720651321742e-05,-1.06720651321742e-05,-1.07896614196079e-05,-1.04792491365894e-05,-1.02483951735621e-05,-9.43861719046405e-06,-6.54286611639539e-06,3.7766211466798e-05,0.000300895321492097,0.00190717863464442,0.010598906048286,0.046444078076424,0.13778092162488,0.26422112992742,0.427019803255863,0.676539003928319,0.842283273478628,0.914204064667881,0.946532448215987,0.96230048002561,0.970709669577737,0.975390513579662,0.977246249459883
-1.06720651321742e-05,-1.06720651321742e-05,-1.06720651321742e-05,-1.06720651321742e-05,-1.06720651321742e-05,-1.06720651321742e-05,-1.06720651321742e-05,-1.06720651321742e-05,-1.06720651321742e-05,-1.06720651321742e-05,-1.06720651321742e-05,-1.06720651321742e-05,-1.06720651321742e-05,-1.06720651321742e-05,-1.06720651321742e-05,-1.07882055355428e-05,-1.04585764243363e-05,-1.01871718783286e-05,-9.21149235277123e-06,-5.49215266213802e-06,4.31952217221957e-05,0.000331272465175895,0.00208062458904313,0.0114372250268048,0.04931981099683,0.143141340833905,0.270076427140353,0.436265550603738,0.686003903402261,0.846754506415705,0.916276829984744,0.947628440749274,0.962970949645135,0.971165505613879,0.9757714465781,0.977564033585943
-1.06720651321742e-05,-1.06720651321742e-05,-1.06720651321742e-05,-1.06720651321742e-05,-1.06720651321742e-05,-1.06720651321742e-05,-1.06720651321742e-05,-1.06720651321742e-05,-1.06720651321742e-05,-1.06720651321742e-05,-1.06720651321742e-05,-1.06720651321742e-05,-1.06720651321742e-05,-1.06720651321742e-05,-1.06720651321742e-05,-1.07859455927913e-05,-1.04365017326321e-05,-1.01210041757819e-05,-8.96316873403672e-06,-4.33400776671533e-06,4.90285908692082e-05,0.000364410168923731,0.00226704119086302,0.0123275945515,0.0523017713434674,0.148521960940327,0.275907739745151,0.44562168833618,0.69515508684758,0.850988717764254,0.918264349465399,0.948682562076,0.963620850161665,0.971607764392571,0.976138970679779,0.977873672964441
-1.06720651321742e-05,-1.06720651321742e-05,-1.06720651321742e-05,-1.06720651321742e-05,-1.06720651321742e-05,-1.06720651321742e-05,-1.06720651321742e-05,-1.06720651321742e-05,-1.06720651321742e-05,-1.06720651321742e-05,-1.06720651321742e-05,-1.06720651321742e-05,-1.06720651321742e-05,-1.06720651321742e-05,-1.06720651321742e-05,-1.07828379706613e-05,-1.04129796596908e-05,-1.00497121981865e-05,-8.69278693566381e-06,-3.0639589558253e-06,5.52806998304807e-05,0.000400491000140353,0.00246733767892332,0.0132720504171658,0.0553895679243245,0.153915795388273,0.281719511979253,0.455077418696805,0.703991338920569,0.855038223842437,0.920167115985534,0.949695391389181,0.964250526799987,0.972036820200737,0.976493074902335,0.978175332759643
-1.06720651321742e-05,-1.06720651321742e-05,-1.06720651321742e-05,-1.06720651321742e-05,-1.06720651321742e-05,-1.06720651321742e-05,-1.06720651321742e-05,-1.06720651321742e-05,-1.06720651321742e-05,-1.06720651321742e-05,-1.06720651321742e-05,-1.06720651321742e-05,-1.06720651321742e-05,-1.06720651321742e-05,-1.06720651321742e-05,-1.07788390513027e-05,-1.03879648065686e-05,-9.97311608159635e-06,-8.39948755716099e-06,-1.67753375421853e-06,6.19548887982546e-05,0.000439697526234302,0.00268252011710786,0.0142726284185888,0.0585826054160615,0.159315857791455,0.2875161880801,0.464612617183514,0.712540700995582,0.85894326991286,0.921985622420843,0.950667246760819,0.964860179859405,0.972452907360843,0.976833709168929,0.978469138080739
-1.06720651321742e-05,-1.06720651321742e-05,-1.06720651321742e-05,-1.06720651321742e-05,-1.06720651321742e-05,-1.06720651321742e-05,-1.06720651321742e-05,-1.06720651321742e-05,-1.06720651321742e-05,-1.06720651321742e-05,-1.06720651321742e-05,-1.06720651321742e-05,-1.06720651321742e-05,-1.06720651321742e-05,-1.06720651321742e-05,-1.07739052121284e-05,-1.03614117752689e-05,-9.89103596490774e-06,-8.08241119898412e-06,-1.70259688540379e-07,6.90530110953584e-05,0.00048221231460559,0.0029135945692938,0.0153314018667648,0.0618778596841632,0.164715162952252,0.293302212285135,0.474208474859603,0.720800439428459,0.862703059961936,0.923720524297073,0.95159834011593,0.965449924228691,0.972856234431466,0.977160823402726,0.978755214036917
-1.06720651321742e-05,-1.06720651321742e-05,-1.06720651321742e-05,-1.06720651321742e-05,-1.06720651321742e-05,-1.06720651321742e-05,-1.06720651321742e-05,-1.06720651321742e-05,-1.06720651321742e-05,-1.06720651321742e-05,-1.06720651321742e-05,-1.06720651321742e-05,-1.06720651321742e-05,-1.06720651321742e-05,-1.06720651321742e-05,-1.07679928352885e-05,-1.03332751640058e-05,-9.80329197943774e-06,-7.7406984606417e-06,1.46233571645856e-06,7.66558078595381e-05,0.000528217932662756,0.00316156709936498,0.0164502879867238,0.0652719752061065,0.170107146634615,0.299082028831797,0.483866629885875,0.728765204011816,0.866316797976079,0.925372681435212,0.952488883379531,0.966019874796618,0.97324700997118,0.977474367526886,0.979033685737365
-1.06720651321742e-05,-1.06720651321742e-05,-1.06720651321742e-05,-1.06720651321742e-05,-1.06720651321742e-05,-1.06720651321742e-05,-1.06720651321742e-05,-1.06720651321742e-05,-1.06720651321742e-05,-1.06720651321742e-05,-1.06720651321742e-05,-1.06720651321742e-05,-1.06720651321742e-05,-1.06720651321742e-05,-1.06720651321742e-05,-1.07610583010379e-05,-1.03035095747828e-05,-9.70970426408257e-06,-7.373489943537e-06,3.22472493413291e-06,8.48504193612598e-05,0.000577896947807706,0.00342744377120331,0.017630973475814,0.0687618303443675,0.17548621278442,0.304864730038071,0.493570247894362,0.736429644538269,0.869784209946014,0.926952208098349,0.953339091917372,0.966570146451956,0.973625442538563,0.977774326203003,0.979304689915666
-1.06720651321742e-05,-1.06720651321742e-05,-1.06720651321742e-05,-1.06720651321742e-05,-1.06720651321742e-05,-1.06720651321742e-05,-1.06720651321742e-05,-1.06720651321742e-05,-1.06720651321742e-05,-1.06720651321742e-05,-1.06720651321742e-05,-1.06720651321742e-05,-1.06720651321742e-05,-1.06720651321742e-05,-1.06720651321742e-05,-1.07530579886846e-05,-1.02720696067612e-05,-9.61009295300149e-06,-6.9799262481259e-06,5.1213804387847e-06,9.37239858795162e-05,0.000631431927448034,0.00371223064868881,0.0188751408918032,0.0723443034614244,0.180846531217568,0.31066245906636,0.503301368024192,0.743788410800437,0.873104925424503,0.928476945063674,0.954150831226123,0.967100934800408,0.973991818668713,0.97806071810637,0.979568432154627
-1.06720651321742e-05,-1.06720651321742e-05,-1.06720651321742e-05,-1.06720651321742e-05,-1.06720651321742e-05,-1.06720651321742e-05,-1.06720651321742e-05,-1.06720651321742e-05,-1.06720651321742e-05,-1.06720651321742e-05,-1.06720651321742e-05,-1.06720651321742e-05,-1.06720651321742e-05,-1.06720651321742e-05,-1.06720651321742e-05,-1.07439482784836e-05,-1.02389098619445e-05,-9.50427818035375e-06,-6.5591479720221e-06,7.15677470471595e-06,0.000103363647691405,0.000688922909708367,0.00401693379570342,0.0201844727924604,0.0760162729197541,0.186183160768493,0.31648065739721,0.513042029414493,0.75084455488176,0.876277913554458,0.929948153857577,0.954935752260113,0.967612418884395,0.974346370190878,0.97833343054059,0.979824994977763
-1.06720651321742e-05,-1.06720651321742e-05,-1.06720651321742e-05,-1.06720651321742e-05,-1.06720651321742e-05,-1.06720651321742e-05,-1.06720651321742e-05,-1.06720651321742e-05,-1.06720651321742e-05,-1.06720651321742e-05,-1.06720651321742e-05,-1.06720651321742e-05,-1.06720651321742e-05,-1.06720651321742e-05,-1.06720651321742e-05,-1.07336855516375e-05,-1.02039849394941e-05,-9.39208008503556e-06,-6.11029571947104e-06,9.33538020717606e-06,0.000113856545070234,0.000750524619102559,0.0043425592761281,0.0215606517355563,0.0797746170818338,0.191491623954856,0.322324376098262,0.5227738494759,0.757647248064704,0.879302143077269,0.931366829587667,0.955696618558619,0.968104619844793,0.974689223505865,0.9785923430166,0.980074432044317
-1.06720651321742e-05,-1.06720651321742e-05,-1.06720651321742e-05,-1.06720651321742e-05,-1.06720651321742e-05,-1.06720651321742e-05,-1.06720651321742e-05,-1.06720651321742e-05,-1.06720651321742e-05,-1.06720651321742e-05,-1.06720651321742e-05,-1.06720651321742e-05,-1.06720651321742e-05,-1.06720651321742e-05,-1.06720651321742e-05,-1.0722226187454e-05,-1.01672494404662e-05,-9.2733188002588e-06,-5.63251008713905e-06,1.16616694204671e-05,0.00012528981829405,0.000816662516392815,0.00469011315384478,0.0230053602788568,0.0836159533426686,0.196767996528068,0.328197049009309,0.532469695584567,0.764216082854091,0.882176582734326,0.932734191010776,0.956433835688996,0.968577557459687,0.975020505014471,0.978837335045337,0.980316797013533
-1.06720651321742e-05,-1.06720651321742e-05,-1.06720651321742e-05,-1.06720651321742e-05,-1.06720651321742e-05,-1.06720651321742e-05,-1.06720651321742e-05,-1.06720651321742e-05,-1.06720651321742e-05,-1.06720651321742e-05,-1.06720651321742e-05,-1.06720651321742e-05,-1.06720651321742e-05,-1.06720651321742e-05,-1.06720651321742e-05,-1.07095265661883e-05,-1.01286579659169e-05,-9.14781446113011e-06,-5.12493167832417e-06,1.41401148179436e-05,0.000137750607639002,0.000887768018241294,0.00506060149273537,0.0245202809801346,0.0875345734554183,0.202009492542458,0.334101679312504,0.542108148433226,0.770553104515208,0.884909528458327,0.934051099340333,0.957147809218604,0.969031251507159,0.975340341117498,0.979071539248421,0.980552143544651
-1.06720651321742e-05,-1.06720651321742e-05,-1.06720651321742e-05,-1.06720651321742e-05,-1.06720651321742e-05,-1.06720651321742e-05,-1.06720651321742e-05,-1.06720651321742e-05,-1.06720651321742e-05,-1.06720651321742e-05,-1.06720651321742e-05,-1.06720651321742e-05,-1.06720651321742e-05,-1.06720651321742e-05,-1.06720651321742e-05,-1.06955430680955e-05,-1.00881651150075e-05,-9.01538720654571e-06,-4.58670109064011e-06,1.6775188874855e-05,0.000151326053379345,0.000964272541310152,0.00545503046716457,0.0261071174954102,0.0915253520283727,0.20721346620128,0.340041270189996,0.551673539768468,0.776656206607855,0.887548551126014,0.935318353338878,0.957839006451199,0.969465725937045,0.97564885969068,0.979299804562177,0.980780533870636
-1.06720651321742e-05,-1.06720651321742e-05,-1.06720651321742e-05,-1.06720651321742e-05,-1.06720651321742e-05,-1.06720651321742e-05,-1.06720651321742e-05,-1.06720651321742e-05,-1.06720651321742e-05,-1.06720651321742e-05,-1.06720651321742e-05,-1.06720651321742e-05,-1.06720651321742e-05,-1.06720651321742e-05,-1.06720651321742e-05,-1.06802320724834e-05,-1.00457254887942e-05,-8.87585716877008e-06,-4.01695892643753e-06,1.95713640655034e-05,0.000166103295794073,0.00104660750226439,0.00587450179178006,0.0277673443546926,0.0955834981588964,0.212377271707786,0.346018824823939,0.561154001401243,0.782523340335465,0.890100606691452,0.936536751768956,0.958508000024234,0.969881131149594,0.975946286722362,0.979522385924483,0.98100210179957
-1.06720651321742e-05,-1.06720651321742e-05,-1.06720651321742e-05,-1.06720651321742e-05,-1.06720651321742e-05,-1.06720651321742e-05,-1.06720651321742e-05,-1.06720651321742e-05,-1.06720651321742e-05,-1.06720651321742e-05,-1.06720651321742e-05,-1.06720651321742e-05,-1.06721379789102e-05,-1.06720416558422e-05,-1.06720436775731e-05,-1.0663872931597e-05,-1.0002225375653e-05,-8.73307991184902e-06,-3.43232176192032e-06,2.25262943075677e-05,0.000182169475157442,0.00113520383434415,0.006320242882371,0.0295014913803205,0.0997041816389005,0.217498271407663,0.35204641064029,0.570532681787009,0.788152950727396,0.892565760405688,0.937707093510048,0.959155102680535,0.97027820989442,0.976232753257436,0.979739372579899,0.981216875973428
-1.06720651321742e-05,-1.06720651321742e-05,-1.06720651321742e-05,-1.06720651321742e-05,-1.06720651321742e-05,-1.06720651321742e-05,-1.06720651321742e-05,-1.06720651321742e-05,-1.06720651321742e-05,-1.06720651321742e-05,-1.06720651321742e-05,-1.06720651321742e-05,-1.06727069209001e-05,-1.06718469036574e-05,-1.06718502138392e-05,-1.06482907123488e-05,-9.96290025814991e-06,-8.6097557859451e-06,-2.93078720403628e-06,2.56165166983161e-05,0.000199611731745601,0.00123049017201614,0.00679343024863215,0.0313097905762087,0.103882491438196,0.222575572865686,0.35813870055248,0.579793044647609,0.793543003360878,0.894944077519769,0.938832179660313,0.9597806055532,0.970663506490937,0.976508816309552,0.979950847993691,0.981424853668087
-1.06720651321742e-05,-1.06720651321742e-05,-1.06720651321742e-05,-1.06720651321742e-05,-1.06720651321742e-05,-1.06720651321742e-05,-1.06720651321742e-05,-1.06720651321742e-05,-1.06720651321742e-05,-1.06720651321742e-05,-1.06720651321742e-05,-1.06720651321742e-05,-1.06738094567997e-05,-1.06714396944578e-05,-1.06714075116088e-05,-1.06335880919535e-05,-9.92784613724022e-06,-8.50633547220999e-06,-2.5136414365079e-06,2.88728459120572e-05,0.000218517205836595,0.00133289775085833,0.00729528168682521,0.0331926959764568,0.108113893039552,0.227609097520738,0.364299093163215,0.588923683988953,0.798693143408916,0.89723566720216,0.939926207453519,0.96038479977533,0.971038704499922,0.976777711685005,0.980156895631124,0.981626032159425
-1.06720651321742e-05,-1.06720651321742e-05,-1.06720651321742e-05,-1.06720651321742e-05,-1.06720651321742e-05,-1.06720651321742e-05,-1.06720651321742e-05,-1.06720651321742e-05,-1.06720651321742e-05,-1.06720651321742e-05,-1.06720651321742e-05,-1.06720651321742e-05,-1.06754087037568e-05,-1.06708015503424e-05,-1.06706573726948e-05,-1.0619537095143e-05,-9.89619295902836e-06,-8.41908618364566e-06,-2.16402812327487e-06,3.23343569543037e-05,0.000238973037702787,0.00144285830301764,0.00782702283917255,0.0351507024179597,0.112393704159595,0.232597988071941,0.370530891890651,0.597914674300461,0.80365565176802,0.899441028041102,0.940991931412433,0.960967976480022,0.971403949813685,0.977040080542049,0.980357598957463,0.981820408723319
-1.06720651321742e-05,-1.06720651321742e-05,-1.06720651321742e-05,-1.06720651321742e-05,-1.06720651321742e-05,-1.06720651321742e-05,-1.06720651321742e-05,-1.06720651321742e-05,-1.06720651321742e-05,-1.06720651321742e-05,-1.06720651321742e-05,-1.06720651321742e-05,-1.06774677751294e-05,-1.06699139953056e-05,-1.06695415989104e-05,-1.06059097447542e-05,-9.8670706743557e-06,-8.34427513420148e-06,-1.86509093111908e-06,3.60401248248839e-05,0.000261066367624115,0.00156080356063721,0.00838987934789278,0.0371843047376094,0.116715815196709,0.237541387218409,0.37683513483442,0.606756592874494,0.808455847407799,0.901560205736997,0.942029300285862,0.961530455789514,0.971759388324538,0.977296017889389,0.980553041635471,0.982007980635647
-1.06720651321742e-05,-1.06720651321742e-05,-1.06720651321742e-05,-1.06720651321742e-05,-1.06720651321742e-05,-1.06720651321742e-05,-1.06720651321742e-05,-1.06720651321742e-05,-1.06720651321742e-05,-1.06720651321742e-05,-1.06720651321742e-05,-1.06720651321742e-05,-1.06799497880653e-05,-1.06687585504991e-05,-1.06680019911209e-05,-1.05924780674134e-05,-9.83960923216879e-06,-8.27816953877421e-06,-1.59997352587501e-06,4.00292245293106e-05,0.000284884335874835,0.00168716525586111,0.00898507685520826,0.0392939977722979,0.121074900947863,0.242438437659264,0.383209932598198,0.615441997475572,0.813093597067443,0.903593101113832,0.943038262822611,0.962072727897523,0.972105228197342,0.977545644559916,0.980743380960911,0.982188762145892
-1.06720651321742e-05,-1.06720651321742e-05,-1.06720651321742e-05,-1.06720651321742e-05,-1.06720651321742e-05,-1.06720651321742e-05,-1.06720651321742e-05,-1.06720651321742e-05,-1.06720651321742e-05,-1.06720651321742e-05,-1.06720651321742e-05,-1.06720651321742e-05,-1.068281785687e-05,-1.0667316739917e-05,-1.06659803511396e-05,-1.05790140869052e-05,-9.81293858236162e-06,-8.21703661226062e-06,-1.35181957242973e-06,4.43407310721492e-05,0.000310514082732993,0.00182237512083532,0.00961384100333949,0.0414802763589184,0.125465883268348,0.247288633830801,0.389653203896414,0.623960921581183,0.817568604214499,0.905539614995598,0.944018774873594,0.962600165502157,0.972441708247282,0.977789188449197,0.980928776824289,0.982362891664646
-1.06720651321742e-05,-1.06720651321742e-05,-1.06720651321742e-05,-1.06720651321742e-05,-1.06720651321742e-05,-1.06720651321742e-05,-1.06720651321742e-05,-1.06720651321742e-05,-1.06720651321742e-05,-1.06720651321742e-05,-1.06720651321742e-05,-1.06720651321742e-05,-1.06860350986911e-05,-1.06655700875535e-05,-1.06634184788845e-05,-1.05652898270137e-05,-9.78618867293335e-06,-8.1571435667153e-06,-1.10377273756512e-06,4.90137194522807e-05,0.00033804274847095,0.00196686488770202,0.010277397434506,0.0437435121760558,0.129883684013455,0.252094488811409,0.396162867443493,0.632308826566153,0.821880572316509,0.907399648206282,0.944971007773117,0.963115641206299,0.972768994051718,0.97802678113552,0.981109336845665,0.982530404742701
-1.06720651321742e-05,-1.06720651321742e-05,-1.06720651321742e-05,-1.06720651321742e-05,-1.06720651321742e-05,-1.06720651321742e-05,-1.06720651321742e-05,-1.06720651321742e-05,-1.06720651321742e-05,-1.06720651321742e-05,-1.06720651321742e-05,-1.06720651321742e-05,-1.06895646278341e-05,-1.06635001164553e-05,-1.06602581780635e-05,-1.05510773143654e-05,-9.75848945377796e-06,-8.094757617035e-06,-8.3897668616828e-07,5.40872646761651e-05,0.000367557473368644,0.00212106628860719,0.0109769717909311,0.0460828364090133,0.134323225038475,0.256857325681789,0.402736841953859,0.640485026485995,0.826029204841016,0.909174865896991,0.945894993905972,0.963619301704801,0.973087250867983,0.97825853850603,0.981285168645102,0.982691306951333
-1.06720651321742e-05,-1.06720651321742e-05,-1.06720651321742e-05,-1.06720651321742e-05,-1.06720651321742e-05,-1.06720651321742e-05,-1.06720651321742e-05,-1.06720651321742e-05,-1.06720651321742e-05,-1.06720651321742e-05,-1.06720651321742e-05,-1.06720651321742e-05,-1.06933695604994e-05,-1.06610883477742e-05,-1.06564412485947e-05,-1.05361485727447e-05,-9.7289708757368e-06,-8.0261459781165e-06,-5.4057508407368e-07,5.96004417455257e-05,0.00039914537595962,0.0022854110556968,0.0117137966505074,0.0484971302803586,0.138779450611194,0.261578304487356,0.40937304614194,0.648483837196439,0.830014581372608,0.910892641088769,0.946790651818564,0.964111293692506,0.973396643953414,0.978484576447875,0.98145637984266,0.982845603861819
-1.06720651321742e-05,-1.06720651321742e-05,-1.06720651321742e-05,-1.06720651321742e-05,-1.06720651321742e-05,-1.06720651321742e-05,-1.06720651321742e-05,-1.06720651321742e-05,-1.06720651321742e-05,-1.06720651321742e-05,-1.06720651321742e-05,-1.06720651321742e-05,-1.06974130128871e-05,-1.06583163073992e-05,-1.06519094913438e-05,-1.05202756249885e-05,-9.69676288491428e-06,-7.94757586485654e-06,-1.91711597115803e-07,6.55923256649279e-05,0.000432812050124198,0.00246033092111209,0.0124891285069964,0.0509853504968807,0.143247809112537,0.266259209311536,0.416069398722161,0.656299805384439,0.833836788897203,0.912562608386406,0.947657900057299,0.964591764086127,0.973697338565345,0.978705010848201,0.9816230780584,0.982993301045436
-1.06720651321742e-05,-1.06720651321742e-05,-1.06720651321742e-05,-1.06720651321742e-05,-1.06720651321742e-05,-1.06720651321742e-05,-1.06720651321742e-05,-1.06720651321742e-05,-1.06720651321742e-05,-1.06720651321742e-05,-1.06720651321742e-05,-1.06720651321742e-05,-1.07016581002502e-05,-1.06551655155348e-05,-1.0646604709071e-05,-1.05032304977234e-05,-9.66099543404653e-06,-7.85531448930972e-06,2.2447010697609e-07,7.21019914360947e-05,0.000468659833604571,0.00264625797917309,0.013304084762504,0.0535464537653676,0.147724245532578,0.270901483862537,0.422823818408946,0.663928855037684,0.837495362927849,0.914184818020371,0.948496657168582,0.965060934721886,0.973989499961109,0.978919957594156,0.981785370912387,0.983135493401591
-1.06720651321742e-05,-1.06720651321742e-05,-1.06720651321742e-05,-1.06720651321742e-05,-1.06720651321742e-05,-1.06720651321742e-05,-1.06720651321742e-05,-1.06720651321742e-05,-1.06720651321742e-05,-1.06720651321742e-05,-1.06720651321742e-05,-1.06720651321742e-05,-1.07060679368942e-05,-1.06516174980698e-05,-1.06404687026422e-05,-1.04847852147335e-05,-9.62079847113273e-06,-7.7456290673202e-06,7.24826366157079e-07,7.91685140626441e-05,0.000506912160498511,0.00284369436876943,0.0141597538730906,0.0561793967926083,0.152204725768324,0.275506562651113,0.429636791815405,0.671365428162289,0.841002409524002,0.915759320221133,0.949306841698819,0.965518961901849,0.974273297552085,0.979129532572887,0.98194336602468,0.983274102402108
-1.06720651321742e-05,-1.06720651321742e-05,-1.06720651321742e-05,-1.06720651321742e-05,-1.06720651321742e-05,-1.06720651321742e-05,-1.06720651321742e-05,-1.06720651321742e-05,-1.06720651321742e-05,-1.06720651321742e-05,-1.06720651321742e-05,-1.06720651321742e-05,-1.07106056399668e-05,-1.06476537761561e-05,-1.06334432719753e-05,-1.04647117998032e-05,-9.57530194417207e-06,-7.61478681283734e-06,1.32621351080312e-06,8.68309685481942e-05,0.000547792464911368,0.0030532918122456,0.0150572242948205,0.0588831362853909,0.156685215716781,0.280078346340935,0.436519218568578,0.678605800043277,0.84440598022148,0.917286165219161,0.950088423241467,0.965965918319899,0.974548894739189,0.979333847465312,0.982097151376356,0.983409244737134
-1.06720651321742e-05,-1.06720651321742e-05,-1.06720651321742e-05,-1.06720651321742e-05,-1.06720651321742e-05,-1.06720651321742e-05,-1.06720651321742e-05,-1.06720651321742e-05,-1.06720651321742e-05,-1.06720651321742e-05,-1.06720651321742e-05,-1.06720651321742e-05,-1.07152343247208e-05,-1.06432558756827e-05,-1.06254702207783e-05,-1.04427822805064e-05,-9.52363580400591e-06,-7.45905493886312e-06,2.04548787792191e-06,9.51284298954154e-05,0.000591524180939018,0.00327572094819952,0.0159975844837552,0.0616566289505045,0.161161681274959,0.284622961285365,0.443464629965144,0.685663970131122,0.847710413495979,0.918765480678909,0.950841401480097,0.966401876669922,0.974816406621162,0.979532986060416,0.982246779784877,0.983540995515367
-1.06720651321742e-05,-1.06720651321742e-05,-1.06720651321742e-05,-1.06720651321742e-05,-1.06720651321742e-05,-1.06720651321742e-05,-1.06720651321742e-05,-1.06720651321742e-05,-1.06720651321742e-05,-1.06720651321742e-05,-1.06720651321742e-05,-1.06720651321742e-05,-1.07199171064091e-05,-1.06384053159066e-05,-1.06164913489692e-05,-1.04187686787327e-05,-9.46492999958082e-06,-7.2747006612417e-06,2.89950579978419e-06,0.000104099973106978,0.000638330742683972,0.00351165241522343,0.0169819228959597,0.0644988314947369,0.165630025107575,0.289142510708553,0.450462819151818,0.692542201709205,0.850915616570894,0.920197552562261,0.951565626477655,0.966826909645802,0.97507594381867,0.979727027844168,0.982392324200528,0.983669425156336
-1.06720651321742e-05,-1.06720651321742e-05,-1.06720651321742e-05,-1.06720651321742e-05,-1.06720651321742e-05,-1.06720651321742e-05,-1.06720651321742e-05,-1.06720651321742e-05,-1.06720651321742e-05,-1.06720651321742e-05,-1.06720651321742e-05,-1.06720651321742e-05,-1.07246171002847e-05,-1.06330836227168e-05,-1.06064484583612e-05,-1.03924430182663e-05,-9.39831447984337e-06,-7.05799119297505e-06,3.90512361245025e-06,0.000113784673187448,0.000688435584246842,0.00376175685191716,0.0180113279874935,0.0674085738291941,0.17008658104738,0.29363901724727,0.45750713236549,0.699238992810038,0.854021360773793,0.921582365608594,0.952260942659554,0.967241089941422,0.975327616952383,0.979916053131789,0.982533858163327,0.983794611211907
-1.06720651321742e-05,-1.06720651321742e-05,-1.06720651321742e-05,-1.06720651321742e-05,-1.06720651321742e-05,-1.06720651321742e-05,-1.06720651321742e-05,-1.06720651321742e-05,-1.06720651321742e-05,-1.06720651321742e-05,-1.06720651321742e-05,-1.06720651321742e-05,-1.07292974225478e-05,-1.06272723172651e-05,-1.05952833498198e-05,-1.03635773266812e-05,-9.32291919468753e-06,-6.80519374895994e-06,5.07919764819083e-06,0.000124221605138549,0.000742062139727295,0.00402670489687485,0.019086888214422,0.0703828049346868,0.174528113582592,0.298114503538284,0.464590915843046,0.70575372961484,0.857027038412203,0.922919877869767,0.952927194451206,0.96764450174508,0.975571536642967,0.980100142238497,0.982671455213286,0.983916631233948
-1.06720651321742e-05,-1.06720651321742e-05,-1.06720651321742e-05,-1.06720651321742e-05,-1.06720651321742e-05,-1.06720651321742e-05,-1.06720651321742e-05,-1.06720651321742e-05,-1.06720651321742e-05,-1.06720651321742e-05,-1.06720651321742e-05,-1.06720651321742e-05,-1.07339211893986e-05,-1.06209529244931e-05,-1.05829378242106e-05,-1.03319436258668e-05,-9.23787409400726e-06,-6.51257554314573e-06,6.43858424401363e-06,0.000135449843964845,0.000799433843225946,0.00430716718869159,0.0202096920328074,0.0734187451115332,0.178951390672349,0.302570992218367,0.471707515821377,0.712084680067967,0.859932041793647,0.924210047397639,0.953564226278022,0.968037295663789,0.97580781351109,0.980279375479509,0.982805310523857,0.984035562774325
-1.06720651321742e-05,-1.06720651321742e-05,-1.06720651321742e-05,-1.06720651321742e-05,-1.06720651321742e-05,-1.06720651321742e-05,-1.06720651321742e-05,-1.06720651321742e-05,-1.06720651321742e-05,-1.06720651321742e-05,-1.06720651321742e-05,-1.06720651321742e-05,-1.07384515151428e-05,-1.06141069674474e-05,-1.0569353684294e-05,-1.02973139415023e-05,-9.14230912580176e-06,-6.17640378948181e-06,8.0001397302946e-06,0.000147508464669007,0.00086077412884246,0.0046038143659653,0.0213808340227293,0.0765140018073699,0.183353180275786,0.307010505924286,0.478851472270854,0.718229924653979,0.862735763225653,0.925452832244067,0.954171888891866,0.968419552626828,0.976036578422296,0.980453833170046,0.982935790653754,0.984151483384908
-1.06720651321742e-05,-1.06720651321742e-05,-1.06720651321742e-05,-1.06720651321742e-05,-1.06720651321742e-05,-1.06720651321742e-05,-1.06720651321742e-05,-1.06720651321742e-05,-1.06720651321742e-05,-1.06720651321742e-05,-1.06720651321742e-05,-1.06720651321742e-05,-1.07428515178754e-05,-1.06067159682273e-05,-1.05544727309355e-05,-1.02594602992667e-05,-9.03535423901758e-06,-5.79294570286493e-06,9.78072044498883e-06,0.000160436542253706,0.000926306430679347,0.00491731706729202,0.0226012842002338,0.0796661824698324,0.187730250352037,0.311435067292814,0.48601839434127,0.724187543857433,0.865437595015743,0.926648205982751,0.95475013625158,0.968791337584742,0.976258002772609,0.980623601904684,0.98306299610822,0.984264470617564
-1.06720651321742e-05,-1.06720651321742e-05,-1.06720651321742e-05,-1.06720651321742e-05,-1.06720651321742e-05,-1.06720651321742e-05,-1.06720651321742e-05,-1.06720651321742e-05,-1.06720651321742e-05,-1.06720651321742e-05,-1.06720651321742e-05,-1.06720651321742e-05,-1.07470843090596e-05,-1.0598761450827e-05,-1.05382367650009e-05,-1.02181547229444e-05,-8.91613938544348e-06,-5.35846849534967e-06,1.17971827194197e-05,0.000174273151722559,0.000996254182835325,0.00524834593126779,0.0238716197617909,0.082872894546558,0.192080141130807,0.315846698960721,0.493200812340404,0.729965536974792,0.868037109546992,0.927796319200842,0.955303432811607,0.969152715488077,0.976472194116364,0.980788824511748,0.983187060179608,0.98437460215143
-1.06720651321742e-05,-1.06720651321742e-05,-1.06720651321742e-05,-1.06720651321742e-05,-1.06720651321742e-05,-1.06720651321742e-05,-1.06720651321742e-05,-1.06720651321742e-05,-1.06720651321742e-05,-1.06720651321742e-05,-1.06720651321742e-05,-1.06720651321742e-05,-1.07511130077379e-05,-1.05902249373457e-05,-1.05205875892504e-05,-1.01731692363198e-05,-8.78379451118387e-06,-4.86923938372759e-06,1.40663828896474e-05,0.000189057368077291,0.00107084081941101,0.00559757159648673,0.0251923665718711,0.0861317454851815,0.196401253512904,0.320249616756775,0.500386796401375,0.735587914685805,0.870533949226928,0.928897133512643,0.955841528982308,0.969503751287376,0.976679255057347,0.980949585689777,0.983308052940158,0.984481965698633
-1.06720651321742e-05,-1.06720651321742e-05,-1.06720651321742e-05,-1.06720651321742e-05,-1.06720651321742e-05,-1.06720651321742e-05,-1.06720651321742e-05,-1.06720651321742e-05,-1.06720651321742e-05,-1.06720651321742e-05,-1.06720651321742e-05,-1.06720651321742e-05,-1.07549007272686e-05,-1.05810879517776e-05,-1.05014670036023e-05,-1.01242758641244e-05,-8.63744956802748e-06,-4.32152558100067e-06,1.66051772898375e-05,0.000204828266323413,0.00115028977450606,0.00596566470154774,0.0265640504949478,0.0894403427333401,0.200691585888847,0.324656630959691,0.507567304241134,0.741056140450571,0.872927387068431,0.929950537590385,0.956365014505562,0.969844509933183,0.976879594180243,0.981105951016508,0.983426034977469,0.984586627936469
-1.06720651321742e-05,-1.06720651321742e-05,-1.06720651321742e-05,-1.06720651321742e-05,-1.06720651321742e-05,-1.06720651321742e-05,-1.06720651321742e-05,-1.06720651321742e-05,-1.06720651321742e-05,-1.06720651321742e-05,-1.06720651321742e-05,-1.06720651321742e-05,-1.07584105857465e-05,-1.05713320171693e-05,-1.04808168089221e-05,-1.007124663109e-05,-8.4762345039735e-06,-3.71159430206565e-06,1.94304222522608e-05,0.000221624921462649,0.00123482448222205,0.006353295885044,0.0279871973954954,0.0927962937386714,0.204949188053118,0.329070304122427,0.514734044838375,0.746369750664517,0.875216689231059,0.930956683319443,0.956874173654987,0.970175056478486,0.977074723132501,0.981257986069676,0.983541066879144,0.984688641832426
-1.06720651321742e-05,-1.06720651321742e-05,-1.06720651321742e-05,-1.06720651321742e-05,-1.06720651321742e-05,-1.06720651321742e-05,-1.06720651321742e-05,-1.06720651321742e-05,-1.06720651321742e-05,-1.06720651321742e-05,-1.06720651321742e-05,-1.06720651321742e-05,-1.07616056965298e-05,-1.05609386556201e-05,-1.04585788079703e-05,-1.00138535638431e-05,-8.29927926986329e-06,-3.03571275992454e-06,2.25589741129776e-05,0.000239486408499564,0.00132466837666054,0.00676113578604429,0.0294623331379834,0.0961971757721462,0.209172443439714,0.333491564110659,0.521878733850758,0.75152810192888,0.877401185392273,0.931928813056303,0.9573692907042,0.970495483347638,0.977264929789318,0.98140575642702,0.983653209232781,0.984788060353997
-1.06720651321742e-05,-1.06720651321742e-05,-1.06720651321742e-05,-1.06720651321742e-05,-1.06720651321742e-05,-1.06720651321742e-05,-1.06720651321742e-05,-1.06720651321742e-05,-1.06720651321742e-05,-1.06720651321742e-05,-1.06720651321742e-05,-1.06720651321742e-05,-1.07644491758189e-05,-1.05498893930189e-05,-1.04346948016124e-05,-9.95186868332591e-06,-8.10571381274864e-06,-2.29014817042146e-06,2.60076892071008e-05,0.000258395082154076,0.00142004489191928,0.00718991023875617,0.0309899835868852,0.0996393936356649,0.213359699208852,0.337921338790063,0.528994466730652,0.756530550844899,0.879504347954636,0.932874653274641,0.957850654340092,0.970805851891599,0.977450327959829,0.981549327666274,0.983762522625982,0.984884936468669
-1.06720651321742e-05,-1.06720651321742e-05,-1.06720651321742e-05,-1.06720651321742e-05,-1.06720651321742e-05,-1.06720651321742e-05,-1.06720651321742e-05,-1.06720651321742e-05,-1.06720651321742e-05,-1.06720651321742e-05,-1.06720651321742e-05,-1.06720651321742e-05,-1.0766904139814e-05,-1.05381657486229e-05,-1.04091065907141e-05,-9.8850640171122e-06,-7.8946680844183e-06,-1.47116774561103e-06,2.97934238650062e-05,0.000278343946990844,0.00152117746210081,0.0076403813697984,0.0325706746066733,0.103119394321344,0.217509864349483,0.342360556026314,0.536073924668093,0.76137645401381,0.881546148445316,0.933794637394904,0.958318612697019,0.971106190606964,0.977631038411626,0.981688765365174,0.983869067646345,0.984979323143934
-1.06720651321742e-05,-1.06720651321742e-05,-1.06720651321742e-05,-1.06720651321742e-05,-1.06720651321742e-05,-1.06720651321742e-05,-1.06720651321742e-05,-1.06720651321742e-05,-1.06720651321742e-05,-1.06720651321742e-05,-1.06720651321742e-05,-1.06720651321742e-05,-1.07689337037679e-05,-1.05257492473735e-05,-1.03817559770884e-05,-9.81321158803894e-06,-7.66527203287145e-06,-5.75038700389996e-07,3.39330344246491e-05,0.000299450154363967,0.00162828952130383,0.00811327513229495,0.0342049320618202,0.106634049348953,0.22162286813219,0.346810143685086,0.543108710566557,0.766065170880721,0.88352763494569,0.934689282540134,0.958773436427886,0.97139652799033,0.977807172704127,0.9818241362584,0.98397290595341,0.985071273347282
-1.06720651321742e-05,-1.06720651321742e-05,-1.06720651321742e-05,-1.06720651321742e-05,-1.06720651321742e-05,-1.06720651321742e-05,-1.06720651321742e-05,-1.06720651321742e-05,-1.06720651321742e-05,-1.06720651321742e-05,-1.06720651321742e-05,-1.06720651321742e-05,-1.0770500983881e-05,-1.05126214142122e-05,-1.03525847625482e-05,-9.73608342178522e-06,-7.41665560705466e-06,4.0197175034488e-07,3.84433772201949e-05,0.000321832386775138,0.0017416045036299,0.00860931747936699,0.035893281910315,0.110180230238257,0.225697964313775,0.351271029632057,0.55008997727546,0.770596569290312,0.885449559212788,0.935558933670714,0.959215364672015,0.971676892538293,0.977978820687346,0.981955519778163,0.984074114170997,0.985160840242183
-1.06720651321742e-05,-1.06720651321742e-05,-1.06720651321742e-05,-1.06720651321742e-05,-1.06720651321742e-05,-1.06720651321742e-05,-1.06720651321742e-05,-1.06720651321742e-05,-1.06720651321742e-05,-1.06720651321742e-05,-1.06720651321742e-05,-1.06720651321742e-05,-1.07715690944588e-05,-1.0498763770291e-05,-1.0321534747959e-05,-9.65345154213537e-06,-7.14794875591451e-06,1.46359639359162e-06,4.33413085839144e-05,0.000345609326726996,0.0018613457847105,0.0091292343641328,0.0376361380111329,0.113754808509024,0.229734385658149,0.355744141732901,0.55700996334949,0.774970300401712,0.887312576163899,0.936403921645266,0.959644636568729,0.97194731274745,0.978146071944358,0.982082975680631,0.9841727512549,0.98524810226989
-1.06720651321742e-05,-1.06720651321742e-05,-1.06720651321742e-05,-1.06720651321742e-05,-1.06720651321742e-05,-1.06720651321742e-05,-1.06720651321742e-05,-1.06720651321742e-05,-1.06720651321742e-05,-1.06720651321742e-05,-1.06720651321742e-05,-1.06720651321742e-05,-1.07721011517015e-05,-1.04841578386565e-05,-1.02885477351341e-05,-9.56508797476848e-06,-6.85828143029236e-06,2.61356801255867e-06,4.86436848509205e-05,0.000370899656722183,0.00198778744489421,0.00967375173971637,0.0394331624616655,0.117354655681022,0.233731364929219,0.360230407853293,0.563862538829077,0.779189193129604,0.889117340716309,0.93722457732241,0.960061491257351,0.972207817114397,0.978309016058233,0.982206556819706,0.984268868647598,0.985333124408812
-1.06720651321742e-05,-1.06720651321742e-05,-1.06720651321742e-05,-1.06720651321742e-05,-1.06720651321742e-05,-1.06720651321742e-05,-1.06720651321742e-05,-1.06720651321742e-05,-1.06720651321742e-05,-1.06720651321742e-05,-1.06720651321742e-05,-1.06720651321742e-05,-1.07720602718094e-05,-1.04687851423553e-05,-1.02535655249388e-05,-9.47076474346886e-06,-6.54678357913478e-06,3.85561939519145e-06,5.43673623534839e-05,0.000397822059262391,0.00212129643145621,0.010243595559237,0.0412837689204451,0.120976643274019,0.2376881348909,0.364730755858908,0.570641614337299,0.783286082201518,0.890864507787308,0.93802123156077,0.960466167877204,0.972458442062388,0.978467742612043,0.982326316049287,0.98436251779157,0.98541595132202
-1.06720651321742e-05,-1.06720651321742e-05,-1.06720651321742e-05,-1.06720651321742e-05,-1.06720651321742e-05,-1.06720651321742e-05,-1.06720651321742e-05,-1.06720651321742e-05,-1.06720651321742e-05,-1.06720651321742e-05,-1.06720651321742e-05,-1.06720651321742e-05,-1.07714095690881e-05,-1.04526272044344e-05,-1.02165299172915e-05,-9.37025387202084e-06,-6.21258515138834e-06,5.19348332754059e-06,6.0529197430507e-05,0.000426495216848366,0.00226224833161079,0.0108394917758157,0.0431873710460081,0.124617549587364,0.241603928307097,0.369246113615425,0.577342211636815,0.787269407542624,0.892554732294184,0.938794215218969,0.96085890566713,0.972699231136736,0.978622341188858,0.982442306223275,0.984453750129296,0.985496627672579
-1.06720651321742e-05,-1.06720651321742e-05,-1.06720651321742e-05,-1.06720651321742e-05,-1.06720651321742e-05,-1.06720651321742e-05,-1.06720651321742e-05,-1.06720651321742e-05,-1.06720651321742e-05,-1.06720651321742e-05,-1.06720651321742e-05,-1.06720651321742e-05,-1.07701121606851e-05,-1.0435665549835e-05,-1.01773827168472e-05,-9.26332738610351e-06,-5.85481609599962e-06,6.63089259565671e-06,6.71460464104712e-05,0.000457037811985591,0.00241101873257132,0.0114621663425756,0.0451433824968897,0.128273979118804,0.245479339526862,0.373777262462586,0.583958722856725,0.791139607780178,0.894188706517015,0.939543888777954,0.961239983619792,0.972930194189341,0.97877290137175,0.98255458019557,0.984542617103253,0.98557519812356
-1.06720651321742e-05,-1.06720651321742e-05,-1.06720651321742e-05,-1.06720651321742e-05,-1.06720651321742e-05,-1.06720651321742e-05,-1.06720651321742e-05,-1.06720651321742e-05,-1.06720651321742e-05,-1.06720651321742e-05,-1.06720651321742e-05,-1.06720651321742e-05,-1.07681311609061e-05,-1.04178817016039e-05,-1.01360657216295e-05,-9.14975731044857e-06,-5.47260636286258e-06,8.17157998180088e-06,7.42347656322787e-05,0.000489568527172916,0.0025679832215521,0.0121123452126341,0.0471512169316213,0.131942992031614,0.249315954005475,0.378323383309588,0.590484898134581,0.794897175497723,0.895767311237656,0.940270677149833,0.961609654167811,0.973151338917781,0.978919524285028,0.982663190820074,0.984629170155924,0.985651707338032
-1.06720651321742e-05,-1.06720651321742e-05,-1.06720651321742e-05,-1.06720651321742e-05,-1.06720651321742e-05,-1.06720651321742e-05,-1.06720651321742e-05,-1.06720651321742e-05,-1.06720651321742e-05,-1.06720651321742e-05,-1.06720651321742e-05,-1.06720651321742e-05,-1.07654296859513e-05,-1.03992571789983e-05,-1.00925207343986e-05,-9.02931566884035e-06,-5.0650859009238e-06,9.81927827676069e-06,8.18122114282005e-05,0.000524206044914877,0.0027335173857665,0.012790754339116,0.0492102880087392,0.135621691881919,0.253113881002955,0.38288405935409,0.596915485067522,0.798543028069893,0.89729118196818,0.940974878373181,0.961968128273912,0.97336267301964,0.979062302399194,0.982768190950686,0.984713460729785,0.985726199979062
-1.06720651321742e-05,-1.06720651321742e-05,-1.06720651321742e-05,-1.06720651321742e-05,-1.06720651321742e-05,-1.06720651321742e-05,-1.06720651321742e-05,-1.06720651321742e-05,-1.06720651321742e-05,-1.06720651321742e-05,-1.06720651321742e-05,-1.06720651321742e-05,-1.07619708510735e-05,-1.03797735098018e-05,-1.00466895569677e-05,-8.90177448695795e-06,-4.63138466007725e-06,1.15777202637446e-05,8.9895240132402e-05,0.000561069047712219,0.00290799681242883,0.0134981196751407,0.0513200093867785,0.139307182225843,0.256873221471147,0.387472678238157,0.603248425672448,0.802077634340723,0.898760904407163,0.941656778173526,0.96231561690082,0.973564204192499,0.979201310257928,0.982869637339294,0.984795540698309,0.985798720709719
-1.06720651321742e-05,-1.06720651321742e-05,-1.06720651321742e-05,-1.06720651321742e-05,-1.06720651321742e-05,-1.06720651321742e-05,-1.06720651321742e-05,-1.06720651321742e-05,-1.06720651321742e-05,-1.06720651321742e-05,-1.06720651321742e-05,-1.06720651321742e-05,-1.07577177734205e-05,-1.03594122151662e-05,-9.99851399114959e-06,-8.76690578858567e-06,-4.17063258926949e-06,1.34506387288032e-05,9.8500708079996e-05,0.000600276218067582,0.00309179708875244,0.0142351987493072,0.0534797947242708,0.14299658627373,0.2605940763619,0.39209183156919,0.6094805638459,0.805501329810588,0.900177064253177,0.942316662276401,0.962652331011262,0.973755940133939,0.979336622396531,0.982967585018773,0.9848754624655,0.985869314193071
-1.06720651321742e-05,-1.06720651321742e-05,-1.06720651321742e-05,-1.06720651321742e-05,-1.06720651321742e-05,-1.06720651321742e-05,-1.06720651321742e-05,-1.06720651321742e-05,-1.06720651321742e-05,-1.06720651321742e-05,-1.06720651321742e-05,-1.06720651321742e-05,-1.07526335663503e-05,-1.03381548162436e-05,-9.94793583780999e-06,-8.62448159845523e-06,-3.68195963744711e-06,1.54417664579872e-05,0.000107645471602306,0.000641946238483608,0.00328529380195259,0.0150026656643234,0.0556890576797542,0.146687139241665,0.264276546627059,0.396739818383307,0.615608667010662,0.808814449979858,0.901543763239787,0.942954816407332,0.962978481567963,0.973939135181318,0.979468313350303,0.983062075311289,0.984953270215991,0.98593803193928
-1.06720651321742e-05,-1.06720651321742e-05,-1.06720651321742e-05,-1.06720651321742e-05,-1.06720651321742e-05,-1.06720651321742e-05,-1.06720651321742e-05,-1.06720651321742e-05,-1.06720651321742e-05,-1.06720651321742e-05,-1.06720651321742e-05,-1.06720651321742e-05,-1.07466813470107e-05,-1.03159828398702e-05,-9.89489689591968e-06,-8.47427394035094e-06,-3.16449575545145e-06,1.75548362363998e-05,0.000117346387038234,0.000686197791462935,0.00348886253924074,0.0158010244483099,0.0579472119117592,0.150375949654263,0.26792073321847,0.401414937716622,0.6216303256287,0.812017330348906,0.902872698147734,0.943571526291851,0.963294825200462,0.974117410966276,0.979596457654545,0.983153149148815,0.985029006727339,0.98600493036295
-1.06720651321742e-05,-1.06720651321742e-05,-1.06720651321742e-05,-1.06720651321742e-05,-1.06720651321742e-05,-1.06720651321742e-05,-1.06720651321742e-05,-1.06720651321742e-05,-1.06720651321742e-05,-1.06720651321742e-05,-1.06720651321742e-05,-1.06720651321742e-05,-1.07398242297071e-05,-1.02928778071979e-05,-9.83933897013382e-06,-8.3160548399519e-06,-2.61737088938692e-06,1.97935808510389e-05,0.00012762031071721,0.000733149559506311,0.00370287888783309,0.0166307750651517,0.0602536710788238,0.154060310057591,0.271526737786248,0.406115488605252,0.627542532666281,0.815110306418104,0.904165221057779,0.944167079334283,0.963602702096392,0.974291101314285,0.979721129844557,0.983241263001896,0.985102714777095,0.986070082862265
-1.06720651321742e-05,-1.06720651321742e-05,-1.06720651321742e-05,-1.06720651321742e-05,-1.06720651321742e-05,-1.06720651321742e-05,-1.06720651321742e-05,-1.06720651321742e-05,-1.06720651321742e-05,-1.06720651321742e-05,-1.06720651321742e-05,-1.06720651321742e-05,-1.07320253325346e-05,-1.02688212422208e-05,-9.78120386037062e-06,-8.14959632293721e-06,-2.03971499293705e-06,2.21617330870079e-05,0.000138484098977187,0.000782920225116375,0.00392771843494112,0.0174924174787359,0.0626078488394806,0.157737938395029,0.275097183597238,0.410839770085312,0.633341899676487,0.818093766156844,0.905422017947603,0.944741827083224,0.963902355573336,0.974460294437224,0.979842404455637,0.983327069216143,0.985174437142818,0.986133531985884
-1.06720651321742e-05,-1.06720651321742e-05,-1.06720651321742e-05,-1.06720651321742e-05,-1.06720651321742e-05,-1.06720651321742e-05,-1.06720651321742e-05,-1.06720651321742e-05,-1.06720651321742e-05,-1.06720651321742e-05,-1.06720651321742e-05,-1.06720651321742e-05,-1.07232477669565e-05,-1.02437946670382e-05,-9.72043336844308e-06,-7.97467041119641e-06,-1.43065801125886e-06,2.46630257313048e-05,0.000149954608151385,0.000835628470795768,0.00416375676778102,0.0183864516529477,0.0650082841281924,0.161406560194636,0.278634997323,0.415586081192921,0.639025038212402,0.820968409482772,0.906643628684019,0.945296110771883,0.964193954458787,0.974625076527461,0.97996035764518,0.983410619483157,0.985244216602059,0.986195308527987
-1.06720651321742e-05,-1.06720651321742e-05,-1.06720651321742e-05,-1.06720651321742e-05,-1.06720651321742e-05,-1.06720651321742e-05,-1.06720651321742e-05,-1.06720651321742e-05,-1.06720651321742e-05,-1.06720651321742e-05,-1.06720651321742e-05,-1.06720651321742e-05,-1.07134546520153e-05,-1.02177796046969e-05,-9.65696929521679e-06,-7.79104913135598e-06,-7.89329896141074e-07,2.73011915680854e-05,0.000162048694572074,0.000891392979046183,0.00441136947356521,0.0193133775516761,0.0674525805721477,0.165063900984473,0.282140649700897,0.420352720964193,0.644592222880231,0.823735631039357,0.907830520352893,0.945833576084955,0.964477650911009,0.974785533777367,0.980075077202272,0.983491960227543,0.985312095932375,0.986255443282754
-1.06720651321742e-05,-1.06720651321742e-05,-1.06720651321742e-05,-1.06720651321742e-05,-1.06720651321742e-05,-1.06720651321742e-05,-1.06720651321742e-05,-1.06720651321742e-05,-1.06720651321742e-05,-1.06720651321742e-05,-1.06720651321742e-05,-1.06720651321742e-05,-1.07026091020164e-05,-1.01907575801382e-05,-9.59075344155735e-06,-7.59850450720023e-06,-1.14860597477673e-07,3.00799633834004e-05,0.000174783214575314,0.000950332432371207,0.00467093213950704,0.0202736951388061,0.0699392155759872,0.168707686292599,0.285614603332772,0.425137988435244,0.650046600224195,0.826419504786133,0.908983160040095,0.946356572434092,0.964753597088262,0.974941752379309,0.98018662918064,0.983571137873904,0.985378117911319,0.986313967044361
-1.06720651321742e-05,-1.06720651321742e-05,-1.06720651321742e-05,-1.06720651321742e-05,-1.06720651321742e-05,-1.06720651321742e-05,-1.06720651321742e-05,-1.06720651321742e-05,-1.06720651321742e-05,-1.06720651321742e-05,-1.06720651321742e-05,-1.06720651321742e-05,-1.06906742341077e-05,-1.01627101145141e-05,-9.52172761022515e-06,-7.3968085615661e-06,5.93619937679553e-07,3.30030739623529e-05,0.000188175024496218,0.00101256551327253,0.00494282035282273,0.0212679043782221,0.0724666746377693,0.172335641715226,0.289057320820462,0.429939570448967,0.655387490131342,0.829030515003785,0.91010201483149,0.946865361494009,0.965021945148812,0.975093818525659,0.980295073823211,0.98364820161282,0.985442325314293,0.98637091060699
-1.06720651321742e-05,-1.06720651321742e-05,-1.06720651321742e-05,-1.06720651321742e-05,-1.06720651321742e-05,-1.06720651321742e-05,-1.06720651321742e-05,-1.06720651321742e-05,-1.06720651321742e-05,-1.06720651321742e-05,-1.06720651321742e-05,-1.06720651321742e-05,-1.06776131606997e-05,-1.01336187308713e-05,-9.44983360208577e-06,-7.18573332297486e-06,1.33698175943664e-06,3.60742560938358e-05,0.000202240980667057,0.00107821090424996,0.00522740970072372,0.022296505233813,0.0750334432555557,0.175945834915649,0.292469264765809,0.434752433041475,0.66061472838386,0.831569422716038,0.911187551812949,0.947360204939419,0.96528284725092,0.975241818408784,0.980400471372909,0.983723200331905,0.985504757371386,0.986426304764818
-1.06720651321742e-05,-1.06720651321742e-05,-1.06720651321742e-05,-1.06720651321742e-05,-1.06720651321742e-05,-1.06720651321742e-05,-1.06720651321742e-05,-1.06720651321742e-05,-1.06720651321742e-05,-1.06721543460253e-05,-1.06720823784675e-05,-1.06719781806911e-05,-1.06635931880798e-05,-1.01036794868984e-05,-9.37571808113565e-06,-6.96754802807694e-06,2.10746081753162e-06,3.9287824256462e-05,0.000217003702258012,0.00114738720768533,0.00552510781544034,0.0233599932534797,0.0776380094234545,0.179536789826661,0.295850897770651,0.439572835459721,0.665727831922231,0.834036988946619,0.912240238070337,0.947841364445038,0.965536455552847,0.9753858382857,0.98050288207266,0.983796170070196,0.98556544684234,0.986480180312023
-1.06720651321742e-05,-1.06720651321742e-05,-1.06720651321742e-05,-1.06720651321742e-05,-1.06720651321742e-05,-1.06720651321742e-05,-1.06720651321742e-05,-1.06720651321742e-05,-1.06720651321742e-05,-1.06726861247353e-05,-1.06721779872032e-05,-1.06714394519258e-05,-1.06494028509966e-05,-1.00736807742881e-05,-9.30198460575108e-06,-6.75148041769565e-06,2.87340870670505e-06,4.26167841406292e-05,0.000232525040541039,0.00122021279288731,0.00583638438675867,0.0244588520567949,0.080278878553699,0.183106939024076,0.29920268243683,0.444397272645276,0.67072599519084,0.836433981176393,0.913260579560075,0.948309104539621,0.965782922212861,0.97552596867816,0.980602366165392,0.983867146236355,0.985624426446268,0.986532569469933
-1.06720651321742e-05,-1.06720651321742e-05,-1.06720651321742e-05,-1.06720651321742e-05,-1.06720651321742e-05,-1.06720651321742e-05,-1.06720651321742e-05,-1.06720651321742e-05,-1.06720651321742e-05,-1.06736695225133e-05,-1.06723373183589e-05,-1.06703935282818e-05,-1.06350640370086e-05,-1.00435281533843e-05,-9.22834982759468e-06,-6.53656319495136e-06,3.63865001323423e-06,4.60789157330055e-05,0.000248873011214338,0.00129680634372088,0.00616166088652885,0.0255936465851192,0.0829545592738119,0.18665471508371,0.302525081366183,0.449222239539709,0.67560841263407,0.838761394601553,0.914249147912413,0.948763734220752,0.96602241256559,0.975662286753319,0.980698983894031,0.983936164239042,0.985681728902284,0.986583501218514
-1.06720651321742e-05,-1.06720651321742e-05,-1.06720651321742e-05,-1.06720651321742e-05,-1.06720651321742e-05,-1.06720651321742e-05,-1.06720651321742e-05,-1.06720651321742e-05,-1.06720651321742e-05,-1.06750731040014e-05,-1.06725374555102e-05,-1.06688231795715e-05,-1.06205070039778e-05,-1.00130271420085e-05,-9.15420237769619e-06,-6.3206685268824e-06,4.41103278395379e-06,4.96966844726406e-05,0.000266114400170636,0.00137728650681102,0.0065013566339843,0.0267646400103918,0.0856635466825442,0.190178550581378,0.305818557160551,0.454044231084591,0.680374278696308,0.84102006548213,0.915206379929262,0.949205508959262,0.966255078415806,0.975794862185649,0.980792795501501,0.984003259486923,0.985737386929501,0.986633000557769
-1.06720651321742e-05,-1.06720651321742e-05,-1.06720651321742e-05,-1.06720651321742e-05,-1.06720651321742e-05,-1.06720651321742e-05,-1.06720651321742e-05,-1.06720651321742e-05,-1.06720651321742e-05,-1.06768654347889e-05,-1.0672755480338e-05,-1.06667111718176e-05,-1.06056620116609e-05,-9.9819832570347e-06,-9.07893088613794e-06,-6.10166857579012e-06,5.19840506475096e-06,5.34925557985844e-05,0.000284315993304555,0.0014617943845991,0.00685589094836037,0.0279718074129031,0.0884037097760237,0.193676878092897,0.309085229058629,0.458859742221491,0.685022787821937,0.843210696831714,0.916132702587133,0.949634660172131,0.966481051270709,0.975923764649628,0.980883861275295,0.984068467388658,0.985791433247031,0.986681092477477
-1.06720651321742e-05,-1.06720651321742e-05,-1.06720651321742e-05,-1.06720651321742e-05,-1.06720651321742e-05,-1.06720651321742e-05,-1.06720651321742e-05,-1.06720651321742e-05,-1.06720651321742e-05,-1.06790150785703e-05,-1.0672968476418e-05,-1.06640402729378e-05,-1.05904593198147e-05,-9.95020201817927e-06,-9.00192398110751e-06,-5.87743550966025e-06,6.0086148996182e-06,5.74889951498866e-05,0.000303544576506927,0.00155053353525526,0.00722568314888955,0.0292151228509274,0.091172903082466,0.197148130194082,0.312333179816414,0.463665267891978,0.689555993933908,0.8453339916639,0.917028542862538,0.950051419276339,0.966700462637287,0.976049063819729,0.980972244675832,0.984131823352913,0.985843900573987,0.986727801967415
-1.06720651321742e-05,-1.06720651321742e-05,-1.06720651321742e-05,-1.06720651321742e-05,-1.06720651321742e-05,-1.06720651321742e-05,-1.06720651321742e-05,-1.06720651321742e-05,-1.06720651321742e-05,-1.06814906009352e-05,-1.06731535244838e-05,-1.06607932508496e-05,-1.05748291881961e-05,-9.91748893947412e-06,-8.92257029363463e-06,-5.6458414936363e-06,6.84951033728491e-06,6.17084679627548e-05,0.000323866935672375,0.00164371748472547,0.00761115255480623,0.0304945603827444,0.0939692206570053,0.200591109585138,0.315563807270539,0.468457303037623,0.693984366049554,0.84739065299228,0.917894327731989,0.950456017688868,0.966913444022529,0.976170829370427,0.98105800199309,0.984193362788347,0.985894821629484,0.986773154017362
-1.06720651321742e-05,-1.06720651321742e-05,-1.06720651321742e-05,-1.06720651321742e-05,-1.06720651321742e-05,-1.06720651321742e-05,-1.06720651321742e-05,-1.06720651321742e-05,-1.06720651321742e-05,-1.06842605665255e-05,-1.06732877090584e-05,-1.06569528744179e-05,-1.05587018737197e-05,-9.88364954253029e-06,-8.84025845380165e-06,-5.40475869191444e-06,7.72893942174354e-06,6.61734396771863e-05,0.00034534985669552,0.00174155975895474,0.00801271848534194,0.0318100940666312,0.0967907565547714,0.204005168371931,0.318777558236291,0.473232342599995,0.698309694734736,0.849381383830446,0.918730484171998,0.950848686826698,0.967120126933423,0.976289130976199,0.981141185050478,0.984253121103625,0.985944229132634,0.986817173617094
-1.06720651321742e-05,-1.06720651321742e-05,-1.06720651321742e-05,-1.06720651321742e-05,-1.06720651321742e-05,-1.06720651321742e-05,-1.06720651321742e-05,-1.06720651321742e-05,-1.06720651321742e-05,-1.06872935390356e-05,-1.067334811277e-05,-1.0652501910613e-05,-1.05420076389843e-05,-9.84848934422189e-06,-8.75437708979613e-06,-5.15205927153299e-06,8.65475019982872e-06,7.09063757322307e-05,0.000368060125468143,0.00184427388389092,0.00843080025973488,0.033161697960864,0.099635604830894,0.207389423180314,0.321974879528958,0.477986881520664,0.702532446863126,0.851306887191991,0.919537439159075,0.951229658106807,0.967320642876958,0.976404038311517,0.981221845671404,0.984311134935732,0.98599215580255,0.98685988575639
-1.06720651321742e-05,-1.06720651321742e-05,-1.06720651321742e-05,-1.06720651321742e-05,-1.06720651321742e-05,-1.06720651321742e-05,-1.06720651321742e-05,-1.06720651321742e-05,-1.06720651321742e-05,-1.06905580850025e-05,-1.06733118182471e-05,-1.06474231273523e-05,-1.05246767427995e-05,-9.81181386142301e-06,-8.66431483170042e-06,-4.88561539763547e-06,9.63479071648029e-06,7.59297415659906e-05,0.000392064527882023,0.00195207338547903,0.00886581719721467,0.0345493461237216,0.102501859540505,0.210742988613427,0.325156217963827,0.482717603041431,0.706653085734633,0.853167905623925,0.920315644762018,0.951599162946178,0.967515123360122,0.976515621050858,0.981300035679281,0.984367439663962,0.986038635035912,0.986901315425027
-1.06720651321742e-05,-1.06720651321742e-05,-1.06720651321742e-05,-1.06720651321742e-05,-1.06720651321742e-05,-1.06720651321742e-05,-1.06720651321742e-05,-1.06720651321742e-05,-1.06720651321742e-05,-1.06940227671733e-05,-1.0673155906223e-05,-1.06416992916062e-05,-1.05066394420798e-05,-9.77342861100775e-06,-8.56946030959686e-06,-4.60329923726022e-06,1.06769090194803e-05,8.12660026165683e-05,0.000417429849833676,0.00206517178966597,0.00931818861701762,0.0359730126134802,0.105387614738737,0.214064979274408,0.328322020356185,0.487429166810117,0.710672074649166,0.854965293293825,0.921065589371268,0.951957452301842,0.967703700019075,0.976623952783667,0.981375806897518,0.984422066835772,0.986083698568748,0.986941487612782
-1.06720651321742e-05,-1.06720651321742e-05,-1.06720651321742e-05,-1.06720651321742e-05,-1.06720651321742e-05,-1.06720651321742e-05,-1.06720651321742e-05,-1.06720651321742e-05,-1.06720651321742e-05,-1.06976561530322e-05,-1.0672857461221e-05,-1.0635313173187e-05,-1.04878259994242e-05,-9.73313911363979e-06,-8.4692021535678e-06,-4.30298295270859e-06,1.17889531518737e-05,8.69376243230135e-05,0.000444222877212989,0.00218378262239582,0.00978833383837715,0.0374326714884177,0.10829096448072,0.217354509766398,0.331472757928322,0.492121368866722,0.714589876906635,0.856699714300878,0.921789475374866,0.952304777282851,0.967886516075318,0.976729104929878,0.981449211149523,0.984475047939574,0.986127376484309,0.986980427316328
-1.06720651321742e-05,-1.06720651321742e-05,-1.06720651321742e-05,-1.06720651321742e-05,-1.06720651321742e-05,-1.06720651321742e-05,-1.06720651321742e-05,-1.06720651321742e-05,-1.06720651321742e-05,-1.07014268062737e-05,-1.06723935658692e-05,-1.06282475381173e-05,-1.04681666717473e-05,-9.69075088429842e-06,-8.36292899274819e-06,-3.9825387119663e-06,1.29787711614426e-05,9.29670721224814e-05,0.000472510395914583,0.00230811940961739,0.0102766721805267,0.0389282968068111,0.111209958451731,0.220610694692534,0.334609690214489,0.496790993408307,0.71840695580695,0.85837180960193,0.922492252413665,0.952641348953679,0.968063701448978,0.976831138898913,0.981520300258708,0.984526414463781,0.986169698865323,0.987018159254045
-1.06720651321742e-05,-1.06720651321742e-05,-1.06720651321742e-05,-1.06720651321742e-05,-1.06720651321742e-05,-1.06720651321742e-05,-1.06720651321742e-05,-1.06720651321742e-05,-1.06720651321742e-05,-1.07053032905924e-05,-1.06717413037435e-05,-1.06204851552623e-05,-1.04475917207007e-05,-9.64606944175254e-06,-8.25002945722038e-06,-3.63983868017688e-06,1.42542110940743e-05,9.9376811454969e-05,0.000502359191833079,0.00243839567727472,0.0107836229626988,0.0404598626269376,0.114142394770006,0.22383266701222,0.337732913147525,0.501435255285668,0.722123821692073,0.859982220153824,0.923174538858347,0.952967377870115,0.968235374553111,0.97693011596754,0.98158912604848,0.984576197896805,0.986210695794516,0.987054706451644
-1.06720651321742e-05,-1.06720651321742e-05,-1.06720651321742e-05,-1.06720651321742e-05,-1.06720651321742e-05,-1.06720651321742e-05,-1.06720651321742e-05,-1.06720651321742e-05,-1.06720651321742e-05,-1.07092541706303e-05,-1.06708777555771e-05,-1.06120087915921e-05,-1.04260314041464e-05,-9.59890030477103e-06,-8.12989217611933e-06,-3.27275502437866e-06,1.56231209947085e-05,0.000106189307759526,0.000533836050859312,0.0025748249513138,0.0113096055041278,0.0420273430070769,0.117086401628371,0.227020693448832,0.340841848947027,0.506051369349601,0.72574125673452,0.861538645805835,0.923836731717408,0.953283074587949,0.968401653800774,0.977026097412522,0.981655740342252,0.984624429727057,0.986250397354617,0.987090091522235
-1.06720651321742e-05,-1.06720651321742e-05,-1.06720651321742e-05,-1.06720651321742e-05,-1.06720651321742e-05,-1.06720651321742e-05,-1.06720651321742e-05,-1.06720651321742e-05,-1.06720651321742e-05,-1.07132480138716e-05,-1.06697800058934e-05,-1.0602801216919e-05,-1.04034159818411e-05,-9.54904898928059e-06,-8.00190578142216e-06,-2.879159906873e-06,1.70933489101799e-05,0.000113427026473308,0.000567007758888849,0.00271762075768246,0.0118550885499578,0.0436306159611083,0.120040181366861,0.230175007768111,0.343935919832593,0.510636550450905,0.729259709284121,0.86305044361744,0.924479227999345,0.953588649662972,0.968562657605022,0.977119144510626,0.981720198778021,0.984671141442951,0.986288833628352,0.987124337078929
-1.06720651321742e-05,-1.06720651321742e-05,-1.06720651321742e-05,-1.06720651321742e-05,-1.06720651321742e-05,-1.06720651321742e-05,-1.06720651321742e-05,-1.06720651321742e-05,-1.06720651321742e-05,-1.07172533830635e-05,-1.06684251354257e-05,-1.05928451972659e-05,-1.03796757144892e-05,-9.49632101405011e-06,-7.86545889942166e-06,-2.45692549564562e-06,1.86727428863757e-05,0.000121112433034417,0.000601941101812524,0.00286699662232479,0.0124204667532164,0.0452689550295579,0.12300193632551,0.233295331449765,0.347014548023821,0.515188013440373,0.73267955148427,0.864518443116651,0.925102424712652,0.953884313650974,0.968718504378911,0.977209318538617,0.981782556760266,0.984716364532897,0.986326034698448,0.987157465734833
-1.06720651321742e-05,-1.06720651321742e-05,-1.06720651321742e-05,-1.06720651321742e-05,-1.06720651321742e-05,-1.06720651321742e-05,-1.06720651321742e-05,-1.06720651321742e-05,-1.06720651321742e-05,-1.07212388419005e-05,-1.06667902286972e-05,-1.05821235005502e-05,-1.03547408590051e-05,-9.44052189784846e-06,-7.71994016209495e-06,-2.00392395584004e-06,2.03691509672884e-05,0.00012926799288285,0.000638702865525905,0.00302316607118958,0.0130060242550276,0.0469417356644859,0.125969868844355,0.236381385973508,0.350077155740307,0.519702973168802,0.736001155478362,0.865943490044916,0.925706721424735,0.954170277107745,0.968869312535499,0.977296680773263,0.981842861037161,0.984760130485308,0.986362030647634,0.987189500103058
-1.06720651321742e-05,-1.06720651321742e-05,-1.06720651321742e-05,-1.06720651321742e-05,-1.06720651321742e-05,-1.06720651321742e-05,-1.06720651321742e-05,-1.06720651321742e-05,-1.06720651321742e-05,-1.07251729578669e-05,-1.06648523664414e-05,-1.05706188946897e-05,-1.03285416760931e-05,-9.38145715660236e-06,-7.56473819857698e-06,-1.51802745259981e-06,2.21904212016473e-05,0.000137916171455762,0.000677359835919826,0.00318634263021901,0.01361204497184,0.0486483804711279,0.128942181263428,0.23943289281905,0.353123165201652,0.524178645663997,0.739226002102535,0.867326480931859,0.926292556641863,0.954446750589075,0.969015200487842,0.977381292491328,0.981901158224533,0.984802470788596,0.986396864577501,0.987220462796714
-1.06720651321742e-05,-1.06720651321742e-05,-1.06720651321742e-05,-1.06720651321742e-05,-1.06720651321742e-05,-1.06720651321742e-05,-1.06720651321742e-05,-1.06720651321742e-05,-1.06720651321742e-05,-1.07290242937097e-05,-1.06625886341286e-05,-1.05583141485492e-05,-1.03010084264573e-05,-9.31893230908069e-06,-7.39924163800273e-06,-9.9710815201585e-07,2.41444016324976e-05,0.000147079434194097,0.00071797879888796,0.00335673982536283,0.0142388128201011,0.0503883120547205,0.131917075922766,0.24244963779197,0.356151998627452,0.528612825371976,0.742367841922018,0.868668181403405,0.926860320137949,0.954713955036542,0.969156286648994,0.977463214969578,0.981957494938207,0.984843416449348,0.986430583993294,0.98725037642891
-1.06720651321742e-05,-1.06720651321742e-05,-1.06720651321742e-05,-1.06720651321742e-05,-1.06720651321742e-05,-1.06720651321742e-05,-1.06720651321742e-05,-1.06720651321742e-05,-1.06720651321742e-05,-1.07327614150184e-05,-1.06599761124926e-05,-1.05451920281515e-05,-1.02720713670124e-05,-9.25275287215754e-06,-7.22283911140191e-06,-4.39038218284319e-07,2.62389403085687e-05,0.00015678024653217,0.000760626540325878,0.0035345711825651,0.0148866117162593,0.0521609530204984,0.134892747679976,0.245432000764364,0.359163078237306,0.533003121966514,0.745431332584068,0.869969348486953,0.927410380291579,0.954972109921529,0.969292691730972,0.977542509929161,0.982011917794012,0.984882996256969,0.986463210122733,0.987279263612755
-1.06720651321742e-05,-1.06720651321742e-05,-1.06720651321742e-05,-1.06720651321742e-05,-1.06720651321742e-05,-1.06720651321742e-05,-1.06720651321742e-05,-1.06720651321742e-05,-1.06720651321742e-05,-1.0736352886435e-05,-1.06569918832141e-05,-1.0531235303309e-05,-1.02416607575151e-05,-9.18272436460181e-06,-7.03491924790948e-06,1.58310180609078e-07,2.84818852738529e-05,0.000167041073912818,0.000805369846124412,0.00372005022777178,0.0155557255767642,0.0539657259736989,0.137867394724754,0.248379741611205,0.36215582625081,0.537346804436166,0.748417369322558,0.871230739209909,0.927943105481337,0.955221409711722,0.969424653069557,0.977619237428962,0.982064473407774,0.984921238631577,0.986494759327957,0.98730714696136
-1.06720651321742e-05,-1.06720651321742e-05,-1.06720651321742e-05,-1.06720651321742e-05,-1.06720651321742e-05,-1.06720651321742e-05,-1.06720651321742e-05,-1.06720651321742e-05,-1.06720651321742e-05,-1.07397672735487e-05,-1.06536130317636e-05,-1.05164267409918e-05,-1.02097068605644e-05,-9.10865230423496e-06,-6.8348706776078e-06,7.97064880468194e-07,3.08810845742376e-05,0.000177884381772249,0.00085227550217913,0.00391339048692979,0.0162464383180624,0.0558020535195567,0.140839427627365,0.251292451883279,0.365129664887564,0.541641847795744,0.751326972418258,0.872453110599673,0.928458864085808,0.955462048466047,0.969552341606705,0.977693453135084,0.982115208395319,0.984958172010054,0.986525250621352,0.987334049087833
-1.06720651321742e-05,-1.06720651321742e-05,-1.06720651321742e-05,-1.06720651321742e-05,-1.06720651321742e-05,-1.06720651321742e-05,-1.06720651321742e-05,-1.06720651321742e-05,-1.06720651321742e-05,-1.07429731410017e-05,-1.0649816639822e-05,-1.05007491091177e-05,-1.01761399311802e-05,-9.03034220887851e-06,-6.62208202868442e-06,1.47935371614949e-06,3.34443862565574e-05,0.000189332635549514,0.000901410294379919,0.00411480548598604,0.0169590338566034,0.0576693567138998,0.143807295540609,0.254171191162575,0.368084016367164,0.545886333658929,0.754160922374948,0.873637219683649,0.928958024483575,0.955694520362783,0.9696758440858,0.977765212486213,0.982164194869962,0.984993824829274,0.986554703551565,0.987359992223391
-1.06720651321742e-05,-1.06720651321742e-05,-1.06720651321742e-05,-1.06720651321742e-05,-1.06720651321742e-05,-1.06720651321742e-05,-1.06720651321742e-05,-1.06720651321742e-05,-1.06720651321742e-05,-1.07459390515411e-05,-1.06455797890703e-05,-1.04841851746566e-05,-1.01408902319614e-05,-8.94759959540655e-06,-6.39594193122169e-06,2.20730452061465e-06,3.61796383648046e-05,0.000201408300682715,0.000952839255065404,0.00432450875088364,0.0176937961088356,0.0595668490860978,0.146769447617286,0.257016561119571,0.371018769401991,0.550078343639408,0.756919979040107,0.874783823489238,0.929440955053223,0.955919461238079,0.969795247250227,0.977834578139735,0.982211554170423,0.985028225526116,0.986583137667239,0.987384995772137
-1.06720651321742e-05,-1.06720651321742e-05,-1.06720651321742e-05,-1.06720651321742e-05,-1.06720651321742e-05,-1.06720651321742e-05,-1.06720651321742e-05,-1.06720651321742e-05,-1.06720651321742e-05,-1.07486335726511e-05,-1.06408795630841e-05,-1.04667177064736e-05,-1.01038880217175e-05,-8.86022998258795e-06,-6.15583901624935e-06,2.98304512966752e-06,3.90946889477088e-05,0.000214133842610901,0.00100662576760347,0.00454272416045948,0.0184510089912076,0.0614935484848862,0.149724333010199,0.259828499751432,0.373940563997135,0.554215959350862,0.759604902261209,0.875893684880487,0.929908024173335,0.956137036456773,0.969910637843375,0.977901662786131,0.982257323792482,0.985061402537456,0.986610572517021,0.98740908074072
-1.06720651321742e-05,-1.06720651321742e-05,-1.06720651321742e-05,-1.06720651321742e-05,-1.06720651321742e-05,-1.06720651321742e-05,-1.06720651321742e-05,-1.06720651321742e-05,-1.06720651321742e-05,-1.07510252680261e-05,-1.06356930435444e-05,-1.04483294724863e-05,-1.00650635583103e-05,-8.76803888729682e-06,-5.90116191479713e-06,3.80870337626978e-06,4.21973860492623e-05,0.000227531726772175,0.00106287591456654,0.00476974863917405,0.0192309564201679,0.0634485102229149,0.152670400872146,0.262606945055317,0.376851619182833,0.55829726240698,0.76221645188573,0.876967632524377,0.930359602411832,0.956347406201212,0.970022102608628,0.977966524801047,0.982301535485343,0.985093384300175,0.986637027649555,0.987432268654663
-1.06720651321742e-05,-1.06720651321742e-05,-1.06720651321742e-05,-1.06720651321742e-05,-1.06720651321742e-05,-1.06720651321742e-05,-1.06720651321742e-05,-1.06720651321742e-05,-1.06720651321742e-05,-1.07530827023083e-05,-1.06299973149741e-05,-1.04290032406122e-05,-1.00243471033915e-05,-8.67083182640727e-06,-5.63129925221043e-06,4.68640709717268e-06,4.54955777153524e-05,0.000241624418606534,0.00112170371045011,0.00500582636283582,0.0200339223121631,0.0654307896128321,0.155606100355929,0.265351835028391,0.379751791227356,0.562320334421444,0.764755387761148,0.87800641651126,0.930796083213385,0.956550730653748,0.970129728289373,0.978029208025057,0.982344221364196,0.985124199251146,0.986662522613486,0.987454581039486
-1.06720651321742e-05,-1.06720651321742e-05,-1.06720651321742e-05,-1.06720651321742e-05,-1.06720651321742e-05,-1.06720651321742e-05,-1.06720651321742e-05,-1.06720651321742e-05,-1.06720651321742e-05,-1.07547744401397e-05,-1.06237694590542e-05,-1.04087217768741e-05,-9.98166891387579e-06,-8.56841432058294e-06,-5.34563966141377e-06,5.61828412439051e-06,4.89971119918664e-05,0.000256434383549238,0.00118322316975158,0.00525118621057648,0.0208601905836427,0.0674394419672874,0.158529889747056,0.268063107667816,0.38264093639897,0.566283528905921,0.767222469734938,0.879010757587958,0.93121782672787,0.956747170466654,0.970233601628994,0.978089756298732,0.98238541103188,0.985153875827249,0.986687076957458,0.987476039420708
-1.06720651321742e-05,-1.06720651321742e-05,-1.06720651321742e-05,-1.06720651321742e-05,-1.06720651321742e-05,-1.06720651321742e-05,-1.06720651321742e-05,-1.06720651321742e-05,-1.06720651321742e-05,-1.0756069046162e-05,-1.06169865574657e-05,-1.03874678510844e-05,-9.93695925046723e-06,-8.46059188480315e-06,-5.04357177248949e-06,6.60646229467451e-06,5.27098369256388e-05,0.00027198408704218,0.00124754830697024,0.00550605706153344,0.0217100776903739,0.0694735225989319,0.161440500437208,0.270740700970756,0.385518910965946,0.570185258544031,0.769618475422689,0.879981376501293,0.931625181652302,0.956936895304441,0.970333809370879,0.978148213462643,0.982425133981581,0.985182442465362,0.986710710230117,0.987496665323849
-1.06720651321742e-05,-1.06720651321742e-05,-1.06720651321742e-05,-1.06720651321742e-05,-1.06720651321742e-05,-1.06720651321742e-05,-1.06720651321742e-05,-1.06720651321742e-05,-1.06720651321742e-05,-1.07569350850175e-05,-1.06096256956789e-05,-1.0365224232108e-05,-9.89014837387003e-06,-8.34717003973158e-06,-4.72448421267776e-06,7.65306943909157e-06,5.6641600562557e-05,0.000288295994523461,0.00131479313660255,0.00577066779484312,0.0225838161327781,0.0715320868204107,0.164336880794729,0.273384552934373,0.388385571196551,0.574023582927866,0.771944316936497,0.880918993998087,0.932018496683696,0.95712006192912,0.970430438274474,0.978204623357366,0.982463419706483,0.985209927540837,0.986733441980107,0.987516480274432
-1.06720651321742e-05,-1.06720651321742e-05,-1.06720651321742e-05,-1.06720651321742e-05,-1.06720651321742e-05,-1.06720651321742e-05,-1.06720651321742e-05,-1.06720651321742e-05,-1.06720651321742e-05,-1.07573411241901e-05,-1.06016639534801e-05,-1.03419736831256e-05,-9.84116654099883e-06,-8.22795430034754e-06,-4.38776561395571e-06,8.76023339439295e-06,6.08002509466132e-05,0.000305392571428342,0.00138507167314496,0.00604524728964198,0.0234813801377091,0.0736141899443766,0.167217969242604,0.275994601555828,0.39124076756223,0.577797799862043,0.774200747244428,0.881824906199364,0.932398120519066,0.957296820981494,0.970523575380019,0.978259028845021,0.982500297699774,0.985236355644027,0.986755291756074,0.987535505797975
-1.06720651321742e-05,-1.06720651321742e-05,-1.06720651321742e-05,-1.06720651321742e-05,-1.06720651321742e-05,-1.06720651321742e-05,-1.06720651321742e-05,-1.06720651321742e-05,-1.06720651321742e-05,-1.07572557245324e-05,-1.05930784163396e-05,-1.03176989767917e-05,-9.7899440125578e-06,-8.10275018541991e-06,-4.03280460451091e-06,9.93008199638249e-06,6.51936361265371e-05,0.000323296283198715,0.00145849793109771,0.00633002442506362,0.0244027313844744,0.0757188368258416,0.170082704203817,0.278570784832288,0.394083493649558,0.581507573072369,0.776388474079727,0.882701769507845,0.932764439179794,0.95746732310237,0.970613304531417,0.978311470792096,0.982535797454639,0.985261753212218,0.986776277684518,0.987553763419999
-1.06720651321742e-05,-1.06720651321742e-05,-1.06720651321742e-05,-1.06720651321742e-05,-1.06720651321742e-05,-1.06720651321742e-05,-1.06720651321742e-05,-1.06720651321742e-05,-1.06720651321742e-05,-1.07566474535285e-05,-1.05838461640436e-05,-1.02923828800764e-05,-9.73641104925112e-06,-7.97136321182279e-06,-3.65898981442569e-06,1.11647430751797e-05,6.98296041444261e-05,0.000342029595271735,0.00153518592495629,0.00662522808024543,0.025347831552377,0.0778448501030378,0.172930024101348,0.281113040760911,0.396912433428741,0.585152287895468,0.778508205175639,0.883550367182745,0.933118212883882,0.957631718932555,0.970699708316878,0.978361991235264,0.982569948464262,0.985286149082617,0.986796415287553,0.987571274666024
-1.06720651321742e-05,-1.06720651321742e-05,-1.06720651321742e-05,-1.06720651321742e-05,-1.06720651321742e-05,-1.06720651321742e-05,-1.06720651321742e-05,-1.06720651321742e-05,-1.06720651321742e-05,-1.07554848748729e-05,-1.05739442801678e-05,-1.02660081590026e-05,-9.68049790799341e-06,-7.83359889927245e-06,-3.26570987472981e-06,1.24663444694306e-05,7.47160030499572e-05,0.000361614973086451,0.00161524966921907,0.00693108713432196,0.0263166423207205,0.0799911057458587,0.175758867358183,0.283622139705404,0.399726648082441,0.588731329667965,0.780560648265412,0.88437131833329,0.933459850137622,0.957790159112852,0.970782869324614,0.978410632261685,0.982602780221829,0.985309572092431,0.98681572434843,0.987588061061572
-1.06720651321742e-05,-1.06720651321742e-05,-1.06720651321742e-05,-1.06720651321742e-05,-1.06720651321742e-05,-1.06720651321742e-05,-1.06720651321742e-05,-1.06720651321742e-05,-1.06720651321742e-05,-1.07537365551025e-05,-1.05633498492352e-05,-1.02385575824352e-05,-9.62213485043624e-06,-7.68926276464299e-06,-2.85235341455821e-06,1.38370140111495e-05,7.98606808861753e-05,0.000382068219136045,0.00169880317838249,0.00724783046643154,0.0273091253688098,0.0821564870579816,0.178568172397302,0.2861025650626,0.402525198793316,0.592244083726482,0.782546511082292,0.885165286109828,0.933789631163676,0.957942794284068,0.970862870142832,0.97845743595852,0.982634322220528,0.985332051078868,0.986834224948811,0.98760414402631
-1.06720651321742e-05,-1.06720651321742e-05,-1.06720651321742e-05,-1.06720651321742e-05,-1.06720651321742e-05,-1.06720651321742e-05,-1.06720651321742e-05,-1.06720651321742e-05,-1.06720651321742e-05,-1.07513710550696e-05,-1.05520399510321e-05,-1.02100139173444e-05,-9.56125213349424e-06,-7.5381603257559e-06,-2.41830906209846e-06,1.52788795361403e-05,8.52714857008626e-05,0.000403392873892964,0.0017859604669449,0.00757568695570778,0.0283252423759488,0.0843398773430749,0.181356877651874,0.288555013299883,0.405307565103885,0.595689945126888,0.784466501359523,0.885932875566475,0.934107842404279,0.958089775087008,0.970939793359744,0.978502444412928,0.982664603953541,0.985353614879137,0.986851937170359,0.987619542973322
-1.06720651321742e-05,-1.06720651321742e-05,-1.06720651321742e-05,-1.06720651321742e-05,-1.06720651321742e-05,-1.06720651321742e-05,-1.06720651321742e-05,-1.06720651321742e-05,-1.06720651321742e-05,-1.07483569432058e-05,-1.05399916710288e-05,-1.01803599335426e-05,-9.49778001881896e-06,-7.38009710043267e-06,-1.9629654483803e-06,1.67940688783119e-05,9.09562655389588e-05,0.000425637683720955,0.00187683554940463,0.00791488548128711,0.029364955021443,0.0865401599048151,0.184124200977662,0.290979506874803,0.408074092243359,0.599068552196184,0.786321326830352,0.886674674638434,0.934414772218004,0.958231252162479,0.971013721563558,0.978545699712071,0.982693654914057,0.985374292330446,0.986868881094738,0.987634279296705
-1.06720651321742e-05,-1.06720651321742e-05,-1.06720651321742e-05,-1.06720651321742e-05,-1.06720651321742e-05,-1.06720651321742e-05,-1.06720651321742e-05,-1.06720651321742e-05,-1.06720651321742e-05,-1.07446627832057e-05,-1.05271820899588e-05,-1.01495783970525e-05,-9.43164876521981e-06,-7.21487860460002e-06,-1.48571120348606e-06,1.83847098706262e-05,9.69228684482459e-05,0.000448856504229411,0.0019715424402572,0.008265654922306,0.0304282249845964,0.0887562180468715,0.186869624044125,0.29337606824491,0.410823877366805,0.60237934745389,0.788111727950445,0.88739127126091,0.934710688704155,0.958367376151286,0.971084737342484,0.978587243943108,0.982721504854334,0.985394112270002,0.986885076803611,0.987648375443964
-1.06720651321742e-05,-1.06720651321742e-05,-1.06720651321742e-05,-1.06720651321742e-05,-1.06720651321742e-05,-1.06720651321742e-05,-1.06720651321742e-05,-1.06720651321742e-05,-1.06720651321742e-05,-1.07402571397112e-05,-1.05135882923454e-05,-1.01176520767391e-05,-9.36278863150619e-06,-7.04231035892159e-06,-9.85934955603322e-07,2.00529303498342e-05,0.000103179142470822,0.000473103191022991,0.00207019515400191,0.00862822415789992,0.0315150139447117,0.0909869350729186,0.189592489695786,0.295744719867753,0.413555921281379,0.605621642872823,0.789838507511062,0.888083253369107,0.934995859205976,0.958498298733005,0.971152923284733,0.978627119193201,0.982748184126798,0.985413103535012,0.98690054437864,0.987661853862602
-1.06720651321742e-05,-1.06720651321742e-05,-1.06720651321742e-05,-1.06720651321742e-05,-1.06720651321742e-05,-1.06720651321742e-05,-1.06720651321742e-05,-1.06720651321742e-05,-1.06720651321742e-05,-1.0735108576417e-05,-1.04991873589218e-05,-1.00845637395726e-05,-9.29112987743489e-06,-6.8621978802715e-06,-4.63025336709203e-07,2.18008581479504e-05,0.000109732935655416,0.000498431599712035,0.00217290770513614,0.00900282206720438,0.0326252835810948,0.0932311942866278,0.192292140777164,0.298085484200881,0.416269224794235,0.608794750425796,0.791506893959167,0.888751208898229,0.935270551066711,0.958624168575901,0.971218361978513,0.978665367549509,0.982773723020627,0.985431294962684,0.986915303901487,0.987674737702327
-1.06720651321742e-05,-1.06720651321742e-05,-1.06720651321742e-05,-1.06720651321742e-05,-1.06720651321742e-05,-1.06720651321742e-05,-1.06720651321742e-05,-1.06720651321742e-05,-1.06720651321742e-05,-1.07291856608072e-05,-1.04839563732639e-05,-1.0050296154418e-05,-9.21660276181531e-06,-6.67434668552384e-06,8.36290259561186e-08,2.36306211026734e-05,0.000116592096047915,0.000524895585906885,0.00227979410815635,0.00938967752935487,0.0337589955730493,0.0954878789916724,0.194967920132783,0.300398383701841,0.418962788712527,0.611897982085627,0.793123296108878,0.88939572578348,0.935535031629604,0.958745131288907,0.971281135990917,0.978702031099193,0.982798151822903,0.985448723860841,0.986929375453815,0.987687052115837
-1.06720651321742e-05,-1.06720651321742e-05,-1.06720651321742e-05,-1.06720651321742e-05,-1.06720651321742e-05,-1.06720651321742e-05,-1.06720651321742e-05,-1.06720651321742e-05,-1.06720651321742e-05,-1.07224569565763e-05,-1.04678724189474e-05,-1.0014832087298e-05,-9.13913754724642e-06,-6.4785622925001e-06,6.54639500415518e-07,2.55443470441226e-05,0.000123764471692311,0.000552549005214094,0.002390968377559,0.00978901942348879,0.0349161115998802,0.0977558652796859,0.197619170607162,0.302683440828185,0.421635613843409,0.614931320114842,0.79468871929484,0.890017391960065,0.9357895682379,0.958861332476985,0.97134132671777,0.978737151802883,0.982821500820708,0.985465420456431,0.986942779117289,0.987698813448075
-1.06720651321742e-05,-1.06720651321742e-05,-1.06720651321742e-05,-1.06720651321742e-05,-1.06720651321742e-05,-1.06720651321742e-05,-1.06720651321742e-05,-1.06720651321742e-05,-1.06720651321742e-05,-1.07148910264717e-05,-1.04509125767057e-05,-9.97815430802499e-06,-9.05866448874804e-06,-6.27465021996917e-06,1.25061745848143e-06,2.75441638109442e-05,0.000131257910635441,0.000581445713243056,0.00250654452784526,0.0102011005333348,0.0360965933408911,0.100033841349894,0.200245235044826,0.304940678037462,0.424286700994037,0.617895599908936,0.796204156067161,0.890616795363187,0.936034428234844,0.958972917745095,0.971399014994882,0.978770770110327,0.982843800301122,0.985481400763139,0.986955534973568,0.987710036540186
-1.06720651321742e-05,-1.06720651321742e-05,-1.06720651321742e-05,-1.06720651321742e-05,-1.06720651321742e-05,-1.06720651321742e-05,-1.06720651321742e-05,-1.06720651321742e-05,-1.06720651321742e-05,-1.07064564389248e-05,-1.04330539310619e-05,-9.94024558546395e-06,-8.97511384702436e-06,-6.06241598575252e-06,1.87217426912412e-06,2.96321992351523e-05,0.000139080260924137,0.000611639565602218,0.0026266365735097,0.0106262291016283,0.0373004024753859,0.102320584436191,0.202845456290292,0.307170117787218,0.426915050971565,0.620791190871671,0.797670598975949,0.891194536561905,0.93626987896368,0.959080032698201,0.971454281934996,0.978802927759039,0.982865080551225,0.98549668071268,0.986967663051413,0.987720736233321
-1.06720651321742e-05,-1.06720651321742e-05,-1.06720651321742e-05,-1.06720651321742e-05,-1.06720651321742e-05,-1.06720651321742e-05,-1.06720651321742e-05,-1.06720651321742e-05,-1.06720651321742e-05,-1.06971217557354e-05,-1.04142735646443e-05,-9.90108868374288e-06,-8.88841588277955e-06,-5.84166510672427e-06,2.51992130320862e-06,3.18105811516034e-05,0.00014723937060334,0.000643184417900973,0.00275135852905161,0.0110645458086604,0.0385274775931587,0.104614952728109,0.205419177188085,0.309371782535005,0.429519604081359,0.623618472812849,0.799089040571313,0.891751213369618,0.93649618776765,0.959182822941261,0.971507208650855,0.978833667032745,0.982885371858101,0.985511278846578,0.986979182904208,0.987730927368623
-1.06720651321742e-05,-1.06720651321742e-05,-1.06720651321742e-05,-1.06720651321742e-05,-1.06720651321742e-05,-1.06720651321742e-05,-1.06720651321742e-05,-1.06720651321742e-05,-1.06720651321742e-05,-1.06868555415455e-05,-1.03945485581865e-05,-9.86066637267413e-06,-8.79850085482303e-06,-5.6122031016533e-06,3.19446993349478e-06,3.40814373942067e-05,0.000155743087718937,0.000676134125746823,0.00288082440896649,0.0115161701640583,0.0397774859038729,0.106915804415181,0.20796602659025,0.311545694738372,0.432098857186877,0.626377983483511,0.800460473403362,0.892287396426987,0.936713623365426,0.959281434079239,0.971557876255201,0.978863030215172,0.982904704508827,0.985525213709854,0.986990114469901,0.987740624787242
-1.06720651321742e-05,-1.06720651321742e-05,-1.06720651321742e-05,-1.06720651321742e-05,-1.06720651321742e-05,-1.06720651321742e-05,-1.06720651321742e-05,-1.06720651321742e-05,-1.06720651321742e-05,-1.06756263638393e-05,-1.03738559962115e-05,-9.81896142112267e-06,-8.7052990210168e-06,-5.37383548551892e-06,3.89643152611067e-06,3.64468957987659e-05,0.000164599260316815,0.000710542544747265,0.0030151482277527,0.0119812216774496,0.0410499671857631,0.109221997686939,0.210486077162871,0.313691876854867,0.434651747742318,0.629070104461804,0.801785898422847,0.892803656844619,0.93692245492052,0.959376011717095,0.971606365860778,0.978891059590047,0.982923108790487,0.985538503847532,0.987000477820492,0.987749843330323
-1.06720651321742e-05,-1.06720651321742e-05,-1.06720651321742e-05,-1.06720651321742e-05,-1.06720651321742e-05,-1.06720651321742e-05,-1.06721885705004e-05,-1.0672073420892e-05,-1.06719339337739e-05,-1.06636002575063e-05,-1.03523303844592e-05,-9.77610708806272e-06,-8.60919291199025e-06,-5.12757081025939e-06,4.62327344052937e-06,3.89019659981689e-05,0.000173813815612789,0.000746463530513589,0.00315444509102936,0.012459819813111,0.042344469723335,0.111532419349804,0.212979141381691,0.315810347142865,0.437177805914626,0.631695153506377,0.803066368819266,0.893300676790671,0.937122943267074,0.959466701459793,0.971652758580328,0.978917797441097,0.982940614990162,0.985551167804634,0.987010293027978,0.987758597700817
-1.06720651321742e-05,-1.06720651321742e-05,-1.06720651321742e-05,-1.06720651321742e-05,-1.06720651321742e-05,-1.06720651321742e-05,-1.06727777364313e-05,-1.06721054720538e-05,-1.06712892574023e-05,-1.06513190871738e-05,-1.03303859191328e-05,-9.73245991720736e-06,-8.511275575529e-06,-4.87628919643157e-06,5.3676908256269e-06,4.14315571172589e-05,0.000183396753652687,0.000783950938652348,0.00329889026789942,0.0129520840203526,0.0436605471751989,0.113846006482741,0.215445178819781,0.317900832044531,0.439676456748777,0.634253448375879,0.804302866840261,0.893779033909627,0.937315348626406,0.959553658504457,0.971697135526595,0.978943286052047,0.982957253394932,0.985563224126185,0.98701958016436,0.987766902358931
-1.06720651321742e-05,-1.06720651321742e-05,-1.06720651321742e-05,-1.06720651321742e-05,-1.06720651321742e-05,-1.06720651321742e-05,-1.06738237623934e-05,-1.06721453420278e-05,-1.06701027798787e-05,-1.06387897953179e-05,-1.03079895599952e-05,-9.68790282437719e-06,-8.41125796284814e-06,-4.61917515224286e-06,6.13216133918589e-06,4.40434620192794e-05,0.000193371353857212,0.000823058624773883,0.00344863447628446,0.0134581339458596,0.0449977456342168,0.116161614267392,0.217883822257741,0.31996293138893,0.442146724077677,0.636745306828957,0.805496357559938,0.894239194625849,0.937499931219836,0.959637070171559,0.971739577812321,0.978967567706627,0.982973053677549,0.985574691357205,0.987028359301633,0.987774771898491
-1.06720651321742e-05,-1.06720651321742e-05,-1.06720651321742e-05,-1.06720651321742e-05,-1.06720651321742e-05,-1.06720651321742e-05,-1.06752946237521e-05,-1.06721752966147e-05,-1.06683702133144e-05,-1.06259830886302e-05,-1.02850787565482e-05,-9.64228914123548e-06,-8.30876334987352e-06,-4.35517939649799e-06,6.91977732382535e-06,4.67468871714042e-05,0.000203761488818562,0.000863840444484746,0.00360379371805664,0.0139780892468622,0.0463556106793684,0.118478092503387,0.220294683989724,0.321996329863884,0.44458763173423,0.639171046624262,0.806647806052397,0.894681625363701,0.937676951268682,0.959717041541706,0.97178016655025,0.97899068468856,0.982988045133303,0.985585588042719,0.987036650511798,0.987782220916866
-1.06720651321742e-05,-1.06720651321742e-05,-1.06720651321742e-05,-1.06720651321742e-05,-1.06720651321742e-05,-1.06720651321742e-05,-1.06771582996619e-05,-1.06721776025627e-05,-1.0666087265084e-05,-1.06128696738021e-05,-1.02615909592411e-05,-9.59547220134027e-06,-8.20341501442575e-06,-4.08325264610691e-06,7.73363112311169e-06,4.95510390417545e-05,0.000214591031130832,0.000906350253395279,0.00376448399508528,0.0145120695805881,0.0477336878896295,0.120794280296769,0.222677376309882,0.324000712157212,0.446998203551341,0.641530985520442,0.807758177391742,0.895106792547547,0.937846668994264,0.959793664267679,0.971818982853124,0.979012679281576,0.983002257996571,0.985595932727749,0.987044473866851,0.987789264011422
-1.06720651321742e-05,-1.06720651321742e-05,-1.06720651321742e-05,-1.06720651321742e-05,-1.06720651321742e-05,-1.06720651321742e-05,-1.06793827654883e-05,-1.06721345266199e-05,-1.06632496444566e-05,-1.05994202556303e-05,-1.0237463615681e-05,-9.54730533635484e-06,-8.0948362305359e-06,-3.80234562366392e-06,8.57681507776912e-06,5.24651240975042e-05,0.000225883853385274,0.000950641907113929,0.00393082130924256,0.0150601946042656,0.0491315228439807,0.123109013165138,0.225031511512372,0.325975762956739,0.449377463361914,0.643825441276146,0.808828436652076,0.895515162601747,0.938009346441975,0.959867030002256,0.97185612078951,0.979033593769401,0.983015722513498,0.985605743957319,0.987051849438794,0.987795915779526
-1.06720651321742e-05,-1.06720651321742e-05,-1.06720651321742e-05,-1.06720651321742e-05,-1.06720651321742e-05,-1.06720651321742e-05,-1.06819359994385e-05,-1.0672028334587e-05,-1.06598530635438e-05,-1.05856055408064e-05,-1.02126341763172e-05,-9.49764187794244e-06,-7.98265027791937e-06,-3.51140904607898e-06,9.45242153420622e-06,5.54983488058269e-05,0.00023766382817693,0.000996769261249142,0.00410292166239875,0.0156225839751272,0.0505486611214015,0.125421295176328,0.227356701891346,0.327921166950284,0.451724434998852,0.646054731650023,0.809859548907501,0.895907209103599,0.938165274429814,0.959937230398214,0.971891684185016,0.979053469572384,0.983028468930227,0.985615040276447,0.987058797299624,0.987802190818545
-1.06720651321742e-05,-1.06720651321742e-05,-1.06720651321742e-05,-1.06720651321742e-05,-1.06720651321742e-05,-1.06720651321742e-05,-1.06847859768777e-05,-1.06718412941594e-05,-1.065589322972e-05,-1.05713962350743e-05,-1.01870400906516e-05,-9.44633515871374e-06,-7.86648042871245e-06,-3.2093936331042e-06,1.03635428331472e-05,5.86599196357914e-05,0.000249954828097998,0.00104478617140652,0.00428090105642506,0.0161993573503982,0.0519846483008697,0.127730154561833,0.229652559740956,0.32983660882567,0.454038142295062,0.64821923867816,0.810852658758143,0.896283403960714,0.938314668157573,0.960004357108332,0.971925718626686,0.979072346143737,0.9830405274929,0.985623839886732,0.987065337521338,0.987808103725848
-1.06720651321742e-05,-1.06720651321742e-05,-1.06720651321742e-05,-1.06720651321742e-05,-1.06720651321742e-05,-1.06720651321742e-05,-1.06879006779081e-05,-1.06715556701905e-05,-1.06513658550966e-05,-1.05567630441783e-05,-1.01606188091334e-05,-9.39323851127938e-06,-7.74594996357791e-06,-2.89525010354434e-06,1.13132713181585e-05,6.19590430526766e-05,0.000262780725742573,0.00109474649319926,0.00446487549319272,0.0167906343873085,0.0534390299613619,0.130034619553141,0.231918776974811,0.331721773270716,0.456317609083446,0.650319345064391,0.811809166906519,0.896644202549226,0.938457713324474,0.960068501785388,0.971958266041563,0.979090264629171,0.983051928447663,0.985632160270234,0.987071490329042,0.9878136690988
-1.06720651321742e-05,-1.06720651321742e-05,-1.06720651321742e-05,-1.06720651321742e-05,-1.06720651321742e-05,-1.06720651321742e-05,-1.0691248077895e-05,-1.06711537294283e-05,-1.06462666470482e-05,-1.05416766748097e-05,-1.01333077803171e-05,-9.33820526730263e-06,-7.62068215654684e-06,-2.56792917809889e-06,1.23046993337539e-05,6.54049255274458e-05,0.000276165393701907,0.0011467040822339,0.00465496097457295,0.017396534743088,0.0549113516818608,0.132333718381743,0.234155915140331,0.333576344973245,0.458561868815683,0.652355981510541,0.812729987893241,0.896990060020146,0.938594597014287,0.960129756082161,0.97198936835669,0.97910726628988,0.983062702040659,0.985640018888916,0.987077277336425,0.987818901534768
-1.06720651321742e-05,-1.06720651321742e-05,-1.06720651321742e-05,-1.06720651321742e-05,-1.06720651321742e-05,-1.06720651321742e-05,-1.06947961531508e-05,-1.0670617738621e-05,-1.06405913167388e-05,-1.05261078308179e-05,-1.01050444537047e-05,-9.28108875939415e-06,-7.49030028543984e-06,-2.22638157462522e-06,1.33409192206576e-05,6.90067735234834e-05,0.000290132704571041,0.00120071279411889,0.00485127350243507,0.0180171780749665,0.056401159041342,0.13462647927913,0.236364102914792,0.335400634540708,0.460770207747656,0.654330824408785,0.81361603423502,0.897321431524488,0.938725501703379,0.960188211651428,0.972019067499111,0.97912339238706,0.98307287851803,0.985647433204745,0.987082718056188,0.98782381563112
-1.06720651321742e-05,-1.06720651321742e-05,-1.06720651321742e-05,-1.06720651321742e-05,-1.06720651321742e-05,-1.06720651321742e-05,-1.06985128837778e-05,-1.06699299645167e-05,-1.06343355724903e-05,-1.05100272217366e-05,-1.00757662806927e-05,-9.22174231826981e-06,-7.35442762428799e-06,-1.86955801382283e-06,1.4425023322436e-05,7.27737935117526e-05,0.000304706530943122,0.00125682648446173,0.00505392907865219,0.0186526840401702,0.0579079976187842,0.136911930476791,0.238543257860195,0.337198798579382,0.462941653453073,0.656244872575297,0.814468162143142,0.897638772213261,0.938850606873279,0.960243960145968,0.972047405395868,0.979138684181905,0.983082488125923,0.985654420679687,0.987087831341788,0.987828425985224
-1.06720651321742e-05,-1.06720651321742e-05,-1.06720651321742e-05,-1.06720651321742e-05,-1.06720651321742e-05,-1.06720651321742e-05,-1.07023662441937e-05,-1.06690726738634e-05,-1.0627495126414e-05,-1.04934055504676e-05,-1.0045410707941e-05,-9.16001927843505e-06,-7.21268745185929e-06,-1.49640921354906e-06,1.55601039845502e-05,7.67151919594274e-05,0.000319910745409402,0.00131509900887371,0.0052630437050946,0.0193031733556145,0.059431412993168,0.139189100206215,0.240693297538537,0.338971635807922,0.465075311856538,0.658099116577157,0.815287223183384,0.897942537237476,0.93897009200552,0.960297093234923,0.972074423974007,0.979153182935611,0.983091561110479,0.985660998775706,0.987092636046679,0.987832747924042
-1.06720651321742e-05,-1.06720651321742e-05,-1.06720651321742e-05,-1.06720651321742e-05,-1.06720651321742e-05,-1.06720651321742e-05,-1.0706324212606e-05,-1.06680281324619e-05,-1.06200656858846e-05,-1.04762135246498e-05,-1.00139151868461e-05,-9.09577297155314e-06,-7.06470304313219e-06,-1.10588589355605e-06,1.67492535467773e-05,8.08401753308393e-05,0.000335769220563975,0.00137558422296138,0.0054787333836335,0.0199689012951116,0.0609707311983139,0.141457016698896,0.242814139511818,0.340719117483588,0.467170832688705,0.659894546981447,0.81607406892153,0.898233181748147,0.939084136581633,0.960347702248265,0.972100165160569,0.979166929909372,0.983100127736582,0.985667184954769,0.987097151024316,0.987836796149434
-1.06720651321742e-05,-1.06720651321742e-05,-1.06720651321742e-05,-1.06720651321742e-05,-1.06720651321742e-05,-1.06720651321742e-05,-1.07103547653272e-05,-1.06667786070602e-05,-1.06120429611186e-05,-1.04584218481326e-05,-9.98121716691003e-06,-9.02885672928733e-06,-6.91009767592732e-06,-6.96938773595927e-07,1.79955643545782e-05,8.5157950097899e-05,0.000352305829000935,0.00143833598233414,0.00570111411613918,0.0206499062736469,0.0625250429355627,0.143714741299419,0.244905701342038,0.342441214863638,0.469227885535515,0.661632154355245,0.81682955092336,0.898511160896281,0.939192920083149,0.960395875931954,0.972124670882598,0.979179966364381,0.983108218903318,0.985672996678842,0.987101395128154,0.987840582966761
-1.06720651321742e-05,-1.06720651321742e-05,-1.06720651321742e-05,-1.06720651321742e-05,-1.06720651321742e-05,-1.06720651321742e-05,-1.07144258805647e-05,-1.06653063634591e-05,-1.06034226642275e-05,-1.04400012304495e-05,-9.94725409573978e-06,-8.95912388330089e-06,-6.74849462522313e-06,-2.68518572473416e-07,1.93021287477298e-05,8.96777227258857e-05,0.00036954444331343,0.00150340814260043,0.00593030190448189,0.0213460553887283,0.0640936588735135,0.145961508079652,0.246967900591197,0.34413789920533,0.471246139982908,0.663312929265634,0.817554520754656,0.898776929832892,0.9392966219916,0.960441702402219,0.972147983067138,0.979192333561835,0.983115863356242,0.98567845140989,0.987105387211648,0.987844120634547
-1.06720651321742e-05,-1.06720651321742e-05,-1.06720651321742e-05,-1.06720651321742e-05,-1.06720651321742e-05,-1.06720651321742e-05,-1.07185055355785e-05,-1.06635936703015e-05,-1.05942005016383e-05,-1.04209223735552e-05,-9.91196342662685e-06,-8.88642776715187e-06,-6.57951716884024e-06,1.80423991006743e-07,2.06720390735882e-05,9.44086996829204e-05,0.000387508936091763,0.0015708545593687,0.00616641275053477,0.0220572157378626,0.065675891744461,0.148196607071952,0.249000654821294,0.345809141765923,0.473225265616823,0.664937862742459,0.818249829981198,0.89903094346308,0.939395421788517,0.960485269775289,0.972170143473763,0.979204072762929,0.983123088810646,0.985683566609878,0.987109146128253,0.98784742141132
-1.06720651321742e-05,-1.06720651321742e-05,-1.06720651321742e-05,-1.06720651321742e-05,-1.06720651321742e-05,-1.06720651321742e-05,-1.07225617076286e-05,-1.06616227905458e-05,-1.05843721854626e-05,-1.04011559869832e-05,-9.87528260717833e-06,-8.81062171250354e-06,-6.40278858270449e-06,6.50938196145034e-07,2.21083876728774e-05,9.9360087436177e-05,0.000406223179931923,0.00164072908824835,0.00640956265616808,0.0227832544185569,0.0672710542806991,0.150419328334051,0.251003881594328,0.347454913802676,0.475164932023203,0.666507978756637,0.818916330168769,0.899273651854529,0.939489498955431,0.960526666167396,0.972191192068012,0.979215225291174,0.98312992298182,0.985688359740773,0.987112690731423,0.987850497555607
-1.06720651321742e-05,-1.06720651321742e-05,-1.06720651321742e-05,-1.06720651321742e-05,-1.06720651321742e-05,-1.06720651321742e-05,-1.07265623730276e-05,-1.06593759928349e-05,-1.05739334240222e-05,-1.03806727736355e-05,-9.83714908594872e-06,-8.73155905101915e-06,-6.21793214179434e-06,1.1440733260315e-06,2.36142668872693e-05,0.000104541092452829,0.000425711047427058,0.00171308558484687,0.00665986762325209,0.0235240385283191,0.0688784592145244,0.152628961923675,0.252977498472299,0.349075186572848,0.477064808787986,0.668024272330836,0.819554872883149,0.89950545992124,0.939579032973873,0.960565979694768,0.972211167757542,0.979225832852445,0.983136393585056,0.985692848355981,0.987116025312475,0.987853361325934
-1.06720651321742e-05,-1.06720651321742e-05,-1.06720651321742e-05,-1.06720651321742e-05,-1.06720651321742e-05,-1.06720651321742e-05,-1.07304755090354e-05,-1.0656835543917e-05,-1.05628799265863e-05,-1.03594434420984e-05,-9.79750031338729e-06,-8.64909311720415e-06,-6.02457112487779e-06,1.66087865996663e-06,2.51927690631722e-05,0.000109960921201946,0.000445996411168418,0.00178797790477271,0.00691744365365802,0.0242794351646571,0.0704974192782278,0.154824797898556,0.254921423017206,0.350669931333695,0.478924580781108,0.669487711256754,0.820166311150571,0.899726704694885,0.939664203159216,0.960603298473635,0.972230109438817,0.979235934154909,0.983142528335644,0.985697051261767,0.987119147874607,0.987856024980829
-1.06720651321742e-05,-1.06720651321742e-05,-1.06720651321742e-05,-1.06720651321742e-05,-1.06720651321742e-05,-1.06720651321742e-05,-1.07342690938594e-05,-1.06539837095928e-05,-1.05512074033716e-05,-1.03374386962211e-05,-9.75627373994333e-06,-8.56307724082702e-06,-5.8223288069333e-06,2.20240347725091e-06,2.68469865413105e-05,0.000115628780150701,0.000467103143751046,0.00186545990363432,0.00718240674925805,0.0250493114250778,0.072127247204107,0.157006126316422,0.256835572791049,0.352239119342478,0.480744064169713,0.670899263326089,0.820751505162017,0.899937717719791,0.939745183144159,0.960638710620229,0.972248056008302,0.97924554482971,0.983148349428307,0.985700983262115,0.987122071956696,0.987858500778817
-1.06720651321742e-05,-1.06720651321742e-05,-1.06720651321742e-05,-1.06720651321742e-05,-1.06720651321742e-05,-1.06720651321742e-05,-1.07379111038123e-05,-1.06508027566103e-05,-1.05389115655422e-05,-1.03146292426951e-05,-9.71340681417132e-06,-8.47336475355102e-06,-5.61082846388672e-06,2.76969706097437e-06,2.85800116652505e-05,0.000121553875766267,0.000489055117766194,0.00194558543704204,0.00745487291192054,0.0258335344070881,0.0737672557244546,0.159172237235002,0.258719963040767,0.353782721856455,0.482522937166912,0.672259896330533,0.821311301987302,0.900138830540283,0.939822147704143,0.960672304250779,0.972265046362463,0.979254656886532,0.983153843429213,0.985704657703666,0.987124812090579,0.987860800978428
-1.06720651321742e-05,-1.06720651321742e-05,-1.06720651321742e-05,-1.06720651321742e-05,-1.06720651321742e-05,-1.06720651321742e-05,-1.07413695152066e-05,-1.06472749507702e-05,-1.05259881223674e-05,-1.0290985788212e-05,-9.66883698557316e-06,-8.37980898988159e-06,-5.38969337355866e-06,3.36380869233229e-06,3.03949367776113e-05,0.000127745414514872,0.000511876205809851,0.00202842511055887,0.00773495867995185,0.0266319712081961,0.0754167575715665,0.161322420712025,0.260575586348627,0.35530077323366,0.484260834118697,0.673570578061786,0.821846546380702,0.900330374700686,0.939895273861957,0.960704167481513,0.972281119397762,0.979263289941878,0.983159020647155,0.985708087933061,0.987127377959085,0.987862937838185
-1.06720651321742e-05,-1.06720651321742e-05,-1.06720651321742e-05,-1.06720651321742e-05,-1.06720651321742e-05,-1.06720651321742e-05,-1.07446123071971e-05,-1.06433825578733e-05,-1.05124327821689e-05,-1.02664790385158e-05,-9.62250170459811e-06,-8.282263281482e-06,-5.15854681187496e-06,3.98578764873037e-06,3.22948542229066e-05,0.000134212602866531,0.00053559028047232,0.0021141244147581,0.00802287027064684,0.0274444889259087,0.0770750654777364,0.163455967012516,0.262402808097526,0.356793752448125,0.485957389371064,0.674832276311545,0.822358042017164,0.900512681745327,0.939964738640386,0.960734388422695,0.972296314010668,0.97927146402109,0.983163897805953,0.98571128729694,0.987129778200325,0.987864923616616
-1.06720651321742e-05,-1.06720651321742e-05,-1.06720651321742e-05,-1.06720651321742e-05,-1.06720651321742e-05,-1.06720651321742e-05,-1.07476074560964e-05,-1.06391078465625e-05,-1.04982412551635e-05,-1.02410796984032e-05,-9.57433841980067e-06,-8.1805809600155e-06,-4.91701205570886e-06,4.63668321515343e-06,3.42828563428081e-05,0.000140964647288418,0.000560221214348644,0.00220274910518488,0.00831872886502367,0.0282709546577337,0.0787414853550568,0.165572314538809,0.264201737321157,0.358261711872979,0.487612237270006,0.676045958871504,0.822846523451155,0.900686083218532,0.94003071906222,0.960763052890704,0.972310669097644,0.97927919914951,0.983168491629433,0.985714269141946,0.987132021452409,0.987866771230036
-1.06720651321742e-05,-1.06720651321742e-05,-1.06720651321742e-05,-1.06720651321742e-05,-1.06720651321742e-05,-1.06720651321742e-05,-1.07503229391644e-05,-1.06344330826384e-05,-1.04834092525152e-05,-1.02147584745656e-05,-9.52428458163013e-06,-8.07461535809277e-06,-4.66471237909142e-06,5.31754466900717e-06,3.63620354799347e-05,0.000148010754245812,0.000585792880030075,0.00229435067681247,0.00862256284827083,0.0291112355011781,0.0804152214153485,0.16767106743097,0.265972483053209,0.359703980760353,0.489224827100454,0.677212689842822,0.823312719993257,0.900850910664627,0.940093392150247,0.960790245928237,0.972324223555154,0.979286515352483,0.983172819215644,0.985717046814717,0.987134116353445,0.987868491628923
-1.06720651321742e-05,-1.06720651321742e-05,-1.06720651321742e-05,-1.06720651321742e-05,-1.06720651321742e-05,-1.06720651321742e-05,-1.07527267317664e-05,-1.06293405309543e-05,-1.04679324815985e-05,-1.01874860736946e-05,-9.47227763958836e-06,-7.96421980737705e-06,-4.40127106173804e-06,6.02942129243426e-06,3.85354839778529e-05,0.00015536013020873,0.000612329150110706,0.00238898062461506,0.00893440060556827,0.0299651985537499,0.0820955193635295,0.169751789649518,0.267715154327375,0.361120348048929,0.490794847687357,0.67833381386673,0.823757360954054,0.901007495627937,0.940152934927251,0.960816053896799,0.972337016279665,0.97929343265535,0.983176897880546,0.985719633661895,0.987136071541543,0.987870091981953
-1.06720651321742e-05,-1.06720651321742e-05,-1.06720651321742e-05,-1.06720651321742e-05,-1.06720651321742e-05,-1.06720651321742e-05,-1.07547868149519e-05,-1.06238124592058e-05,-1.04518066535775e-05,-1.01592331996396e-05,-9.41825504222985e-06,-7.84924763953162e-06,-4.1263113767324e-06,6.77336236473517e-06,4.08062941820238e-05,0.000163021981644344,0.000639853897183684,0.00248669044356973,0.00925427052210353,0.030832710912956,0.0837816537014637,0.171814045154966,0.269429860177346,0.362510940616478,0.492322780934594,0.679410540967158,0.824181175644127,0.901156168919153,0.940209524416023,0.960840563157899,0.972349086353177,0.979299971083454,0.983180739504162,0.985722043030122,0.987137895654814,0.987871579366666
-1.06720651321742e-05,-1.06720651321742e-05,-1.06720651321742e-05,-1.06720651321742e-05,-1.06720651321742e-05,-1.06720651321742e-05,-1.07564711621914e-05,-1.06178311341409e-05,-1.04350274786687e-05,-1.01299705609866e-05,-9.36215424095129e-06,-7.72955218906191e-06,-3.83945660378989e-06,7.55041716994735e-06,4.31775584312769e-05,0.000171005515019829,0.000668390993843104,0.00258753162865067,0.00958220098306034,0.0317136396763042,0.0854728989310161,0.173857397907832,0.271116709636815,0.363875885340771,0.493809129949629,0.68044406199127,0.824584893374057,0.901297260640707,0.940263337639347,0.960863860073044,0.972360475047031,0.979306150662137,0.983184355201106,0.985724288266037,0.987139597331366,0.987872960860604
-1.06720651321742e-05,-1.06720651321742e-05,-1.06720651321742e-05,-1.06720651321742e-05,-1.06720651321742e-05,-1.06720651321742e-05,-1.07577477526396e-05,-1.06113788215604e-05,-1.04175906661415e-05,-1.00996688625325e-05,-9.30391268335976e-06,-7.60498678668379e-06,-3.54033001883636e-06,8.36163498452909e-06,4.56523690710734e-05,0.000179319936802358,0.000697964312680218,0.00269155567483021,0.0099182203736215,0.0326078519412998,0.0871685295540506,0.175881411868631,0.272775811739472,0.365215309099579,0.495254404384824,0.68143555870939,0.82496924345443,0.901431104831262,0.940314585620744,0.960886031003742,0.972371218204681,0.979311992484319,0.98318775608599,0.985726382716282,0.987141185209308,0.987874243541307
-1.06720651321742e-05,-1.06720651321742e-05,-1.06720651321742e-05,-1.06720651321742e-05,-1.06720651321742e-05,-1.06720651321742e-05,-1.07585845616616e-05,-1.06044377882123e-05,-1.03994919243178e-05,-1.00682988090739e-05,-9.24346781990456e-06,-7.47540476500793e-06,-3.22855489590286e-06,9.20806509346524e-06,4.82338184449797e-05,0.000187974453460053,0.000728597726289119,0.00279881407708729,0.0102623570789736,0.0335152148054542,0.0888678200724324,0.17788565099788,0.274407275519008,0.366529338770671,0.496659181280278,0.682386212891606,0.825334954711969,0.90155803584068,0.940363417825479,0.960907158856884,0.972381349786043,0.979317516793094,0.983190953273427,0.985728339796935,0.987142667926751,0.987875434486316
-1.06720651321742e-05,-1.06720651321742e-05,-1.06720651321742e-05,-1.06720651321742e-05,-1.06720651321742e-05,-1.06720651321742e-05,-1.07589495693598e-05,-1.05969903008448e-05,-1.03807269643615e-05,-1.00358311082497e-05,-9.18075710103494e-06,-7.34065945569758e-06,-2.90375451281003e-06,1.00907567741615e-05,5.09249988946673e-05,0.000196978271460087,0.000760315107264849,0.00290935833039327,0.0106146394843014,0.0344355953662728,0.0905700449880243,0.179869679256096,0.276011210009116,0.36781810123182,0.498023968991328,0.683297206308002,0.825682756252356,0.901678388018825,0.940409921101957,0.960927292389259,0.972390903751029,0.979322737647141,0.983193957878029,0.985730173110447,0.987144054121804,0.987876540773173
-1.06720651321742e-05,-1.06720651321742e-05,-1.06720651321742e-05,-1.06720651321742e-05,-1.06720651321742e-05,-1.06720651321742e-05,-1.07588107501518e-05,-1.05890186252585e-05,-1.03612914964894e-05,-1.0002236465804e-05,-9.11571797530542e-06,-7.20060419136341e-06,-2.56555214737849e-06,1.10107593087605e-05,5.37290027627553e-05,0.000206340597270582,0.000793140328196766,0.00302323992972333,0.0109750959747875,0.0353688607212604,0.0922744788026913,0.181833060603794,0.277587724243488,0.369081723360795,0.499349250838551,0.684169720728663,0.826013378691202,0.90179249571556,0.940454180108613,0.960946469546235,0.972399914059551,0.979327668787621,0.98319678101441,0.985731891561055,0.987145352437485,0.987877569479418
-1.06720651321742e-05,-1.06720651321742e-05,-1.06720651321742e-05,-1.06720651321742e-05,-1.06720651321742e-05,-1.06720651321742e-05,-1.07581360822451e-05,-1.05805050282015e-05,-1.03411812280759e-05,-9.96748558653356e-06,-9.04828789032308e-06,-7.05509230461606e-06,-2.2135710726919e-06,1.19691219794049e-05,5.66489223947049e-05,0.000216070637359659,0.000827097261680857,0.00314051037005261,0.0113437549356178,0.0363148779679288,0.0939803960182976,0.183775359001491,0.279136927255813,0.370320332035368,0.500635510142523,0.685004937923675,0.826327552675727,0.901900693280749,0.940496275905711,0.960964729492564,0.972408414671524,0.979332323955695,0.983199433797183,0.985733502753358,0.987146571500577,0.987878527682593
-1.06720651321742e-05,-1.06720651321742e-05,-1.06720651321742e-05,-1.06720651321742e-05,-1.06720651321742e-05,-1.06720651321742e-05,-1.07568935428996e-05,-1.0571431776422e-05,-1.03203918721799e-05,-9.93154917902454e-06,-8.97840430032678e-06,-6.90397712806619e-06,-1.84743456751827e-06,1.29668940635005e-05,5.96878501312403e-05,0.000226177598192597,0.000862209780308376,0.00326122114635628,0.0117206447519749,0.037273471320079,0.0956870711367088,0.185696153229667,0.280658928079785,0.371534078725109,0.501883230223822,0.685804039663124,0.826626008853151,0.902003315064255,0.940536289553508,0.960982111392999,0.972416439546861,0.979336716892525,0.983201927340959,0.985735014291956,0.987147716431918,0.987879422460237
-1.06720651321742e-05,-1.06720651321742e-05,-1.06720651321742e-05,-1.06720651321742e-05,-1.06720651321742e-05,-1.06720651321742e-05,-1.07550511093753e-05,-1.05617811357206e-05,-1.02989191361758e-05,-9.8943979452315e-06,-8.90600465102883e-06,-6.74711199148229e-06,-1.46676590873085e-06,1.40051248450845e-05,6.28488783159279e-05,0.000236670686239412,0.000898501756673416,0.00338542375360949,0.0121057938090454,0.0382441483798336,0.0973937786597872,0.187595347152108,0.282153835749095,0.372723320847281,0.503092894403025,0.686568207717093,0.826909477870696,0.902100695415942,0.940574302112264,0.960998655640143,0.972424022645475,0.979340861339271,0.983204272760351,0.985736433781448,0.987148790955082,0.987880260889893
-1.06720651321742e-05,-1.06720651321742e-05,-1.06720651321742e-05,-1.06720651321742e-05,-1.06720651321742e-05,-1.06720651321742e-05,-1.07525767598797e-05,-1.05515353737928e-05,-1.02767587302803e-05,-9.85600259374072e-06,-8.8310263938259e-06,-6.5843502293698e-06,-1.07118837130808e-06,1.50848636025103e-05,6.61350992923341e-05,0.000247559107966329,0.000936002203318746,0.00351316968678551,0.0124992304920132,0.0392265163520278,0.0990997832428453,0.189472860380001,0.283621759297432,0.373888234957753,0.504264986000707,0.687298623855671,0.827178690375581,0.902193179468595,0.940610394642241,0.961014401791541,0.97243119792728,0.979344771037094,0.983206481169974,0.985737768826435,0.987149798793645,0.987881050049101
-1.06720651321742e-05,-1.06720651321742e-05,-1.06720651321742e-05,-1.06720651321742e-05,-1.06720651321742e-05,-1.06720651321742e-05,-1.0749438467883e-05,-1.0540676755492e-05,-1.02539063637626e-05,-9.81633383029627e-06,-8.75340697821988e-06,-6.41554517433936e-06,-6.6032523212319e-07,1.62071596179203e-05,6.95496054030779e-05,0.000258852069841472,0.000974787132229456,0.00364451044086138,0.0129009831860619,0.0402202230240505,0.100804392035751,0.191328540637412,0.285063097003897,0.375028939204862,0.505399988337447,0.687996470656769,0.827434377015027,0.902281159661398,0.940644648203698,0.961029381202333,0.972437999352189,0.979348459727156,0.983208563737883,0.985739027031516,0.987150743671179,0.987881796811725
-1.06720651321742e-05,-1.06720651321742e-05,-1.06720651321742e-05,-1.06720651321742e-05,-1.06720651321742e-05,-1.06720651321742e-05,-1.07456042153823e-05,-1.05291875485136e-05,-1.02303577487343e-05,-9.77536236158964e-06,-8.67308385276525e-06,-6.24055015805425e-06,-2.33799768049418e-07,1.73730621715625e-05,7.30954889917257e-05,0.00027055877833296,0.00101489446930808,0.00377949751080848,0.0133110802763772,0.0412249161832875,0.102506994397389,0.193162235648407,0.286478707253295,0.376145551736941,0.506498384733821,0.688662931501237,0.827677343848324,0.902364844718072,0.940677143856894,0.961043624714186,0.972444460880116,0.979351941150618,0.983210531077506,0.985740216001291,0.987151629311261,0.98788250551391
-1.06720651321742e-05,-1.06720651321742e-05,-1.06720651321742e-05,-1.06720651321742e-05,-1.06720651321742e-05,-1.06720651321742e-05,-1.0741041975848e-05,-1.0517050017711e-05,-1.02061085916224e-05,-9.73305889241753e-06,-8.5899944688587e-06,-6.05921851123033e-06,2.08764744987396e-07,1.85836205436848e-05,7.67758424018439e-05,0.00028268843990702,0.00105634868300892,0.00391818239160481,0.0137295501481418,0.0422402436171249,0.104206982509109,0.194973793137052,0.287868855534774,0.377238190702325,0.507560658631386,0.689299185246424,0.827908256203637,0.90244440345225,0.940707962662092,0.961057163168768,0.972450616838185,0.979355229048638,0.983212389428349,0.985741343340358,0.987152459437462,0.987883179411104
-1.06720651321742e-05,-1.06720651321742e-05,-1.06720651321742e-05,-1.06720651321742e-05,-1.06720651321742e-05,-1.06720651321742e-05,-1.07357197284349e-05,-1.05042464317269e-05,-1.01811546035909e-05,-9.68939412757663e-06,-8.50407627315993e-06,-5.87140356742566e-06,6.6774503106141e-07,1.98398840173771e-05,8.05937579741567e-05,0.000295250261031773,0.00109917424178529,0.00406061657822268,0.0141564211865424,0.0432658531129495,0.10590374855226,0.196763060827411,0.289233779822013,0.378306974249349,0.508587309054886,0.689906410377464,0.828127583712315,0.902519996199355,0.940737185679549,0.961070027407748,0.972456499638631,0.979358337162383,0.983214144102898,0.985742416574034,0.987153237773356,0.98788382042201
-1.06720651321742e-05,-1.06720651321742e-05,-1.06720651321742e-05,-1.06720651321742e-05,-1.06720651321742e-05,-1.06720651321742e-05,-1.07296054485081e-05,-1.04907590554149e-05,-1.01554914948565e-05,-9.64433877565322e-06,-8.415266718013e-06,-5.6769586583035e-06,1.143517812352e-06,2.11429018700452e-05,8.45523280531779e-05,0.00030825344817534,0.00114339561408959,0.00420685156563915,0.0145917217767609,0.0443013924581474,0.107596684708196,0.198529886443549,0.290573718088692,0.379352020526346,0.509578827785319,0.6904858253618,0.828335797233781,0.902591782555702,0.940764893969527,0.961082248272791,0.972462135145315,0.979361279414801,0.983215800413644,0.985743433334222,0.98715396804252,0.987884424609903
-1.06720651321742e-05,-1.06720651321742e-05,-1.06720651321742e-05,-1.06720651321742e-05,-1.06720651321742e-05,-1.06720651321742e-05,-1.07226671171171e-05,-1.04765701555228e-05,-1.01291149746885e-05,-9.59786353954921e-06,-8.3235032519724e-06,-5.47573711836928e-06,1.63645981293333e-06,2.24937233838318e-05,8.8654644982474e-05,0.000321707207804896,0.001189037268378,0.00435693884882748,0.0150354803039846,0.0453465094401082,0.109285183158264,0.200274117709534,0.291888908308491,0.380373447681654,0.510535694541638,0.691038726465767,0.828533360575486,0.902659922117604,0.940791169644586,0.961093856605567,0.97246751709412,0.979364067923342,0.983217363673073,0.98574439293777,0.987154653968525,0.987884993291607
-1.06720651321742e-05,-1.06720651321742e-05,-1.06720651321742e-05,-1.06720651321742e-05,-1.06720651321742e-05,-1.06720651321742e-05,-1.07148727058378e-05,-1.04616619987989e-05,-1.01020207533035e-05,-9.54993912785085e-06,-8.22872332359263e-06,-5.26759227739149e-06,2.14694775687955e-06,2.38933978408795e-05,9.29038011046638e-05,0.000335620746387614,0.00123612367310481,0.00451092992276188,0.0154877251533956,0.0464008518462142,0.110968636083815,0.201995602349427,0.293179588455089,0.381371373863606,0.511458741972708,0.691566096541601,0.828720733987481,0.902724574481377,0.940816089071275,0.961104883247745,0.972472635448122,0.979366710196704,0.983218839193675,0.985745301045646,0.987155299274947,0.987885528695296
-1.06720651321742e-05,-1.06720651321742e-05,-1.06720651321742e-05,-1.06720651321742e-05,-1.06720651321742e-05,-1.06720651321742e-05,-1.07061901966669e-05,-1.04460168529386e-05,-1.00742045390234e-05,-9.50053624535485e-06,-8.13086438427035e-06,-5.052377466086e-06,2.67535836826482e-06,2.53429745204888e-05,9.73028887633139e-05,0.000350003270392563,0.00128467929672145,0.00466887628241939,0.0159484852433119,0.047464067463856,0.112646435666201,0.203694188087299,0.294445996502168,0.382345917220536,0.512349096953971,0.692068879581518,0.828898377719813,0.902785899243334,0.940839721456382,0.96111535904099,0.972477503143922,0.979369213360867,0.983220232287938,0.985746163621344,0.987155907685359,0.987886033049141
-1.06720651321742e-05,-1.06720651321742e-05,-1.06720651321742e-05,-1.06720651321742e-05,-1.06720651321742e-05,-1.06720651321742e-05,-1.06965875640223e-05,-1.04296169827952e-05,-1.00456620439597e-05,-9.44962559970008e-06,-8.02986388256007e-06,-4.82994602180042e-06,3.22206836926853e-06,2.68435027029075e-05,0.000101855000299148,0.000364863986285968,0.00133472860768412,0.00483082942277235,0.0164177849051621,0.0485358040804186,0.114317974086773,0.205369722647211,0.295688370423406,0.383297222980819,0.513207629920939,0.692548019577735,0.829066752022533,0.902844055999788,0.940862135902931,0.961125314826972,0.972482133118116,0.979371584541818,0.98322154826835,0.985746984237236,0.987156482923334,0.987886508581314
-1.06720651321742e-05,-1.06720651321742e-05,-1.06720651321742e-05,-1.06720651321742e-05,-1.06720651321742e-05,-1.06720651321742e-05,-1.06860327870587e-05,-1.04124446541694e-05,-1.00163889745393e-05,-9.39717789473586e-06,-7.92565926796366e-06,-4.60015127146107e-06,3.78745448396482e-06,2.8396031669331e-05,0.000106563228057629,0.000380212100535005,0.00138629607444519,0.00499684083879686,0.0168955451711753,0.0496157094832881,0.11598264352688,0.207022053753231,0.296906948192482,0.384225531320425,0.514035211064575,0.69300446052247,0.829226317145691,0.902899204347053,0.940883401513947,0.961134781485407,0.972486538307304,0.97937383086554,0.9832227924474,0.985747764818944,0.987157028712449,0.987886957519989
-1.06720651321742e-05,-1.06720651321742e-05,-1.06720651321742e-05,-1.06720651321742e-05,-1.06720651321742e-05,-1.06720651321742e-05,-1.06744938392467e-05,-1.03944821347568e-05,-9.9863810428739e-06,-9.34316383715365e-06,-7.81818799093041e-06,-4.36284655052077e-06,4.37189343737524e-06,3.00016107009545e-05,0.000111430664381373,0.000396056819607793,0.0014394061654599,0.00516696202546617,0.0173816555672507,0.0507034314598523,0.117639832111005,0.208651189770767,0.298101967783079,0.385130975904958,0.514832710575841,0.693439146659087,0.829377533339335,0.902951503881445,0.940903587392453,0.961143790836128,0.972490731648087,0.979375959458017,0.983223970137576,0.985748507291418,0.987157549125531,0.987887382093337
-1.06722347775682e-05,-1.06722454262354e-05,-1.06720677157076e-05,-1.06720691074239e-05,-1.06719096805818e-05,-1.06718604920767e-05,-1.06621956329415e-05,-1.03758564241237e-05,-9.95566798280834e-06,-9.28767818872226e-06,-7.70762429832909e-06,-4.11833810195124e-06,4.97497635005099e-06,3.16604402001985e-05,0.000116462183688289,0.000412423918613551,0.00149408334918064,0.00534124446962968,0.0178760057705063,0.0517986183861988,0.119288969790383,0.210257345817252,0.29927352227761,0.386013681752314,0.515600998645699,0.693853026072056,0.829520860853515,0.903001114199275,0.940922762641474,0.961152366601697,0.972494726077061,0.979377977445234,0.983225086651366,0.98574921357961,0.987158046752162,0.98788778452953
-1.06729057288627e-05,-1.06729584899767e-05,-1.06720707170401e-05,-1.06720763132747e-05,-1.0671278316939e-05,-1.06710289638083e-05,-1.06496428344371e-05,-1.03568407733216e-05,-9.92428766721787e-06,-9.23090483126998e-06,-7.5943057263809e-06,-3.8672205439146e-06,5.59589000488359e-06,3.33727424740952e-05,0.000121666210625904,0.000429358016836545,0.0015503520940617,0.00551973965618326,0.0183784856061171,0.052900830038241,0.120929618335714,0.21184052904147,0.300421635504857,0.386873983022472,0.516340945465112,0.694247031195933,0.829656759938281,0.903048195921559,0.940940996364035,0.961160529124778,0.972498534530829,0.979379891953174,0.983226147301259,0.985749885608468,0.987158522543948,0.987888167056743
-1.06740550431065e-05,-1.06741799442034e-05,-1.06720605098568e-05,-1.06720705578785e-05,-1.06701616298703e-05,-1.06695574373816e-05,-1.06368319364947e-05,-1.03374126496192e-05,-9.89218641791467e-06,-9.17274369101051e-06,-7.47802207949159e-06,-3.60902078853087e-06,6.23575367436994e-06,3.51412131578854e-05,0.000127048996567207,0.000446871637264697,0.0016082368685583,0.00570250103742846,0.0188889845862102,0.0540095852511693,0.122561360097087,0.213400841334924,0.301546895490559,0.387712349726556,0.517053425048455,0.694622088597082,0.829785690843683,0.903092902118704,0.94095835766316,0.961168298748038,0.972502169945988,0.979381710107822,0.983227157399744,0.985750525302945,0.987158977441812,0.987888531903146
-1.06756489581509e-05,-1.06758739046124e-05,-1.06720232196267e-05,-1.06720352893793e-05,-1.06685599234879e-05,-1.06674455916315e-05,-1.06237434607692e-05,-1.03175403779687e-05,-9.85930808118004e-06,-9.11308641207142e-06,-7.35854726864697e-06,-3.34323505342127e-06,6.89574104815923e-06,3.69686123491419e-05,0.000132616701958455,0.000464976282653614,0.00166776214112285,0.00588965681703731,0.0194073922133034,0.0551244675675671,0.124183777635982,0.214938387657742,0.302649688392513,0.388529230629785,0.517739305374751,0.694979124841872,0.829908114369604,0.903135376349752,0.940974915641875,0.961175695814141,0.972505645260414,0.979383439035162,0.983228122324396,0.985751134587991,0.987159412386677,0.987888881296912
-1.06776537042682e-05,-1.06780044831112e-05,-1.06719449651867e-05,-1.06719539511838e-05,-1.06664734990621e-05,-1.06646931006556e-05,-1.0610357924179e-05,-1.02971922890068e-05,-9.82559650424264e-06,-9.0518246385803e-06,-7.2356552105172e-06,-3.06935956094397e-06,7.57702581021628e-06,3.88577001435427e-05,0.000138375487247799,0.000483683455757008,0.00172895238021056,0.00608125256033342,0.0199335979899189,0.0562450605300133,0.125796453513881,0.21645327297005,0.303730359560166,0.389325074497383,0.518399434960492,0.695319066496667,0.830024485032537,0.903175761987815,0.940990739403201,0.961182740665753,0.972508974911698,0.979385085861179,0.983229047463406,0.985751715388555,0.987159828319467,0.98788921745474
-1.06800355145727e-05,-1.06805357935021e-05,-1.06718118720058e-05,-1.06718099952256e-05,-1.06639026635473e-05,-1.0661299644236e-05,-1.05966558464843e-05,-1.02763367076856e-05,-9.79099553433116e-06,-8.98885001561212e-06,-7.10911981514073e-06,-2.78689053061498e-06,8.28078165019027e-06,4.08112366367656e-05,0.000144331512878656,0.000503004659332381,0.00179183205427383,0.00627727685731069,0.0204674914185754,0.0573709476810923,0.12739897029226,0.217945602231974,0.304789254342962,0.390100330094571,0.519034661689339,0.695642840127835,0.830135244192035,0.903214202406002,0.941005898976089,0.96118945364554,0.972512168121121,0.979386657711855,0.983229935090959,0.985752269629589,0.987160226181105,0.987889541892305
-1.06827606231263e-05,-1.068343194864e-05,-1.0671610058921e-05,-1.06715868668061e-05,-1.06608477172661e-05,-1.06572648983653e-05,-1.05826177464981e-05,-1.02549419617996e-05,-9.7554490158321e-06,-8.92405418824183e-06,-6.97871499634554e-06,-2.4953241828977e-06,9.00818225204603e-06,4.2831981925436e-05,0.00015049093930107,0.000522951396134393,0.00185642563176884,0.00647771829796492,0.0210089620017925,0.0585017125633849,0.128990910532603,0.219415480403638,0.305826718090348,0.39085544618657,0.519645833444951,0.695951372301743,0.830240838093223,0.903250840977424,0.94102046351284,0.961195855096166,0.972515230344949,0.979388161713177,0.983230786761314,0.985752799236044,0.987160606912514,0.987889855046632
-1.06857952620961e-05,-1.06866570632747e-05,-1.06713256504539e-05,-1.06712680121745e-05,-1.06573089662258e-05,-1.06525885399833e-05,-1.05682241430335e-05,-1.02329763791431e-05,-9.71890079786893e-06,-8.85732880343918e-06,-6.84421466985441e-06,-2.1941567401503e-06,9.76040130448534e-06,4.49226961071266e-05,0.000156859926958456,0.000543535168916757,0.00192275758114704,0.00668256547229191,0.0215578992420897,0.0596369387194718,0.130571856796387,0.220863012445171,0.306843096151769,0.391590871538602,0.520233798110989,0.696245590867238,0.830341646034259,0.903285821075192,0.941034489462265,0.961201965360298,0.972518167039449,0.979389605044104,0.983231604028736,0.985753306132868,0.987160971454619,0.987890157264371
-1.06891056645964e-05,-1.06901752502608e-05,-1.06709447673362e-05,-1.06708368813694e-05,-1.06532867135911e-05,-1.06472702450825e-05,-1.0553455556798e-05,-1.02104082865632e-05,-9.68129472672293e-06,-8.78856550343699e-06,-6.70539274570577e-06,-1.88288441999399e-06,1.05386124943152e-05,4.70861392756206e-05,0.000163444636298019,0.000564767480436027,0.0019908523708627,0.00689180697028462,0.0221141926419885,0.0607762096919373,0.132141391645093,0.222288303316698,0.30783873387667,0.392307072641002,0.520799403571113,0.696526462608853,0.83043787259189,0.903319286072417,0.941047996731589,0.961207804780601,0.972520983660884,0.979390992686062,0.983232388447482,0.985753792245014,0.987161320748344,0.987890448892168
-1.06926580627942e-05,-1.06939506234009e-05,-1.06704535321948e-05,-1.06702769177976e-05,-1.06487812634744e-05,-1.06413096943925e-05,-1.05382925056574e-05,-1.01872060118543e-05,-9.64257464962278e-06,-8.71765593520498e-06,-6.56202313678023e-06,-1.56100344668175e-06,1.13439895083426e-05,4.93250715284906e-05,0.000170251227767911,0.000586659833448759,0.00206073446937107,0.00710543138193979,0.0226777317040065,0.0619191090233613,0.133699097640203,0.223691457978345,0.308813976614498,0.393004508613482,0.521343497708983,0.69679464558665,0.830529706556403,0.90335137934221,0.94106097881436,0.96121339369974,0.97252368566552,0.979392327159761,0.983233141571816,0.985754259497431,0.98716165573461,0.987890730276673
-1.06964186935935e-05,-1.06979472974444e-05,-1.06698380676562e-05,-1.06695715724451e-05,-1.0643792919988e-05,-1.06347065610635e-05,-1.05227155074772e-05,-1.01633378828107e-05,-9.60268441379715e-06,-8.64449174097596e-06,-6.41387975974794e-06,-1.22801003878218e-06,1.21777060324272e-05,5.16422529614147e-05,0.00017728586181344,0.000609223730709611,0.00213242834512547,0.00732342729725228,0.0232484059306633,0.0630652202563274,0.135244557343192,0.225072581390239,0.309769169714698,0.393683607285241,0.52186692840826,0.697050667208667,0.830617336718086,0.903382217196888,0.94107345751822,0.96121875246038,0.972526278509623,0.979393610913765,0.983233864955997,0.98575470981507,0.987161977354343,0.987891001764534
-1.07003537844245e-05,-1.07021293833517e-05,-1.06690844953998e-05,-1.06687042906136e-05,-1.06383219853493e-05,-1.06274605248776e-05,-1.05067050839125e-05,-1.01387722262795e-05,-9.56156786457996e-06,-8.56896456771968e-06,-6.26073652464735e-06,-8.8340041675868e-07,1.30409357562182e-05,5.40404436719655e-05,0.000184554698880864,0.000632470674974191,0.00220595846657924,0.00754578330621598,0.0238261048244813,0.0642141269334151,0.136777361249105,0.226431778512505,0.310704658526715,0.394344796357902,0.522370543552605,0.697295042600474,0.830700951867227,0.903411849080939,0.941085454689045,0.96122390160969,0.972528767649457,0.979394846396634,0.983234560154288,0.985755145122882,0.987162286548465,0.987891263702399
-1.07044295731384e-05,-1.0706460997767e-05,-1.06681789361573e-05,-1.06676585204468e-05,-1.06323687646182e-05,-1.06195712618273e-05,-1.04902417518815e-05,-1.01134773681603e-05,-9.51916885014725e-06,-8.4909660605111e-06,-6.10236734720123e-06,-5.2667080202203e-07,1.39348523636803e-05,5.6522403755821e-05,0.000192063899418334,0.00065641216899716,0.00228134930218668,0.00777248799882671,0.0244107178879773,0.0653654125972082,0.138297231543806,0.227769154305271,0.311620788399997,0.394988503533088,0.522855210033694,0.697528269345698,0.830780740794115,0.903440334151465,0.941096992172707,0.961228859107961,0.972531158541289,0.979396036056933,0.98323522872095,0.985755567293657,0.9871625842579,0.987891516436915
-1.07086122890602e-05,-1.07109062516505e-05,-1.06671075144504e-05,-1.06664177081939e-05,-1.06259335619067e-05,-1.06110384488526e-05,-1.04733060311446e-05,-1.00874216381423e-05,-9.47543121678033e-06,-8.4103878644252e-06,-5.9385461383954e-06,-1.57317415035626e-07,1.48606295425679e-05,5.90908933077117e-05,0.000199819623870212,0.000681059715535071,0.00235862532040206,0.00800352996508025,0.0250021346236726,0.0665186607902863,0.139803989397599,0.229084813728661,0.312517913609148,0.395615156512422,0.523322023765345,0.697750844780844,0.830856892289036,0.903467726679768,0.941108091815082,0.961233636575115,0.972533456641383,0.979397182343223,0.983235872210243,0.985755976630533,0.987162871423571,0.987891760314732
-1.0712868167199e-05,-1.07154292588045e-05,-1.06658563500635e-05,-1.06649653019986e-05,-1.06190166784851e-05,-1.06018617638407e-05,-1.04558784405147e-05,-1.00605733621251e-05,-9.43029881076048e-06,-8.32712162358954e-06,-5.76904681300524e-06,2.25163523737137e-07,1.58194409806356e-05,6.17486724252103e-05,0.000207828032682755,0.000706424817340689,0.00243781098967872,0.00823889779497051,0.0256002445340869,0.0676734550552339,0.14129745800793,0.230378861742799,0.313396533470938,0.396225182997529,0.523771701034002,0.697963266242421,0.830929597939593,0.903494066250831,0.941118775462042,0.961238245083882,0.972535667406005,0.979398287704067,0.983236492176429,0.985756373118491,0.987163148986403,0.987891995682498
-1.07171634397218e-05,-1.0719994134926e-05,-1.06644115665707e-05,-1.06632847490573e-05,-1.06116184213079e-05,-1.05920408837316e-05,-1.04379395006996e-05,-1.00329008688504e-05,-9.38371548121116e-06,-8.24105898213171e-06,-5.59364328296397e-06,6.21275793832865e-07,1.68124603646902e-05,6.44985012039948e-05,0.00021609528630601,0.00073251897717436,0.00251893077847001,0.0084785800784933,0.0262049371217406,0.0688293598759818,0.142777460572247,0.231651403307817,0.314257047420032,0.39681901069003,0.524204812340398,0.698166031066933,0.83099903700467,0.903519391558196,0.941129064959463,0.961242695706991,0.972537796291419,0.979399354588028,0.983237090173769,0.985756757101621,0.987163417887318,0.987892222886858
-1.07214643406905e-05,-1.07245649900278e-05,-1.06627592856512e-05,-1.06613594965665e-05,-1.06037390925925e-05,-1.05815754845177e-05,-1.04194697286175e-05,-1.00043724832706e-05,-9.33562507346627e-06,-8.15209158607407e-06,-5.41210946209958e-06,1.03152317384077e-06,1.7840861379644e-05,6.73431397406906e-05,0.00022462754518339,0.000759353697786954,0.00260200915523209,0.00872256540564346,0.0268161012660291,0.069985892278703,0.144243820287997,0.232902629101639,0.315099798572158,0.397397067291551,0.524621928185261,0.698359636590889,0.831065372026698,0.903543741295408,0.941138982153219,0.961246999517175,0.972539848753893,0.979400385443669,0.983237667756524,0.985757128924016,0.98716367906724,0.987892442274466
-1.07257371022721e-05,-1.07291059417018e-05,-1.06608856299317e-05,-1.06591729917227e-05,-1.05953789964512e-05,-1.05704652450337e-05,-1.04004496440287e-05,-9.97495653507485e-06,-9.2859714328597e-06,-8.06011108143897e-06,-5.22421926424007e-06,1.45640944519225e-06,1.89058177160935e-05,7.02853481309755e-05,0.000233430969762101,0.000786940481934077,0.00268707058841737,0.00897084236641585,0.0274335443441818,0.0711426983619181,0.145696360352629,0.234133185207095,0.315925130043045,0.397959780503714,0.525023619069322,0.698544580150793,0.831128765298285,0.903567154156011,0.941148548892404,0.961251167587163,0.972541830249689,0.979401382719551,0.983238226478955,0.985757488929766,0.987163933464328,0.987892654191965
-1.07299479585284e-05,-1.07335810999605e-05,-1.06587767210916e-05,-1.06567086826696e-05,-1.05865384369963e-05,-1.05587098422196e-05,-1.03808597657462e-05,-9.94462135111007e-06,-9.2346984094623e-06,-7.9650091104592e-06,-5.02974660226604e-06,1.89643838363433e-06,2.00085030570563e-05,7.33278864714748e-05,0.000242511720488399,0.000815290832374179,0.00277413954647822,0.00922339955080626,0.0280570461986732,0.0722994408407042,0.147134903963589,0.235343399593503,0.31673338494842,0.398507583548848,0.525410455493312,0.698721359083155,0.831189379112044,0.903589668833549,0.941157786040848,0.961255210711183,0.972543746219669,0.979402348864237,0.983238767895323,0.985757837462965,0.987164181138503,0.987892858986007
-1.07340631416264e-05,-1.07379545814486e-05,-1.06564186798626e-05,-1.06539500156562e-05,-1.05772177164454e-05,-1.05463089511204e-05,-1.03606806144777e-05,-9.91333525727593e-06,-9.18174984860798e-06,-7.86667732105191e-06,-4.8284653881107e-06,2.35211377249319e-06,2.11500910902866e-05,7.6473514858814e-05,0.000251875957810436,0.000844416251860972,0.00286324049787178,0.0094802255488086,0.0286864218651582,0.073455782430139,0.148559274318327,0.23653353098227,0.31752490640401,0.399040918796426,0.52578300795796,0.698890470724479,0.831247375760584,0.903611324021568,0.941166706644505,0.961259122883456,0.97254560066971,0.97940328632629,0.983239293559891,0.985758174867703,0.987164421789101,0.987893057003237
-1.07380488837331e-05,-1.07421904971261e-05,-1.06537976307663e-05,-1.06508804378791e-05,-1.05674171398581e-05,-1.05332622515183e-05,-1.03398927080889e-05,-9.8810665832616e-06,-9.12706959657801e-06,-7.76500735639729e-06,-4.62014953654943e-06,2.82393938846326e-06,2.2331755506381e-05,7.97249933877235e-05,0.000261529842172574,0.000874328243150065,0.00295439791104949,0.00974130895041772,0.0293214863792959,0.0746113858453024,0.149969294614288,0.237703838094811,0.318300037525541,0.399560167038717,0.526141846963996,0.699052412546942,0.831302917536516,0.903632158413612,0.941175321135703,0.961262901684534,0.972547395491921,0.979404195038164,0.983239804732299,0.985758501488072,0.987164655573656,0.987893248590305
-1.07418714189104e-05,-1.07462529626901e-05,-1.06508996945346e-05,-1.06474833965346e-05,-1.05571370103992e-05,-1.05195694175109e-05,-1.03184765644452e-05,-9.84778365401932e-06,-9.07060150154848e-06,-7.6598908615703e-06,-4.40457296046285e-06,3.31241901202854e-06,2.35546699874097e-05,8.30850821567234e-05,0.000271479534022963,0.000905038308996116,0.00304763625446659,0.0100066383456313,0.0299620547767432,0.0757659138012722,0.151364788048922,0.238854579652532,0.319059121428744,0.400065700425319,0.526487543012151,0.69920768060266,0.831356166732449,0.903652210703224,0.941183639946773,0.961266553433528,0.97254913247588,0.979405074293453,0.98324030150349,0.985758817668164,0.987164882649699,0.987893434093859
-1.07454969802726e-05,-1.0750106090048e-05,-1.06477109928467e-05,-1.06437423407139e-05,-1.05463776331286e-05,-1.05052301298277e-05,-1.02964127052019e-05,-9.81345479923827e-06,-9.01228940980066e-06,-7.55121948164591e-06,-4.18150957273156e-06,3.81805642177824e-06,2.48200082220743e-05,8.65565412605444e-05,0.000281731193806915,0.000936557952155681,0.0031429799965764,0.0102762023244414,0.0306079420931582,0.0769190290131272,0.152745577819674,0.239986014376847,0.319802501229346,0.40055789110583,0.526820666641341,0.699356742673467,0.831407285640995,0.903671519583949,0.941191673510041,0.961270084449554,0.972550813411159,0.979405925959688,0.983240784180213,0.985759123752069,0.987165103174764,0.987893613860547
-1.07488917990395e-05,-1.07537139930021e-05,-1.06442176492768e-05,-1.06396407157187e-05,-1.05351393102637e-05,-1.04902440635139e-05,-1.02736816463297e-05,-9.77804834387068e-06,-8.95207716761585e-06,-7.43888486264647e-06,-3.95073328623615e-06,4.34135539724897e-06,2.61289438981294e-05,9.01421307948643e-05,0.000292290981971632,0.000968898675383419,0.00324045360583227,0.0105499894768438,0.0312589633641987,0.0780703941959454,0.154111487123996,0.241098400989165,0.320530520043072,0.401037111229845,0.527141787807123,0.699500057903931,0.831456436554763,0.903690123749332,0.941199432257838,0.961273501051727,0.972552440087332,0.979406751906027,0.98324125297059,0.985759420083881,0.98716531730638,0.987893788237017
-1.07520221121149e-05,-1.07570407872496e-05,-1.06404057845566e-05,-1.06351619696928e-05,-1.05234223468642e-05,-1.04746108955093e-05,-1.02502639104311e-05,-9.74153261760572e-06,-8.88990862317011e-06,-7.32277864775218e-06,-3.71201801575201e-06,4.88281971892472e-06,2.74826507023818e-05,9.38446108563085e-05,0.000303165058963373,0.00100207198143589,0.00334008175367444,0.0108279883928352,0.0319149336255227,0.0792196720648046,0.155462357300898,0.242191998210898,0.321243520985652,0.401503732946964,0.527451439921735,0.699637993906123,0.831503781766363,0.903708061988953,0.941206926622492,0.961276809559161,0.972554014293972,0.979407553976568,0.983241708201777,0.985759707007691,0.987165525202082,0.987893957569918
-1.07548541497711e-05,-1.07600505818558e-05,-1.06362615213129e-05,-1.063028955078e-05,-1.05112270442002e-05,-1.04583303037013e-05,-1.0226140013477e-05,-9.70387594634303e-06,-8.82572762179734e-06,-7.202792482038e-06,-3.46513767226497e-06,5.44295316539471e-06,2.88823023197438e-05,9.76667415424496e-05,0.00031435958522934,0.00103608937306584,0.00344193959771909,0.0111101876624076,0.0325756679127863,0.0803665253347854,0.156798182285771,0.243267064763453,0.321941873434917,0.401958128406783,0.527750141746085,0.699770754150209,0.831549483749277,0.903725369619156,0.941214167036333,0.961280016290968,0.972555537820655,0.979408333258554,0.983242150200933,0.985759984867589,0.987165727019399,0.987894122205898
-1.07573541441752e-05,-1.07627074953598e-05,-1.06317709821724e-05,-1.06250069033346e-05,-1.04985537092261e-05,-1.04414019640823e-05,-1.0201290476175e-05,-9.66504665692961e-06,-8.75947801167361e-06,-7.0788180105789e-06,-3.20986616960302e-06,6.02225951524815e-06,3.03290724398645e-05,0.000101611282948018,0.000325880721215791,0.00107096235303269,0.00354606866723752,0.0113965758755597,0.0332409812616476,0.0815106167209639,0.158119005986149,0.244323859368246,0.322625927678209,0.402400669758899,0.528038412041083,0.699898527172172,0.83159367837724,0.903742072394695,0.941221163931689,0.961283127455424,0.972557012456956,0.979409090252938,0.983242579295213,0.985760254007669,0.987165922915865,0.98789428241219
-1.0759488329389e-05,-1.07649756387218e-05,-1.06269202878669e-05,-1.06192974773952e-05,-1.04854026441596e-05,-1.04238255554871e-05,-1.01756958173382e-05,-9.62501307810726e-06,-8.69110363908021e-06,-6.95074688129201e-06,-2.94597742159416e-06,6.62124254896905e-06,3.18241347476563e-05,0.00010568099516964,0.000337734627367089,0.00110670242408825,0.0036524612655749,0.0116871416222845,0.0339106887077662,0.082651608938419,0.159424869193347,0.245362640746683,0.323295973363761,0.402831768171625,0.528316769567642,0.700021501508001,0.831636413790926,0.903758194842977,0.941227927740888,0.961286147257076,0.972558439992446,0.979409825493735,0.983242995811775,0.985760514772021,0.987166113049011,0.987894437751503
-1.07612229394742e-05,-1.07668191247967e-05,-1.06216955619705e-05,-1.06131447201581e-05,-1.04717741521654e-05,-1.04056007529607e-05,-1.01493365557796e-05,-9.58374353577559e-06,-8.62054835029843e-06,-6.81847073451536e-06,-2.67324534301376e-06,7.24040604609399e-06,3.33686629308734e-05,0.00010987863830394,0.000349927464133278,0.00114332108898907,0.00376110969607832,0.0119818734925767,0.0345846052867965,0.0837891647022294,0.160715812698672,0.246383667620177,0.323952299650093,0.4032520314694,0.52858573308667,0.700139865693681,0.831677734469677,0.903773761491407,0.94123446889626,0.961289078162538,0.972559822216701,0.979410539514962,0.983243400077777,0.985760767504737,0.98716629757637,0.987894588216041
-1.07625242065978e-05,-1.07682020683342e-05,-1.06160829261626e-05,-1.06065320778725e-05,-1.04576685383032e-05,-1.03867272362853e-05,-1.01221932112594e-05,-9.54120635962378e-06,-8.54775599255693e-06,-6.68188121816608e-06,-2.39144384390026e-06,7.88025378426482e-06,3.49638306772704e-05,0.000114206972446595,0.000362465391958722,0.0011808298504917,0.00387200626209297,0.0122807600764323,0.0352625460343982,0.084922933590776,0.161991877293435,0.247387198710138,0.324595195695719,0.403661829698614,0.528845821359077,0.700253808265199,0.831717685304395,0.903788796867396,0.941240797830134,0.961291922580983,0.972561160919296,0.979411232850635,0.983243792420375,0.985761012549909,0.987166476655473,0.987894733959232
-1.07633583648218e-05,-1.07690885831365e-05,-1.06100685011749e-05,-1.05994429977348e-05,-1.04430861066855e-05,-1.03672046805059e-05,-1.00942463016433e-05,-9.49736987460407e-06,-8.47267041403181e-06,-6.54086997542436e-06,-2.10034683902904e-06,8.54128954491292e-06,3.66108116727067e-05,0.000118668757693285,0.000375354571290624,0.00121924021134987,0.0039851432669631,0.012583789963846,0.0359443259862303,0.0860526107419001,0.163253103768947,0.248373582416752,0.325224950659162,0.404061445685864,0.529097551347365,0.700363517758541,0.831756311185982,0.903803325498346,0.941246924974838,0.961294682921585,0.972562457889803,0.979411906034771,0.983244173166725,0.985761250251628,0.987166650443853,0.987894875134499
-1.07636916444183e-05,-1.07694427820585e-05,-1.0603638411529e-05,-1.05918609288362e-05,-1.04280271595295e-05,-1.03470327635099e-05,-1.00654763466916e-05,-9.45220240945825e-06,-8.39523546100433e-06,-6.39532865325994e-06,-1.79972824222811e-06,9.2240171066275e-06,3.83107796020946e-05,0.00012326675414253,0.000388601162576189,0.00125856367432012,0.00410051301403579,0.0128909464178747,0.036629760177947,0.0871779974124062,0.164499532916519,0.249343199641861,0.325841853698934,0.404451132398797,0.529341330963657,0.700469182709693,0.831793657005342,0.903817371911666,0.941252860762703,0.961297361593519,0.972563714917797,0.979412559601384,0.983244542643984,0.985761480953986,0.987166819099041,0.987895011895269
-1.07634902803966e-05,-1.076922877985e-05,-1.05967787770093e-05,-1.05837693145835e-05,-1.04124920009478e-05,-1.03262111622371e-05,-1.00358638661646e-05,-9.40567229103332e-06,-8.31539498070318e-06,-6.24514889485302e-06,-1.48936196543067e-06,9.92894024799777e-06,4.00649081550834e-05,0.000128003721888111,0.000402211326259779,0.00129881174215806,0.00421810780665624,0.0132021535161546,0.037318663645209,0.0882988991168986,0.165731205527462,0.250296318766945,0.326446193973556,0.404831142769121,0.529577432753159,0.700570992043899,0.831829767653378,0.903830960634765,0.941258615665083,0.961299961005961,0.972564933792852,0.979413194084492,0.983244901179311,0.985761705001076,0.98716698277857,0.987895144394967
-1.0762720505871e-05,-1.0768410687471e-05,-1.058947572119e-05,-1.05751516069101e-05,-1.03964809350524e-05,-1.03047395536275e-05,-1.00053893769806e-05,-9.3577478471237e-06,-8.23309281751487e-06,-6.09022234622595e-06,-1.16902192246471e-06,1.06565627504551e-05,4.18743710184799e-05,0.000132882421026655,0.000416191222790493,0.00133999591761741,0.00433791994816867,0.01351733737134,0.0380108514236715,0.0894151213699776,0.166948162393084,0.251233207698303,0.327038260641546,0.405201729728545,0.52980612210944,0.700669120302898,0.831864688020993,0.903844116195047,0.94126419955198,0.961302483568082,0.972566116304542,0.979413810018111,0.983245249099862,0.985761922736987,0.987167141639971,0.98789527278702
-1.07613485530086e-05,-1.07669526225133e-05,-1.05817153657502e-05,-1.05659912501703e-05,-1.03799942659559e-05,-1.02826176146209e-05,-9.97403340174211e-06,-9.30839740362899e-06,-8.14827282056285e-06,-5.93044065150631e-06,-8.38482027158231e-07,1.1407388390694e-05,4.37403418790912e-05,0.00013790561165384,0.000430547012611745,0.00138212770345566,0.00445994174191829,0.0138364316452093,0.0387061385489943,0.0905264696862436,0.168150444304701,0.252154134342234,0.32761834286142,0.405563146208779,0.530027664727976,0.700763727106461,0.831898462999088,0.903856863119919,0.941269618489413,0.96130493168906,0.972567264242441,0.979414407936255,0.983245586732794,0.985762134505812,0.987167295840775,0.987895397224853
-1.07593406558711e-05,-1.07648186949897e-05,-1.05734838333168e-05,-1.05562716925078e-05,-1.03630322968229e-05,-1.02598450231047e-05,-9.94177645547249e-06,-9.25758928929099e-06,-8.06087883612842e-06,-5.76569545576907e-06,-4.97516191444447e-07,1.21819209491984e-05,4.56639944227769e-05,0.000143076053869133,0.000445284856172634,0.00142521860242747,0.00458416549125313,0.0141593699995421,0.0394043400568336,0.091632749580297,0.169338092053619,0.253059366605039,0.328186729791696,0.405915645141531,0.530242295083194,0.700854971727628,0.831931137478568,0.90386922593679,0.941274877755735,0.961307307778066,0.972568379396125,0.979414988372943,0.983245914405263,0.985762340651643,0.987167445538517,0.987895517861891
-1.07566630466257e-05,-1.07619730187025e-05,-1.05647672436741e-05,-1.0545976383014e-05,-1.03455953317659e-05,-1.02364214560187e-05,-9.90859905887949e-06,-9.20529183095671e-06,-7.97085471144025e-06,-5.59587840503658e-06,-1.4589832915135e-07,1.29806642064523e-05,4.76465023372915e-05,0.000148396507765369,0.000460410913919418,0.00146928011728846,0.00471058349951647,0.0144860860961179,0.0401052708255151,0.092733766566739,0.170511146431149,0.253949172393015,0.328743720854138,0.406259479458509,0.530450235246295,0.700943013439447,0.831962756350335,0.903881229173064,0.941279982629304,0.961309614244275,0.972569463555165,0.979415551862189,0.983246232444428,0.985762541468082,0.987167590890727,0.987895634851562
-1.07532819583867e-05,-1.07583797102961e-05,-1.05555517213437e-05,-1.05350887650957e-05,-1.03276836739496e-05,-1.02123465893555e-05,-9.87448173361827e-06,-9.15147335736795e-06,-7.87814429467441e-06,-5.42088114248903e-06,2.16597646840455e-07,1.38041219400975e-05,4.96890393084944e-05,0.000153869733439175,0.000475931346298353,0.00151432375079329,0.00483918807005447,0.0148165135967162,0.0408086866936287,0.093829326160171,0.171669648228603,0.254823819612461,0.329289603151795,0.406594902091424,0.530651707288477,0.70102801151496,0.831993364505291,0.903892897356151,0.941284938388471,0.961311853496863,0.972570518509136,0.97941609893801,0.983246541177445,0.98576273634258,0.987167732054937,0.987895748347291
-1.07491636242685e-05,-1.07540028788359e-05,-1.05458233889522e-05,-1.05235922887914e-05,-1.03092976293813e-05,-1.01876201028972e-05,-9.83940499376483e-06,-9.09610219347693e-06,-7.78269142927002e-06,-5.24059531414878e-06,5.90197822702976e-07,1.46527979306181e-05,5.17927790250875e-05,0.000159498490988123,0.000491852313755696,0.00156036100569755,0.00496997150621231,0.0151505861631174,0.0415143709892959,0.0949192338751923,0.172813638237291,0.255683576169679,0.329824601116262,0.406922165971982,0.530846933280943,0.701110125227212,0.832023006856957,0.903904255013455,0.941289750311591,0.961314027945004,0.972571546024845,0.979416630134423,0.98324684093147,0.98576292517345,0.98716786918868,0.987895858502502
-1.07442742773856e-05,-1.07488066419137e-05,-1.05355683662841e-05,-1.05114704003502e-05,-1.02904374983837e-05,-1.0162241669794e-05,-9.80334936286908e-06,-9.03914666802545e-06,-7.68443996435053e-06,-5.05491256509079e-06,9.75128285555608e-07,1.55271959566032e-05,5.39588951710357e-05,0.000165285540508838,0.000508179976737703,0.00160740338475591,0.00510292611133612,0.0154882374571002,0.0422221626168124,0.0960032952264053,0.173943157248524,0.256528709970966,0.33034893612563,0.407241524031896,0.531036135294891,0.701189513849248,0.832051727585652,0.903915326681085,0.941294423677021,0.96131613999787,0.972572547256672,0.979417145985443,0.983247132033661,0.985763108196801,0.987168002449487,0.987895965470623
-1.07385801499049e-05,-1.0742755111437e-05,-1.05247727769135e-05,-1.0498706547916e-05,-1.02711035860163e-05,-1.01362109707755e-05,-9.76629535690184e-06,-8.98057510786051e-06,-7.58333374714463e-06,-4.86372453944265e-06,1.37161512251775e-06,1.64278197985368e-05,5.61885614369354e-05,0.000171233642095103,0.000524920495691579,0.00165546239072588,0.00523804418877016,0.015829401140446,0.0429319004804739,0.0970813157284112,0.175058246053613,0.257359488922623,0.330862866779746,0.407553231223936,0.531219535401524,0.701266336654111,0.832079561187357,0.903926122109976,0.941298963763112,0.961318192064638,0.972573522967803,0.979417647025086,0.983247414811175,0.985763285648198,0.98716813199489,0.987896069403281
-1.07320474768358e-05,-1.07358124002606e-05,-1.05134227425197e-05,-1.04852841796325e-05,-1.02512961973389e-05,-1.01095276818342e-05,-9.72822349751823e-06,-8.92035584077651e-06,-7.4793166239336e-06,-4.66692288322671e-06,1.77988441881401e-06,1.73551732350082e-05,5.84829515067516e-05,0.000177345555845439,0.000542080031063582,0.00170454952636305,0.00537531804186149,0.0161740108749314,0.0436434234845782,0.0981531008958086,0.176158963251427,0.258176180930948,0.331366720335527,0.407857515924503,0.53139735567204,0.701340752914846,0.832106539025727,0.903936629537385,0.94130337584822,0.961320186554481,0.972574473950424,0.979418133787368,0.983247689591168,0.985763457744786,0.987168257982421,0.987896170447146
-1.07246424893977e-05,-1.0727942622187e-05,-1.05015043847819e-05,-1.04711867389066e-05,-1.02310156355164e-05,-1.00821914780151e-05,-9.68911430163644e-06,-8.85845719362048e-06,-7.37233244099874e-06,-4.46439924057055e-06,2.20016226345858e-06,1.83097600446066e-05,6.0843239069186e-05,0.000183624041853629,0.000559664743299966,0.0017546762944202,0.00551473997395438,0.0165220003223396,0.0443565705334227,0.0992184562431997,0.177245586893285,0.25897905390224,0.331860734998126,0.408154576314773,0.531569818177641,0.701412921904497,0.832132692464413,0.903946855791721,0.941307665210699,0.961322125876574,0.972575400112926,0.979418606806307,0.983247956700798,0.985763624711036,0.987168380569613,0.987896268754171
-1.07163314216526e-05,-1.07191098919657e-05,-1.04890038272742e-05,-1.04563976767243e-05,-1.02102622037137e-05,-1.00542020400477e-05,-9.64894828996421e-06,-8.79484749513419e-06,-7.2623250465161e-06,-4.25604525560175e-06,2.63267474167606e-06,1.92920840078159e-05,6.32705978110456e-05,0.000190071860219139,0.000577680792847938,0.00180585419765483,0.00565630228839495,0.0168733031444466,0.0450711805313015,0.100277187240114,0.178318308611846,0.259768382082017,0.332345143575309,0.408444609939497,0.531737144989527,0.701482990539902,0.832158052867073,0.903956808461794,0.941311837128904,0.961324012440091,0.972576301610129,0.979419066615916,0.983248216467223,0.985763786779955,0.987168499913997,0.98789636447685
-1.07070805057674e-05,-1.07092783224516e-05,-1.04759071907286e-05,-1.0440900440282e-05,-1.01890362060431e-05,-1.00255590429773e-05,-9.60770598036712e-06,-8.72949507121727e-06,-7.14923828676698e-06,-4.04175257623744e-06,3.07764794153324e-06,2.03026489051202e-05,6.57662014172426e-05,0.000196691771034807,0.000596134340152806,0.00185809473882064,0.00579999728852745,0.0172278530030345,0.045787092382516,0.101329106072501,0.179377267517595,0.260544495459114,0.332820178874844,0.40872781434342,0.531899558178898,0.70155102308025,0.83218265159736,0.90396649513641,0.941315896881189,0.961325848654206,0.972577179086202,0.979419513750214,0.983248469217598,0.985763944184557,0.987168616173105,0.987896457767676
-1.0696855975804e-05,-1.06984120264997e-05,-1.04622005968243e-05,-1.04246784748815e-05,-1.0167337944722e-05,-9.99626216469096e-06,-9.56536789260554e-06,-8.66236824871673e-06,-7.03301600708528e-06,-3.82141284281564e-06,3.53530794920213e-06,2.13419585132139e-05,6.83312235764788e-05,0.000203486534399152,0.000615031545662722,0.0019114094206742,0.00594581727769897,0.017585583559881,0.0465041449913599,0.102374118645108,0.180422602721019,0.261307640150808,0.333286073704496,0.409004387071292,0.532057279816955,0.701617087596558,0.832206520018927,0.903975923404378,0.941319849745908,0.961327636928093,0.972578033185313,0.979419948743215,0.98324871527908,0.985764097157851,0.98716872950447,0.987896548779139
-1.06856240629819e-05,-1.06864751188596e-05,-1.0447870168188e-05,-1.04077152286663e-05,-1.01451677276524e-05,-9.96631108023394e-06,-9.52191454454502e-06,-8.59343535637436e-06,-6.91360205659445e-06,-3.59491770514827e-06,4.00588084990735e-06,2.24105166135284e-05,7.09668379755613e-05,0.000210458910407851,0.000634378569822995,0.00196580974597111,0.00609375455925374,0.0179464284767685,0.0472221772621301,0.103412166228023,0.181454453332598,0.262058036454523,0.333743060872031,0.409274525667862,0.532210532011342,0.701681248952125,0.832229689495431,0.903985100854509,0.941323701001417,0.961329379597289,0.97257886455163,0.979420372128938,0.983248954978828,0.985764245932849,0.987168840065623,0.987896637663733
-1.06733510023105e-05,-1.06734317123861e-05,-1.04329020283937e-05,-1.03899941497806e-05,-1.01225258542096e-05,-9.93570546938827e-06,-9.47732645594594e-06,-8.52266472103717e-06,-6.7909402806284e-06,-3.36215880546812e-06,4.48959273361046e-06,2.35088269837055e-05,7.36742183012969e-05,0.000217611659156584,0.000654181573079882,0.00202130721746604,0.00624380143653885,0.0183103214154746,0.0479410280991232,0.104443190091334,0.182472958462817,0.262795904667677,0.334191373185337,0.409538427677877,0.532359519888459,0.7017435619856,0.832252191390524,0.903994035075611,0.941327455926068,0.961331077834374,0.972579673829324,0.979420784441396,0.983249188643997,0.98576439074256,0.987168948014096,0.987896724573948
-1.06603127666934e-05,-1.06595747913237e-05,-1.04173914877492e-05,-1.03716276697696e-05,-1.00993644480241e-05,-9.90438159173361e-06,-9.43156436790105e-06,-8.44998937168384e-06,-6.66490582640715e-06,-3.12288753245108e-06,4.9869580569369e-06,2.46379690613215e-05,7.64555756016231e-05,0.000224948888019109,0.000674446234947368,0.00207790125124726,0.0063959502128976,0.0186771959407215,0.0486605363155794,0.10546713123247,0.183478259259159,0.26352148422344,0.334631248977552,0.409796290646086,0.532504435007895,0.701804081172517,0.832274057067862,0.904002733656493,0.941331119798219,0.961332732616132,0.972580461662562,0.979421186214606,0.983249416601745,0.985764531819997,0.987169052711522,0.987896809662278
-1.06469401686127e-05,-1.06453616628717e-05,-1.04014835424474e-05,-1.03527867859536e-05,-1.00756002401189e-05,-9.8722290014545e-06,-9.38456576496568e-06,-8.37530514843365e-06,-6.53530957777093e-06,-2.87673708404175e-06,5.49871638308256e-06,2.57994474746207e-05,7.9313848780771e-05,0.000232475537646337,0.000695177293806637,0.00213558070396876,0.00655019319167707,0.0190469855644902,0.0493805406595499,0.106483930531045,0.184470498615907,0.264235027406065,0.33506288471157,0.410048312117236,0.532645468769923,0.701862860988411,0.832295317891099,0.904011204185962,0.941334697842801,0.961334345069993,0.972581228695512,0.979421577982585,0.983249639042645,0.985764669398168,0.987169153027242,0.987896893081213
-1.06332254252569e-05,-1.06307838971513e-05,-1.03851653430335e-05,-1.03334559488151e-05,-1.00512107280792e-05,-9.83921715658198e-06,-9.33628733245466e-06,-8.29854499310538e-06,-6.40203998424719e-06,-2.62350757035771e-06,6.02525229851381e-06,2.6994042304788e-05,8.22506457912671e-05,0.000240194746244053,0.000716379707090672,0.00219434856911107,0.0067065226762215,0.0194196239334085,0.0501008799950597,0.107493529264955,0.185449817023204,0.264936761568989,0.335486450653511,0.410294689636076,0.532782812051949,0.701919955908817,0.832316005223889,0.904019454252829,0.941338189786805,0.961335916323385,0.972581975572344,0.979421960279349,0.983249854661974,0.985764803710086,0.987169249368417,0.987896974983246
-1.06191569614111e-05,-1.06158290426113e-05,-1.03684226928635e-05,-1.03136180153266e-05,-1.00261739712929e-05,-9.80531625316416e-06,-9.28668596031912e-06,-8.2196422264739e-06,-6.26498625138083e-06,-2.36300068176358e-06,6.56694708898916e-06,2.82225269775912e-05,8.52675624808323e-05,0.000248109635994827,0.000738058436170756,0.00225420797542029,0.00686493096987893,0.0197950446952802,0.0508213931871893,0.10849586871548,0.186416354948305,0.265626913840787,0.3359021170695,0.410535620747354,0.532916568541431,0.701975420409267,0.832336150429887,0.904027491445902,0.94134159626764,0.961337447503737,0.972582702937226,0.979422332814912,0.983250063449484,0.985764934988761,0.987169342173663,0.987897055520869
-1.06047232065976e-05,-1.06004846448589e-05,-1.03512413933989e-05,-1.02932558462498e-05,-1.00004680282003e-05,-9.77049648156481e-06,-9.23571853661542e-06,-8.13853016836674e-06,-6.12403758471676e-06,-2.09501811146614e-06,7.12418203931975e-06,2.94856749169033e-05,8.83661946962396e-05,0.000256223329075548,0.000760218442417226,0.0023151620516406,0.00702541037599076,0.0201731814979117,0.0515419191010229,0.109490890163898,0.187370252858467,0.266305711350033,0.336310054225658,0.410771303713702,0.533046805022546,0.702029308965297,0.832355784872748,0.904035323353989,0.941344920363875,0.961338939738478,0.972583411434328,0.979422694725743,0.983250265909198,0.985765063467203,0.98716943188159,0.987897134846573
-1.05899125865487e-05,-1.05847382542379e-05,-1.03336072489431e-05,-1.02723522976097e-05,-9.97407095724157e-06,-9.734728037832e-06,-9.18334195318948e-06,-8.05514213766401e-06,-5.97908318790511e-06,-1.81936155077741e-06,7.69733843242193e-06,3.07842595484923e-05,9.15481382871045e-05,0.000264538947666892,0.00078286468720421,0.00237721392651527,0.00718795319790596,0.0205539679891037,0.0522622966016409,0.110478534891492,0.188311651220944,0.266973381225306,0.33671043238811,0.411001924947798,0.533173625852978,0.702081676052441,0.832374939916125,0.9040429575659,0.941348163417175,0.961340394155035,0.972584101707816,0.979423046571274,0.983250462545137,0.985765189378424,0.987169518930808,0.987897213112851
-1.05747135288918e-05,-1.05685774173025e-05,-1.03155060609576e-05,-1.02508902263783e-05,-9.94696081685712e-06,-9.69798111232952e-06,-9.12951309620288e-06,-7.96941145608798e-06,-5.83001226933296e-06,-1.535832690062e-06,8.28679755689639e-06,3.21190542971787e-05,9.48149891002004e-05,0.000273059613947642,0.000806002131900148,0.00244036672878849,0.00735255173896784,0.0209373378166627,0.0529823645541285,0.111458744179541,0.189240690502991,0.26763015059518,0.337103421822976,0.411227644140731,0.533297135390411,0.702132576146233,0.832393646892842,0.904050401670444,0.941351327450464,0.961341811880839,0.97258477440186,0.979423388936406,0.983250653861323,0.985765312955434,0.98716960375993,0.987897290472195
-1.05591144612542e-05,-1.0551989682502e-05,-1.0296923631851e-05,-1.02288524923703e-05,-9.91911566453988e-06,-9.66022589921067e-06,-9.07418885750152e-06,-7.88127144251878e-06,-5.67671403170304e-06,-1.24423322252672e-06,8.8929406947121e-06,3.34908325877829e-05,9.81683429841951e-05,0.000281788450098475,0.000829635737877273,0.0025046235872054,0.00751919830252348,0.0213232246283932,0.0537019770851183,0.112431459309324,0.190157511171864,0.268276246588231,0.337489192796381,0.411448618724878,0.533417437992531,0.702182063722207,0.832411919814078,0.904057663256428,0.941354414506237,0.961343194043316,0.972585430160629,0.979423722406036,0.983250840361779,0.985765434431245,0.987169686807569,0.987897367077096
-1.05431038112632e-05,-1.05349625992327e-05,-1.02778457640322e-05,-1.0206221950663e-05,-9.89051355967755e-06,-9.62143259262878e-06,-9.01732612514176e-06,-7.79065541583653e-06,-5.51907768340243e-06,-9.44364837588788e-07,9.51614913257496e-06,3.49003678451254e-05,0.000101609795786809,0.000290728578297224,0.000853770466506868,0.00256998763050831,0.00768788519191711,0.021711562072097,0.0544210506245302,0.113396621562122,0.19106225369482,0.268911895828876,0.337867915574447,0.411665006132618,0.533534638017022,0.702230193255899,0.832429740576638,0.904064749912662,0.941357426626992,0.961344541769897,0.972586069628293,0.979424047565065,0.983251022550526,0.985765554038865,0.987169768512335,0.987897443080047
-1.05266700055987e-05,-1.05174837121543e-05,-1.02582582608572e-05,-1.0182981461071e-05,-9.86113255976306e-06,-9.58157138578978e-06,-8.95888178907474e-06,-7.69749669586872e-06,-5.35699242618648e-06,-6.36029228454997e-07,1.01568041552961e-05,3.63484334949741e-05,0.000105140943354816,0.000299883120723621,0.000878411279160218,0.00263646198744425,0.00785860471049489,0.0221022821995717,0.055139462422962,0.114354172219217,0.191955058539112,0.269537296617287,0.338239760423298,0.411876897323462,0.533648839821569,0.702277019222841,0.832447120627392,0.904071668975755,0.941360365855226,0.96134585618801,0.972586693449018,0.979424364998393,0.983251200931587,0.985765672011307,0.98716984931284,0.98789751863354
-1.05098014728355e-05,-1.04995405716105e-05,-1.02381469237874e-05,-1.01591138815138e-05,-9.83095072323674e-06,-9.54061247000482e-06,-8.8988127392516e-06,-7.60172860528504e-06,-5.19034746749488e-06,-3.19028084542576e-07,1.08152870467393e-05,3.78358029612021e-05,0.000108763381538779,0.000309255199558341,0.000903563137208607,0.00270404978675458,0.00803134916160294,0.0224953037437208,0.0558570835316516,0.115304052561885,0.192836066171995,0.270152638649283,0.338604897609054,0.412084331271542,0.533760147763858,0.702322596098568,0.832464073603799,0.90407842382667,0.941363234233434,0.961347138425083,0.972587302266974,0.979424675290918,0.983251376008984,0.985765788581581,0.987169929647698,0.987897593890066
-1.04924866387061e-05,-1.04811207251032e-05,-1.02174975552316e-05,-1.01346020689637e-05,-9.7999461075915e-06,-9.49852604132199e-06,-8.83707586467608e-06,-7.50328446012342e-06,-5.01903201287253e-06,6.83689809951223e-09,1.14919790936104e-05,3.93632496686299e-05,0.00011247870618547,0.000318847936981115,0.000929231002024267,0.00277275415718539,0.00820611084858361,0.0228905425679623,0.0565737850018375,0.11624620387141,0.193705407314321,0.270758120253725,0.338963497397843,0.41228742005804,0.533868666201571,0.702366978358615,0.832480613143313,0.904085018649154,0.941366033804112,0.961348389608545,0.972587896726329,0.97942497902754,0.983251548286739,0.985765903982698,0.987170009955518,0.987897669002118
-1.04747139317851e-05,-1.0462211720134e-05,-1.01962959594933e-05,-1.01094288813404e-05,-9.76809677316244e-06,-9.45528229010506e-06,-8.77362805435193e-06,-7.40209758305355e-06,-4.84293526691696e-06,3.41764033843598e-07,1.21872615797732e-05,4.09315470420779e-05,0.000116288513140717,0.000328664455167882,0.000955419834977533,0.00284257822747899,0.00838288207478683,0.0232879150547139,0.0572894378847574,0.117180567429069,0.194563221421608,0.271353939759474,0.33931573208467,0.412486276252746,0.53397449482166,0.702410220163027,0.832496752883391,0.90409145855002,0.941368766609757,0.961349610865824,0.972588477471253,0.979425276793159,0.983251718268873,0.985766018447669,0.987170090674912,0.987897744122186
-1.04564717796999e-05,-1.04428011060994e-05,-1.01745279370865e-05,-1.00835771756162e-05,-9.73538077554773e-06,-9.41085141240213e-06,-8.70842619728288e-06,-7.29810129295553e-06,-4.66194643517307e-06,6.85951627588111e-07,1.29015157909862e-05,4.25414685082615e-05,0.000120194398256028,0.000338707876301214,0.000982134597439691,0.00291352512638146,0.00856165514355401,0.0236873375863941,0.058003913231651,0.118107049849705,0.195409719798279,0.27194029549539,0.339661776048848,0.412681012425452,0.534077717156133,0.702452361018114,0.832512506461492,0.904097748636083,0.941371434692865,0.96135080332435,0.972589045145913,0.979425569172675,0.98325188645941,0.985766132209504,0.987170172244493,0.987897819402764
-1.04377486091304e-05,-1.04228764276589e-05,-1.01521792904199e-05,-1.0057029810658e-05,-9.70177617602985e-06,-9.36520360047174e-06,-8.64142718342009e-06,-7.19122890870949e-06,-4.47595472318577e-06,1.03959798802104e-06,1.36351230120605e-05,4.41937874901062e-05,0.000124197957376282,0.000348981322559894,0.00100938025078203,0.00298559798263606,0.00874242235823412,0.0240887265454234,0.0587170820937549,0.119025589730466,0.1962451184945,0.272517385790334,0.340001746390812,0.41287174114595,0.534178420557614,0.702493446345228,0.832527887515071,0.904103894014156,0.941374040095934,0.96135196811155,0.972589600394479,0.979425856750985,0.98325205336237,0.985766245501214,0.987170255102872,0.987897894996344
-1.04185328467565e-05,-1.04024252361038e-05,-1.0129235823797e-05,-1.00297696443855e-05,-9.66726103115434e-06,-9.31830904562503e-06,-8.57258790271468e-06,-7.08141375109032e-06,-4.28484933839475e-06,1.40290142383037e-06,1.43884645278073e-05,4.58892774143275e-05,0.000128300786351095,0.000359487916121755,0.00103716175637582,0.00305879992498603,0.00892517602217045,0.0244919983142192,0.0594288155223097,0.119936360113016,0.197069633560431,0.273085408973166,0.340335748855773,0.413058574984029,0.534276692876566,0.702533529456085,0.832542909681585,0.904109899791054,0.941376584861459,0.961353106354854,0.972590143861119,0.979426140112992,0.983252219481777,0.98576635855581,0.987170339688662,0.987897971055417
-1.0398812921153e-05,-1.03814350779885e-05,-1.01056833386792e-05,-1.00017795337711e-05,-9.63181339936152e-06,-9.27013794391011e-06,-8.5018652441704e-06,-6.96858913992552e-06,-4.08851948160797e-06,1.77606024465149e-06,1.51619216230377e-05,4.7628711703851e-05,0.000132504481028188,0.000370230779169371,0.00106548407559236,0.00313313408217747,0.0091099084387082,0.024897069275202,0.0601389845685522,0.120839548024106,0.197883481046234,0.273644563372747,0.340663889188946,0.413241626509481,0.53437262196345,0.7025726636624,0.83255758659849,0.90411577107359,0.941379071031935,0.96135421918169,0.972590676190001,0.979426419843593,0.983252385321652,0.985766471606302,0.987170426440474,0.987898047732475
