299.999740975569,299.999921888935,300.000222679227,300.000598597836,300.000981622518,300.001282765482,300.001403381989,300.00125966823,300.000820123341,300.000146455847,299.999415920796,299.998894699117,299.998840783569,299.999352273078,300.000236641115,300.001019347257,300.001173401336,300.000501228303,299.999405304957,299.998731131388,299.999127423097,300.000361920694,300.001314819879,300.00095064214,299.999530143797,299.998644779725,299.999486359075,300.000944265804,300.000528432978,299.999309306817,300.007387930163,300.043132172764,300.122364382152,300.242533824371,300.374367758652,300.47116608051
300.000534946753,300.00053186264,300.000499022743,300.000399456722,300.000201431513,299.999900107566,299.999538626861,299.999217355662,299.999076543834,299.999242070049,299.999741997666,300.000432088048,300.000994853555,300.001067617574,300.000483226784,299.999488467188,299.998727022589,299.998859439693,299.999980640491,300.00131103854,300.001628508091,300.000355861169,299.998424034907,299.997811588628,299.999646333798,300.002452816371,300.002871765865,299.999562007249,299.99775654658,300.010040337825,300.050916469747,300.127712687379,300.234014554289,300.350385250562,300.451669905613,300.515792075811
300.000309383262,300.000250899947,300.000141732818,299.999980079583,299.999773704601,299.999548544138,299.999354282517,299.999260722966,299.999338624351,299.999623409225,300.000071837034,300.00053760612,300.000800861259,300.000671361996,300.000135337475,299.999450203978,299.999066747811,299.999341216696,300.000188708597,300.000991054665,300.000993233072,300.000018016494,299.998863326388,299.998759995503,300.000070062261,300.0015126861,300.001435627413,300.001195451746,300.008335048738,300.036153869966,300.09814643733,300.19972912165,300.33240830083,300.474384616806,300.597314080948,300.675292450377
300.000213219664,300.00014496867,300.000024045288,299.999857235983,299.999661545928,299.999469292965,299.999329668408,299.999302013229,299.999436733841,299.999744535387,300.000164558054,300.000553859024,300.000724833171,300.000540094094,300.000030686177,299.999452995104,299.99919202085,299.999502894703,300.000242628278,300.00085465495,300.000757189508,299.999921304948,299.999079230128,299.999137708098,300.000158642565,300.001150890879,300.001824609689,300.005862681921,300.023158667967,300.067979299066,300.152395701735,300.278206455144,300.432584977481,300.590609822703,300.723167151209,300.80555227433
300.000120804781,300.0000467728,299.999920734524,299.999757078007,299.999580491978,299.999427540574,299.999344415208,299.999377693228,299.999556348902,299.999867789016,300.000238364098,300.000536270621,300.000614122705,300.00039067572,299.999935742484,299.999489109442,299.999352650995,299.999675070297,300.000271913645,300.000679508752,300.000507642306,299.999852945506,299.999327524595,299.999498275807,300.000247676243,300.00115860256,300.003607793511,300.013618426654,300.0428519978,300.105322433303,300.210208995899,300.354691646297,300.521761263292,300.684925334825,300.816875694465,300.896845978649
299.999986254266,299.999934854644,299.999851479968,299.999751803307,299.999658074075,299.999597070275,299.999595382373,299.999671368419,299.999824665178,300.000026816309,300.000219601356,300.000328617035,300.000295097945,300.000116823294,299.99987326144,299.999703848105,299.999728181401,299.999945702097,300.000199508195,300.000275437938,300.000098490541,299.999847372463,299.999804767699,300.000033502952,300.000393755531,300.001542108883,300.006931547595,300.024610836289,300.066790230806,300.145864949992,300.267952095175,300.427391099763,300.605859774619,300.777078139127,300.914451808143,300.997521280908
299.999926067029,299.999896164033,299.999850162376,299.99980064866,299.999763749089,299.999756070491,299.999790041191,299.999868154457,299.99997787067,300.000090296786,300.000166252249,300.000171432436,300.000097096924,299.999975301559,299.9998733547,299.999858727236,299.999947019152,300.000071955815,300.000120965011,300.00003624308,299.999901051975,299.999891227558,300.000076804206,300.000320340212,300.000741928634,300.003063131855,300.012425928143,300.038358832422,300.093283144738,300.188019063775,300.325848572151,300.498329795926,300.685642024139,300.861654989394,301.001006496534,301.084638346521
299.999895972994,299.999879919202,299.999857907749,299.999840399029,299.999839401199,299.999864792159,299.999919751557,299.999996567972,300.00007513416,300.000126917795,300.000125984524,300.000064859812,299.999967372076,299.999886572283,299.999879258019,299.999963541566,300.000087433028,300.000146443636,300.000063858439,299.99988583429,299.999788664543,299.999930194546,300.000253707696,300.000591034445,300.001471905473,300.005678085762,300.019815280419,300.054510872434,300.122015821111,300.231324724079,300.382795066984,300.565245891909,300.757549310139,300.93415973565,301.071681580739,301.153347963732
299.999860271945,299.99986478295,299.999877839015,299.999905981646,299.99995443302,300.000022940902,300.000101797458,300.000170192763,300.000199735373,300.000165166285,300.000060932403,299.999916359423,299.999796642539,299.999777803632,299.999897202605,300.000105645983,300.000266455292,300.000234124166,299.999985363834,299.999697451425,299.999653726843,299.999984012946,300.000496194261,300.001035737562,300.002655735668,300.00929234445,300.028909939938,300.072813267647,300.15249527516,300.274828861774,300.437725696348,300.628551498745,300.826289967429,301.006475449468,301.146604256454,301.229972676196
299.999868861473,299.999886995018,299.999921792998,299.999975162473,300.000046019614,300.000126962775,300.000201820924,300.000246261481,300.000233850245,300.000148517437,300.000000447243,299.999836647882,299.999733495036,299.999762559504,299.999937709867,300.000176055775,300.000318294624,300.000229217628,299.999930116532,299.999644856306,299.999658328866,300.00005283576,300.000639506275,300.001513055804,300.00438398248,300.014183917575,300.03980151057,300.092794973813,300.183839427316,300.318082669813,300.491537882207,300.690355018728,300.893381170537,301.076795538288,301.218853838086,301.303259137909
299.999886657997,299.99991357065,299.999961902263,300.00002990909,300.000111829977,300.000195451852,300.000261017011,300.000283498769,300.000240123371,300.000123174093,299.999954063712,299.999789477522,299.999707963303,299.999771492407,299.999974392378,300.000214668878,300.000329516736,300.000204291161,299.999893797416,299.999638114075,299.999698794565,300.00012826986,300.000818707095,300.002217185931,300.006733539034,300.020191563123,300.052155288988,300.11416626034,300.215984011125,300.3612354558,300.544490156617,300.751158820332,300.960177923883,301.148200892721,301.293742123908,301.380307246467
299.999939828865,299.999953076349,299.999977328359,300.000012341565,300.000055779695,300.000101629357,300.000139301157,300.00015463532,300.000134016992,300.000071783297,299.999978708535,299.99988616598,299.999838917241,299.999872964513,299.999985602912,300.000118582355,300.000179432825,300.000105847655,299.99993483658,299.999806436346,299.999869094544,300.000189353663,300.000932570839,300.003096900068,300.009783352574,300.027418262004,300.065877193241,300.136594510349,300.248689270183,300.40447188448,300.596505393664,300.807937260192,301.016190399125,301.198312392421,301.335542288449,301.415479913152
299.999896388412,299.999924861303,299.999975804194,300.000047059844,300.000132125601,300.000217659707,300.000282490759,300.000300295697,300.000247879957,300.000118902364,299.999938427376,299.999768243432,299.999690820178,299.999767311278,299.999984792994,300.000231026222,300.000338515313,300.000200470844,299.999887560103,299.99964848857,299.999748915642,300.000314545264,300.001556151117,300.004699661605,300.013457063766,300.035164243329,300.080371116832,300.160227073635,300.282333173139,300.446923317981,300.645281617766,300.86105314258,301.073523938632,301.26126810126,301.405098048831,301.490224419975
299.999940562537,299.999970826532,300.00002241733,300.000089549446,300.000162238573,300.000225643912,300.00026099085,300.000249359306,300.000179031783,300.000055220371,299.999907854107,299.999790104819,299.999760720196,299.999850705478,300.0000295628,300.000199684006,300.000242960611,300.000108908592,299.999882898503,299.999758664322,299.999921563239,300.000522529456,300.002054890981,300.006328466786,300.017776140464,300.044254007601,300.096309849133,300.184486145229,300.315404800373,300.488347258591,300.693977366716,300.915706547218,301.13283159141,301.324012840388,301.470146302783,301.55651895183
299.999987761375,300.0000013721,300.000024148281,300.000052875872,300.000082450096,300.000105878199,300.000115042362,300.000102688248,300.000065749745,300.00000922306,299.999948487476,299.999906968689,299.999906847878,299.999954506583,300.000028896841,300.000085325605,300.00008168415,300.000015693393,299.999942240749,299.999949420364,300.000138071084,300.000755047114,300.002682626394,300.008356060727,300.022824475902,300.05425388029,300.11304865455,300.209232478998,300.348692202741,300.529788820407,300.741989247666,300.967321535281,301.184072602957,301.371122918594,301.511275442417,301.592815852085
299.999957361763,299.999976784311,300.000010338476,300.000054884961,300.000104440572,300.000149385298,300.000176751186,300.000172646936,300.000127491245,300.000043346604,299.999940190188,299.999855526405,299.999831899605,299.999892542659,300.000016617162,300.000135425942,300.000166759145,300.000077983909,299.999933985116,299.999887056038,300.000145550397,300.001096072084,300.003823519881,300.011103037551,300.028491448745,300.064679401791,300.130243480625,300.234643525228,300.382448370548,300.570522709588,300.787571153329,301.016142906236,301.23592891851,301.426900530047,301.571581565758,301.656655022105
299.999990349223,300.000004085419,300.000026762474,300.000054712481,300.000082412262,300.000102744467,300.000108037807,300.000092220767,300.000053987209,300.000000007094,299.999946099348,299.999913743288,299.999920618932,299.999967909313,300.000032552369,300.000074720729,300.000063500032,300.000007223466,299.999964271823,300.000033281783,300.000394310911,300.001558837602,300.004985376207,300.014023039226,300.034773719768,300.076141503516,300.148409689197,300.26032413218,300.415598846947,300.610356930174,300.832745199483,301.064892951091,301.286256729094,301.476971521005,301.620295351991,301.704040875574
299.999990540027,300.000002259385,300.0000216202,300.000045504958,300.000069199799,300.00008661117,300.000091165483,300.000077681354,300.000045118046,299.999999326131,299.999953966755,299.999927333229,299.999934060712,299.999974336205,300.000027874262,300.00006130586,300.000050721722,300.000007309222,299.999988304955,300.000102819614,300.00059216547,300.002135945075,300.006509522252,300.017505164216,300.041668290118,300.088132677244,300.166988853722,300.286305118051,300.448813522715,300.649731180977,300.876754216172,301.112154798587,301.335913832297,301.528647531335,301.673715248203,301.758645996845
300.000006402876,300.000011698351,300.000019877831,300.000028736909,300.000035405511,300.0000368897,300.000030965176,300.000017341046,299.999998714452,299.999980986331,299.99997176055,299.999976738299,299.999995074613,300.000016785998,300.00002624529,300.000013179246,299.99998583755,299.999975729403,300.000032953319,300.000248872037,300.00090143038,300.002850742752,300.008242139068,300.021355033777,300.049139041891,300.100815042561,300.186127108247,300.312455842435,300.481746299242,300.688552295493,300.92011297289,301.158427913066,301.383405700085,301.575902204574,301.719907218937,301.803822245809
300.000000376894,300.000004639851,300.000011339096,300.000018854301,300.000025010764,300.000027438669,300.000024228202,300.000014851355,300.000001075982,299.999987282717,299.999979430949,299.999982258885,299.999995504531,300.000011666261,300.00001870442,300.000008974526,299.999990300391,299.999991881429,300.000069187264,300.000349288014,300.001211414818,300.00371870852,300.010332704436,300.025716452603,300.057149195768,300.113953403857,300.205598252811,300.338796158003,300.514612660984,300.726843332281,300.962404170253,301.203498184552,301.430550262066,301.624855355122,301.77046754601,301.85549015952
300.000011227599,300.000010154738,300.000007651743,300.000002976896,299.99999560246,299.999985781119,299.999975126553,299.99996689667,299.999965519199,299.999974932389,299.999995798363,300.000022660411,300.000043353238,300.000043321415,300.000015425839,299.999970916483,299.999942748242,299.999976792872,300.000129970358,300.000537727812,300.001653408835,300.004748629215,300.012645320002,300.030429189225,300.065675021789,300.127681131814,300.225509313395,300.365206637472,300.547148306069,300.764593683897,301.004105272472,301.24766427334,301.475623099031,301.669489793361,301.813917979282,301.89786318821
300.000001527865,300.000000563415,299.999998598246,299.999995359448,299.999990734594,299.999985072398,299.999979498964,299.999976059629,299.999977404277,299.999985729722,300.000000998807,300.000019128636,300.000031713082,300.000029139833,300.000007555097,299.999976752049,299.99996340788,300.000009431335,300.000187340644,300.000693873403,300.002117100962,300.00595272633,300.015322837155,300.035630979552,300.074680007003,300.141772898655,300.245650437305,300.391721296419,300.579573222652,300.801819703102,301.044788228183,301.290705644531,301.520442250556,301.715924121648,301.861844007704,301.94683997663
300.000009836676,300.000004629507,299.999995361104,299.999982478185,299.999967200265,299.999951976541,299.999940725215,299.999938454458,299.999949834771,299.999976591274,300.000014391264,300.000051092169,300.000069076341,300.000053537742,300.000004901065,299.999948197033,299.999930763347,300.000011382338,300.000275309744,300.000951959331,300.002732601428,300.007336266041,300.018224593357,300.041158399744,300.084142058679,300.156369679958,300.266140298247,300.418231693246,300.611628839534,300.838509525061,301.08492406859,301.332912291856,301.563272982989,301.758128105083,301.902750226347,301.98661157652
299.999998448372,299.999994347516,299.999987328867,299.999978131773,299.999968074334,299.99995921289,299.999954333928,299.999956550014,299.999968281248,299.999989604137,300.00001646774,300.00003999386,300.00004855846,300.000033679273,299.999998297455,299.999962891574,299.999965388595,300.000062379712,300.000366622041,300.001191500255,300.003387866562,300.008908228725,300.021489878397,300.047147419443,300.094026615497,300.171252497003,300.286778318157,300.444780924452,300.643540346797,300.874679152834,301.124078600372,301.37405362443,301.605921715142,301.802209083148,301.948210922729,302.033067045527
300.000005722398,299.999998260158,299.999985433726,299.999968523856,299.999949879926,299.999933217635,299.999923564261,299.9999264433,299.999945959889,299.999981891314,300.000026806671,300.000065393674,300.000078623903,300.000053810273,299.999997374363,299.999942572811,299.999946140653,300.000084644571,300.000495754853,300.001546361452,300.004211287788,300.010670967971,300.024975044663,300.053433372941,300.104313680417,300.186568271206,300.307691413002,300.471268128624,300.67505336697,300.910315883312,301.162718098591,301.414412367109,301.646645074777,301.842127822746,301.986722468162,302.070388433602
299.999993762595,299.999988172779,299.999978883869,299.999967297912,299.99995558498,299.99994667817,299.999944005859,299.999950755193,299.999968552551,299.999995743428,300.000026013543,300.000048693928,300.000052197421,300.000030852946,299.99999285495,299.999965076938,299.999994126226,300.000158548719,300.000635706446,300.001895385663,300.005088985887,300.01263084735,300.028817080958,300.060151638024,300.114971041079,300.202103237823,300.328685659792,300.497742723852,300.706396650462,300.945435649264,301.200404253566,301.453752622587,301.687247638935,301.883996048326,302.029868488717,302.114478827008
300.000000823832,299.999992538152,299.999978548683,299.999960633002,299.999941735588,299.999926104983,299.999919018534,299.999925730835,299.999949418385,299.999988380691,300.000033680981,300.000069372893,300.000077595905,300.000048924298,299.999994374582,299.99995237453,299.9999886474,300.000206768306,300.000821041932,300.002371741387,300.006147686951,300.014787923444,300.032870341314,300.067137186898,300.125980857285,300.218009041624,300.349894348063,300.524109053803,300.737318336993,300.980025188709,301.237602705311,301.492361859553,301.726000860767,301.921803094914,302.066189078301,302.149574388923
299.999990350915,299.999983460636,299.999972208036,299.999958597266,299.999945556208,299.999936767365,299.999936154696,299.999946856746,299.999969681206,300.00000140511,300.000033854333,300.000055147866,300.000054253903,300.00002849092,299.999991243794,299.999976646406,300.000044515984,300.000307253183,300.001028217512,300.002860775972,300.007276822156,300.017144345136,300.03726265378,300.07451996603,300.137315954956,300.234084160558,300.371131641663,300.550415768403,300.768047524283,301.01410658012,301.273837155594,301.529765339915,301.764023659122,301.960295248271,302.105157293446,302.1889181897
299.999982682147,299.999981867639,299.999980642384,299.999979410452,299.999978739558,299.999979330744,299.999981935271,299.999987157889,299.999995096213,300.00000485176,300.000014161549,300.000019646641,300.000018281545,300.000010372054,300.000003926964,300.000021409916,300.000115911033,300.000418238086,300.001257767179,300.003414680902,300.008542269484,300.01971696861,300.041931399068,300.082202128459,300.148935949455,300.250392559036,300.392489601349,300.576628433649,300.798379499901,301.04757506816,301.309712149132,301.568000493579,301.805269761481,302.005361540673,302.154178560054,302.240786989788
300.000012258302,300.000001884126,299.999983936461,299.999960058124,299.999933434839,299.999909291282,299.999894840574,299.999898071224,299.999924893142,299.999974887258,300.000037306725,300.000090579081,300.000108964359,300.000077514865,300.000011000493,299.999968314588,300.000060336473,300.000474642688,300.001579537209,300.004192866762,300.010061523921,300.022468634033,300.046706535491,300.090040794752,300.160870334085,300.267088307827,300.414028330839,300.602614830493,300.828280604215,301.080931636918,301.34593082951,301.60586347183,301.842737747532,302.040166933281,302.185043342037,302.268396210742
299.999987550211,299.999978979717,299.999965187205,299.999948945627,299.999934138218,299.999925371899,299.999927149975,299.999942493203,299.999971155565,300.000008020564,300.000042819039,300.000062550892,300.000057394227,300.000029175173,299.999999767726,300.000018482467,300.000177529769,300.00066534323,300.00191157523,300.004883124354,300.011547799728,300.025416054586,300.051930506677,300.09837975049,300.173066674963,300.283704437845,300.435366734267,300.628601578744,300.858350524692,301.114048059174,301.380851008605,301.641580036779,301.878818209128,302.076721676231,302.222319137482,302.306325662029
299.999977297073,299.999976104157,299.999974535063,299.99997348301,299.999974018593,299.999977133393,299.999983402211,299.999992603241,300.000003409536,300.000013353763,300.000019349699,300.00001901876,300.000012866053,300.000007185943,300.000018386738,300.00008317015,300.000288152158,300.000847532663,300.002272513888,300.005675631025,300.013214584211,300.028589253653,300.057380621537,300.106927483661,300.185472721911,300.300538144131,300.456855382615,300.654505526297,300.887972538079,301.146477984434,301.415415801364,301.678255798451,301.91826258216,302.119764430041,302.269145331717,302.355898531375
300.000004311685,299.999995465881,299.999980353466,299.999960645503,299.999939319428,299.999920943777,299.9999114877,299.999917186039,299.999942152703,299.999985050162,300.000036259009,300.000078205679,300.000091732503,300.000069495865,300.000033845882,300.000055619166,300.000279175274,300.000982735053,300.002732974447,300.006699642833,300.015140913752,300.031939956046,300.062918842193,300.115590164794,300.198134261154,300.317703908928,300.478496544438,300.680187331232,300.91717633384,301.178794605342,301.450347335568,301.714761371017,301.954563283123,302.153856505451,302.299874360112,302.383823702212
299.999994463605,299.999979710557,299.999955757596,299.999927071356,299.999900010435,299.999882264954,299.999881541907,299.999903292844,299.999947709792,300.000006984903,300.00006473539,300.000099920307,300.000096613102,300.000058324855,300.0000229174,300.00007633738,300.000376624589,300.001224903044,300.003244298165,300.007721379348,300.017096963011,300.035464428738,300.068803530873,300.124647655013,300.21102890399,300.334830862778,300.499955821201,300.705811203439,300.946508021326,301.210955320836,301.483867266446,301.747590647906,301.984465782336,302.179159913148,302.320264909971,302.400699573826
299.999945040095,299.999949371913,299.999958299367,299.999973135464,299.999994432456,300.000020765756,300.000047727704,300.000067831791,300.000072149292,300.00005411314,300.000014787595,299.999967202521,299.999936258943,299.999952448698,300.00004447282,300.000247859714,300.000659680552,300.001575068527,300.003731075557,300.008654320419,300.019064225286,300.039228725986,300.075109415634,300.134084925843,300.22405417787,300.351867491951,300.521341827821,300.731474577963,300.975611749288,301.242035591266,301.515747667918,301.780599508352,302.020872665748,302.2220354925,302.371187156615,302.457931677122
299.999993230285,299.999992587071,299.999991134035,299.999988543361,299.999984734124,299.999980241536,299.999976512952,299.999975872904,299.999980867413,299.999992903334,300.000010665706,300.00002962609,300.000044691419,300.000058238157,300.000095898863,300.000234825546,300.0006574357,300.001759080598,300.004352505755,300.010004066515,300.021480716843,300.043177707383,300.081278418802,300.143359306668,300.237279321527,300.369480229461,300.543139166796,300.756766904133,301.003707099875,301.272644154651,301.548883015278,301.81599134377,302.057460480845,302.258171182262,302.405573512068,302.490556536617
299.999993196344,299.999987643367,299.999978480736,299.99996720678,299.999956105553,299.999948190075,299.999946844924,299.999954989748,299.99997373905,300.000000892212,300.00003019489,300.000052870867,300.000063075673,300.000068507637,300.000107501561,300.000277411276,300.00078949511,300.002082393925,300.005038869021,300.011335910309,300.023893782552,300.047277655582,300.087798004822,300.153041930946,300.250716382982,300.386968972899,300.564631061539,300.781924541453,301.032017024179,301.303497150116,301.581574032105,301.849689802308,302.091263794717,302.291305017786,302.43766321356,302.521792807273
299.999987576729,299.999979890334,299.999967635509,299.99995345716,299.999940980586,299.999934370818,299.999937495298,299.999952648336,299.999979054972,300.000011788146,300.000042186698,300.000061068136,300.000065719568,300.000071115871,300.000126618762,300.000344595234,300.000959446318,300.002451933656,300.00578171447,300.012748775738,300.0264343355,300.051564182057,300.094546621115,300.162945167087,300.264302582876,300.40450017326,300.586075215594,300.806988141002,301.060181553841,301.334018122928,301.613458555792,301.881743933549,302.122286702174,302.320422583367,302.464663235844,302.547259094518
299.999965939981,299.999966255778,299.999967833958,299.999972060822,299.999980181484,299.999992550269,300.000007888425,300.000022913068,300.000032827377,300.000033097591,300.00002251506,300.000006838219,300.000001972602,300.000037083177,300.00016309025,300.000481531071,300.001220617442,300.002892537628,300.006557809921,300.014188804968,300.029063775277,300.056049104637,300.101572604655,300.173097007043,300.278005806618,300.422014074567,300.60745856803,300.831985641548,301.088119604482,301.363906212663,301.644405307304,301.913500694785,302.155470974214,302.356089300658,302.503390305124,302.588390706917
299.999951194576,299.999972366817,300.000007849079,300.000052816784,300.000099755745,300.000138581793,300.000157797422,300.00014722077,300.000102350775,300.000029414882,299.999948791953,299.999893709766,299.999902625657,300.000009397506,300.000245566957,300.000680483429,300.001530218018,300.003357319766,300.007358347866,300.015702062776,300.031848806885,300.060752370191,300.108810380956,300.183392271129,300.291791058557,300.43960734736,300.628909532312,300.856866127399,301.115575280178,301.393302222144,301.67646131182,301.951143738627,302.203375554884,302.418514992483,302.581238093036,302.677380533208
300.000005046085,300.000032284981,300.00007462775,300.000121353578,300.000158829052,300.000173228392,300.000154550477,300.000101314276,300.00002427644,299.999946694955,299.999898947263,299.999907818242,299.999985772115,300.000131717652,300.000359043996,300.000765974918,300.001657676174,300.003723899536,300.00827507816,300.017538274688,300.03498980513,300.065628735668,300.115984767486,300.193585798566,300.305709939848,300.457580548588,300.650603701433,300.881469587498,301.142628764512,301.423843999576,301.71372125086,302.000069556092,302.26889618364,302.503226355011,302.683621968236,302.791451453412
300.000078653611,300.000088409361,300.000099142671,300.000100994019,300.000083877541,300.000041969792,299.999978600338,299.99990949419,299.999861389391,299.999863493599,299.999932406764,300.000057273182,300.000198681658,300.000316880029,300.000437112395,300.000744126836,300.001687895582,300.004097591755,300.009343207256,300.019615491978,300.038345040396,300.070613120037,300.123199800117,300.203873033067,300.319822206172,300.475708694097,300.672241293443,300.906022807127,301.170599424537,301.457729459579,301.75769666792,302.058307531577,302.343495993187,302.59312568736,302.785083045882,302.899453885758
300.000118085128,300.000095637912,300.000053011997,299.999988564566,299.999904552231,299.999811084805,299.999728885817,299.999688123054,299.999720451693,299.99984349346,300.000042314752,300.000260020136,300.000414752522,300.000455954336,300.000454764683,300.000700480129,300.001771414321,300.004588979942,300.010538217745,300.021775736506,300.041748380695,300.075692430098,300.130634150944,300.21445872477,300.33411657556,300.493735824587,300.693684782314,300.931030055766,301.200664758267,301.495716283127,301.806464898009,302.118604686367,302.41273191314,302.666332389622,302.857695383549,302.969857419439
300.000049339994,300.000025491627,299.999983930147,299.999927995086,299.999864552183,299.999805305153,299.999766883478,299.999768278888,299.99982455049,299.999937399617,300.000086597501,300.000230317321,300.000324400638,300.000366824986,300.000463533713,300.000902486784,300.002228960321,300.005346736906,300.011710662206,300.023673706573,300.044948552646,300.080950994872,300.138645049753,300.225609911958,300.348467143036,300.511315984629,300.71495253931,300.957133535144,301.233263122628,301.536448306243,301.856440729806,302.178215116322,302.481727141268,302.743861412737,302.942130109001,303.058604631154
300.000026043468,300.00000123103,299.999959076735,299.999904552597,299.999846153373,299.999796436441,299.999771284775,299.999786817951,299.999853387645,299.999967751299,300.000107437369,300.000234481175,300.000316715424,300.000370957545,300.000524216445,300.001083559446,300.002614742268,300.006059528567,300.012952370128,300.02577993166,300.048417629693,300.08640191997,300.146691825238,300.236712411992,300.362882359998,300.529255219429,300.736917424377,300.984217292992,301.267119555044,301.578768008891,301.908103326327,302.238608183159,302.548720962319,302.814578692387,303.014099083785,303.130578940656
299.999994777147,299.999969194473,299.999927363406,299.999876640323,299.999827746069,299.999794056453,299.999789590164,299.999825242746,299.999903565665,300.000013878957,300.000131522699,300.00022658357,300.000286905647,300.000356654867,300.000587257064,300.001298646437,300.003062870451,300.006847204873,300.014267143004,300.027961274139,300.051987786083,300.092000927342,300.154921043316,300.247986202085,300.377439444332,300.547402550804,300.759384841787,301.012319171599,301.302446207462,301.622405094429,301.959780026243,302.296331268198,302.609277604622,302.874752621005,303.071981811556,303.186242297789
299.999943734914,299.999930766263,299.999911666034,299.999893068553,299.999883051911,299.999889215943,299.999916110878,299.999962574954,300.000020219988,300.000074909329,300.000113111832,300.000134089437,300.000167319642,300.000294229589,300.000677636571,300.001613943998,300.003639424707,300.007730055942,300.015613407329,300.030146171856,300.055617511743,300.097773704749,300.163400860891,300.259477592221,300.392134413694,300.565757453154,300.782415341878,301.041450053041,301.338861595183,301.666320245455,302.010215396339,302.351634008903,302.667959573266,302.935959036116,303.135252620121,303.250926706833
299.999931831669,299.999929134387,299.999927112473,299.999929859357,299.999941585257,299.99996482016,299.999998484531,300.000036647712,300.00006923736,300.000086045685,300.000084721118,300.000082019721,300.000126591834,300.000313553783,300.000809071122,300.0019074404,300.004156834587,300.008587614617,300.017042038993,300.032534035037,300.059491693218,300.103709250034,300.171908206598,300.270966151029,300.407019444291,300.584657355772,300.806262245314,301.071335863988,301.375614516121,301.710051009148,302.060155121631,302.406398032238,302.726067873793,302.996234553004,303.196889864937,303.313313174125
299.999930396703,299.999935106881,299.999945162244,299.99996249101,299.99998820528,300.000021071876,300.00005623574,300.000085126764,300.000097719199,300.000088047875,300.000062821091,300.000051461119,300.000115588346,300.000359690616,300.000954975033,300.002203518354,300.004680370765,300.009481044924,300.018558009513,300.035059376447,300.06352314104,300.109781865944,300.180522693347,300.28258349381,300.422153836424,300.604004573138,300.830724600713,301.101834256892,301.41273583272,301.753742085834,302.109700048544,302.460710215874,302.784085416875,303.057122495809,303.259933170367,303.377680105003
299.999951544068,299.999951571252,299.999953323841,299.999959175729,299.999971352957,299.999990739088,300.000015716978,300.000041696532,300.000062276212,300.000073012429,300.000078326464,300.00010134563,300.000196540289,300.000467959157,300.001103676069,300.002448856297,300.005148679816,300.010384879401,300.020193414087,300.037788082393,300.067754622103,300.115970727485,300.189182083294,300.294299654186,300.43758557435,300.62386905267,300.855772088737,301.132784588271,301.450101087506,301.79748118737,302.158796696096,302.512976024836,302.836521377941,303.106918355225,303.305698377514,303.420158900664
299.999920344909,299.999933347983,299.99995752963,299.999993209958,300.000038724433,300.000088719036,300.000133169357,300.000158450317,300.000151880844,300.000110372968,300.00005190764,300.000026288703,300.000121663961,300.000469505102,300.001265335888,300.002840834561,300.005830188213,300.011450267527,300.02185302013,300.040433668989,300.071944014399,300.122313257491,300.19820229539,300.306416610546,300.453274178807,300.643873863498,300.881096900606,301.164291054042,301.487924676575,301.840797076193,302.206330317555,302.564014422523,302.891568504772,303.167236594389,303.371862738231,303.490748276648
299.999946752615,299.999964560515,299.99999513435,300.000035428278,300.000080064642,300.000120944095,300.000147816671,300.000150636174,300.000124291403,300.000075523631,300.000030600056,300.000041620893,300.000191259689,300.000602694207,300.001473775839,300.003166880704,300.006386384413,300.012451073061,300.023617348413,300.043352470411,300.07643592167,300.128810293747,300.207191690979,300.318512170749,300.469240323035,300.664531465832,300.907123891664,301.196033357438,301.525362123592,301.883717274788,302.254592732101,302.617693454936,302.950821439349,303.231929862439,303.441176450784,303.56301180737
299.999995021572,299.999995582398,299.999996384998,299.999997152571,299.999997678882,299.999998082342,299.999999176437,300.000002962201,300.000013302425,300.000037096266,300.000086925714,300.000187495086,300.000390476597,300.000805694499,300.001660545202,300.003402748325,300.00686099486,300.01346891713,300.025535173657,300.046506071682,300.081127704026,300.135396550589,300.216215493483,300.330750237275,300.48556887043,300.685678274222,300.933521577038,301.227917420154,301.562969473391,301.927191513022,302.303376951207,302.669769696599,303.002638487332,303.27960659846,303.482554517837,303.59917061548
299.999950229179,299.999959498762,299.999976513188,300.000001202081,300.000032149235,300.00006562036,300.000095192563,300.000112903688,300.000112918789,300.000098240301,300.000089967516,300.000137743589,300.00033124243,300.000818383083,300.00184717158,300.003860097889,300.007671277283,300.014733465584,300.02745212519,300.049448131395,300.085649873001,300.14213935606,300.225763234813,300.343578230864,300.502161227958,300.706714937608,300.959872430475,301.260273302844,301.601295913759,301.970525090097,302.350355322389,302.719661137268,303.056007611798,303.337837567211,303.546372866402,303.667285968263
299.999958484479,299.999977977449,300.000010768254,300.000052604266,300.000096812105,300.000134442336,300.000155519093,300.000152062042,300.000123227267,300.000082133608,300.000063071069,300.000127874798,300.000373258095,300.000948476709,300.002103936941,300.004299984137,300.008399880054,300.015942374779,300.029441127235,300.052615661031,300.090455778726,300.149071112108,300.23534389707,300.356417550186,300.51899022284,300.728311065969,300.986843241204,301.292813958133,301.639153107752,302.013326672493,302.398206739975,302.77357035358,303.117656268272,303.408573397706,303.625887941025,303.752856882345
300.000013894028,300.000019205251,300.000026608227,300.000032902494,300.000034629842,300.000029482838,300.000018106618,300.000005913688,300.000004325378,300.000031111365,300.000110807052,300.00027901645,300.000598568231,300.001199657261,300.002357858367,300.004620828061,300.00898596225,300.017118929808,300.031589222936,300.05608351606,300.0955384441,300.156111366616,300.244895959171,300.369310558777,300.53615817991,300.75045736431,301.014220423206,301.325377915076,301.676995551361,302.056932278918,302.44808108984,302.829381620699,303.177643182666,303.469979158552,303.686356283485,303.811743423996
299.999999446984,300.000001227651,300.000003758463,300.000006080695,300.000007289507,300.000007154331,300.000006993211,300.000010746548,300.000026210455,300.000066694681,300.000154356982,300.000328469211,300.000665039533,300.001317978848,300.002594837665,300.005079714038,300.00980990124,300.018499806819,300.033786516171,300.059448847558,300.100530629633,300.163286200035,300.25486945068,300.382714628715,300.553613618987,300.772562099844,301.041524015945,301.35830361169,301.715738779366,302.101403762202,302.497972915995,302.884314024317,303.237261986756,303.533859355754,303.753746561611,303.881362036612
299.999981208336,299.999993575979,300.000013770408,300.000038317209,300.000062477325,300.000081004582,300.000089696631,300.000087944613,300.000082264966,300.000090600527,300.000147497505,300.000311845075,300.000682583322,300.001433611357,300.002885134285,300.005630247285,300.010726895336,300.019943587242,300.036017436264,300.062858730181,300.105631789418,300.170655876227,300.265089132478,300.396356507491,300.571280090025,300.794906957035,301.069160011016,301.391612971506,301.754777869445,302.146146151302,302.548890778262,302.942882223189,303.30574138592,303.614082224266,303.845409887418,303.980962391823
300.000025019747,300.000028917368,300.000033310498,300.000034499861,300.000028968377,300.000015429094,299.999997232425,299.999984437884,299.999994639846,300.000052192685,300.000187576366,300.000442646861,300.000892505556,300.001698143533,300.003202350006,300.006072903257,300.011484694174,300.021323076435,300.03838913517,300.066586841554,300.111055731527,300.178168285456,300.275262487822,300.409985680599,300.589229848012,300.817829561972,301.097330385866,301.425118124141,301.793989628741,302.192054934542,302.602851196487,303.005776217521,303.377143636497,303.692145143313,303.927607007645,304.065063131428
300.00002121796,300.000021108122,300.000019292909,300.000013704499,300.000002951368,299.999988016645,299.999974138442,299.999972267825,299.999999445699,300.000078179015,300.000237079283,300.000518827041,300.001005977946,300.001877730839,300.003508475978,300.006610725339,300.012414092417,300.022864814094,300.040829821568,300.070286953116,300.116461245777,300.185818432875,300.285779438174,300.424034372109,300.607456325006,300.840808590599,301.125566917673,301.4591217427,301.834390690421,302.239676847334,302.658641381436,303.070550230008,303.451205569667,303.774909000035,304.01739009533,304.159150688123
300.000016765893,300.000017630973,300.000017502081,300.000014187409,300.000006111355,299.999994041175,299.999983058449,299.99998420138,300.000015155347,300.000100118441,300.000271146268,300.000577125692,300.001110997008,300.002068437072,300.003848828613,300.00720083898,300.013403630728,300.024467349643,300.043335919796,300.074073321629,300.121993143957,300.19364288509,300.296506812721,300.438308225646,300.625916039172,300.864060349333,301.154187591302,301.493721311898,301.875726559737,302.288765774543,302.716756751842,303.138995752917,303.530831924124,303.865503901749,304.117182244928,304.264738812459
300.000019154993,300.000021670431,300.000023968813,300.000023049134,300.000016452147,300.0000043297,299.999991845729,299.999991233447,300.00002272214,300.000114317115,300.000302819587,300.000642705684,300.001234384111,300.002285938263,300.004219213715,300.007820925553,300.014426702716,300.026118842969,300.045921243151,300.077977127299,300.127675018215,300.20163491832,300.307410645891,300.452778741579,300.644623516569,300.88764671682,301.183268597681,301.528983027252,301.918116911168,302.339668725944,302.777977303907,303.212402061508,303.617673425125,303.965614129338,304.228424029309,304.38297977509
300.000017242096,300.000026955152,300.000040744782,300.00005321479,300.000058754872,300.000054152287,300.000041898575,300.000033478096,300.000051598822,300.00013085599,300.000318653372,300.000682753794,300.001337566386,300.002504967757,300.004622801957,300.008502985954,300.015525330415,300.02784224726,300.048570816876,300.081955262301,300.133471811299,300.209801691685,300.318537561584,300.467489154686,300.663577637511,300.911539332888,301.212830952422,301.565053115224,301.961851247182,302.392878358321,302.843366756306,303.293341317811,303.717230406459,304.084985514298,304.365425884857,304.531510576418
300.000061144841,300.000060157593,300.000054638561,300.000039806394,300.000012402101,299.999974437744,299.999937099475,299.999923216419,299.999966468936,300.000106875321,300.000386285134,300.000854417703,300.001602695046,300.002843889545,300.005044938092,300.009099390572,300.016507723614,300.029537052904,300.051361753852,300.086214445612,300.139548992923,300.218108069536,300.329668300367,300.482250663879,300.682839235696,300.936020989605,301.243104142997,301.601953630123,302.00711096207,302.449392435651,302.91456996878,303.381785013331,303.82318880814,304.206037680732,304.497258858455,304.669219313534
300.000056284029,300.000048844178,300.000033302762,300.000007473456,299.999971502495,299.999931076654,299.99990049227,299.99990411639,299.99997479513,300.000149419866,300.000466158459,300.000974347078,300.001773804199,300.003099717716,300.005457688778,300.009793262017,300.017665123541,300.031398376419,300.054225969428,300.090449239048,300.145610644483,300.226555448365,300.341146592161,300.497440412882,300.70241152129,300.960679955627,301.273781702887,301.640105247389,302.054930779874,302.509700068396,302.99024171413,303.474869284142,303.934061059887,304.33298143776,304.636608173866,304.815900451941
300.000019490275,300.00002829815,300.000040408874,300.000050532729,300.000053635103,300.000047957929,300.000038732913,300.000041722496,300.00008545681,300.0002118358,300.000477681437,300.000965021133,300.001813849573,300.003293740575,300.005925309613,300.0106481611,300.019015090493,300.033385567681,300.057100906151,300.094635246773,300.151699593783,300.235212840147,300.352985706556,300.512985128385,300.722228766793,300.985625672475,301.305189217078,301.67980614077,302.105205477058,302.573387500172,303.071029193228,303.577307187696,304.062606998642,304.489840464094,304.819196091014,305.015590563982
300.000070876859,300.000073656516,300.000073491698,300.000063565882,300.000038616895,299.999999759074,299.999959673399,299.999946227786,300.000002200249,300.000180313767,300.000537714072,300.001142119258,300.0021097016,300.003695115947,300.006440272819,300.011362344346,300.020139424427,300.035258483512,300.060130866295,300.099220378339,300.158200259935,300.244029689667,300.36469990916,300.528429925161,300.742399160413,301.011524294414,301.337889018075,301.720935606533,302.15765302088,302.641584666337,303.160195805366,303.691689964468,304.20357881409,304.65496341078,305.002709948037,305.209757808695
300.000067224076,300.000070304148,300.000070846776,300.000062292464,300.000039691859,300.000004485856,299.999969692925,299.999963637311,300.000029993499,300.000223471386,300.000605373322,300.001251249286,300.002290579405,300.003998640413,300.006946925103,300.01219248032,300.021464746973,300.037314450257,300.063229167033,300.103758897945,300.164666308354,300.252992253194,300.376795013887,300.544356633307,300.762963348725,301.037773840079,301.371367632698,301.764014859958,302.213814210523,302.715435687694,303.256998321999,303.816287846679,304.358875414966,304.840371472879,305.213177179054,305.435891644071
300.000088815911,300.000085514231,300.000074778525,300.000050775007,300.000010371868,299.999958495215,299.999913582,299.999910804287,300.000000482776,300.000241158276,300.000692720969,300.001424219244,300.002559016366,300.004378340805,300.007485889869,300.013004901894,300.022756603147,300.039383437364,300.066436492979,300.108495645866,300.171351491797,300.262120420049,300.389003845815,300.560460226184,300.783944097425,301.064832118864,301.406187525638,301.809266910241,302.273618837524,302.795277464518,303.362711221642,303.952288347498,304.526396270163,305.036576497978,305.431505362677,305.667242937643
300.000066417443,300.000071607709,300.000075528312,300.000071039286,300.00005268161,300.000021865735,299.999992599611,299.999995819559,300.00007998014,300.000307194483,300.000749373806,300.001497241592,300.002703093142,300.00467813219,300.00805020308,300.013959855223,300.024249842896,300.041610133882,300.069684183377,300.113184140158,300.17803401419,300.271433346003,300.401603425344,300.577032279281,300.805363124163,301.092471506757,301.442278278372,301.857168811507,302.33790389409,302.881585947,303.477286559904,304.10101870095,304.713211391796,305.261416715855,305.688616192767,305.944843960654
300.000082866623,300.00009448756,300.000107775269,300.000112263438,300.000098752722,300.000065773799,300.000026906691,300.000016581108,300.000091283369,300.000324683428,300.000800925246,300.001620128869,300.002939748265,300.005075941968,300.008671982966,300.014907830754,300.025696940094,300.043823369913,300.073025138282,300.118085714544,300.18497476997,300.280941664978,300.414311141833,300.593769199317,300.827279024088,301.121203513949,301.480225246457,301.907901788959,302.406589358582,302.975076104385,303.603461915579,304.267163306567,304.923685192257,305.51536610547,305.978656928864,306.257386563663
300.000120329434,300.000125674644,300.000127107751,300.000113850347,300.000077635257,300.000020364365,299.999962312096,299.999947729626,300.000044006334,300.000332724491,300.000898239042,300.001831210677,300.003275278878,300.005543501162,300.009307545137,300.015821199437,300.02710859973,300.046065323406,300.076496929405,300.123195828181,300.192126434156,300.290604775735,300.427155702469,300.6107807492,300.849816045013,301.151093846161,301.520095160838,301.961808370385,302.480636732857,303.077363789476,303.742804808243,304.450673493837,305.154135745214,305.789531489483,306.287308885266,306.586704788516
300.000119803208,300.000126239328,300.000129483757,300.000118561131,300.000085074169,300.000031055424,299.999977441118,299.999969991201,300.000078766432,300.000389481019,300.000992463949,300.001986939713,300.003529234642,300.005951867988,300.009956248903,300.016839408631,300.028683476886,300.048454678402,300.080037099812,300.128304514677,300.199304843642,300.300447718833,300.440385173628,300.628331959609,300.873018391692,301.181994006018,301.561927931802,302.019508158559,302.561135659549,303.189326871398,303.89550391542,304.651993227504,305.408098798879,306.094096066684,306.633260780394,306.958222514153
300.000146090482,300.000145075428,300.000135133713,300.000106134137,300.000051850389,299.999978544524,299.999913794595,299.9999118447,300.000051114202,300.000422317574,300.001114310054,300.002218230494,300.003881908715,300.006442601439,300.01063640068,300.017833977888,300.030219484917,300.050858225731,300.083695991082,300.133626000746,300.206717054241,300.310476081465,300.453781975154,300.646208397802,300.896977831607,301.214377775501,301.606307768803,302.081377157313,302.648369652288,303.311735869911,304.063046232057,304.871976929843,305.682472549476,306.418050276977,306.995661993739,307.343394294395
300.000117146996,300.000128032556,300.000138549817,300.000136631583,300.000112713365,300.000068150922,300.000024500039,300.00003041699,300.000162080363,300.00051528339,300.001194924982,300.00232011474,300.004074518116,300.006829935328,300.011345897224,300.019003846345,300.032000787436,300.053445846971,300.087384794585,300.138861573673,300.214102084575,300.320725259184,300.467693601205,300.664777172672,300.921753164538,301.248034285401,301.653248306123,302.148101672319,302.743436047645,303.445229934915,304.245506435727,305.112633120653,305.986724091428,306.784583923136,307.414235774114,307.794671805105
300.000147197559,300.000162027752,300.000177311376,300.000177664462,300.000150278399,300.000095014144,300.000035541568,300.000027563946,300.000159014208,300.000539505867,300.001285074184,300.002518754206,300.004420982326,300.00736196227,300.012118508114,300.020125628464,300.033673413753,300.055982308913,300.091189690467,300.144386564193,300.22182396253,300.331203737705,300.481729038707,300.683643299275,300.947470168661,301.283714011446,301.703579964284,302.219956535344,302.846292307942,303.590850223702,304.446346225646,305.378969154956,306.32325454545,307.187717186938,307.87112905712,308.28442774188
300.000184295193,300.000190439596,300.000190132999,300.000168680125,300.000115551262,300.000035502915,299.999960303472,299.9999563806,300.000122573255,300.000575349484,300.001429128749,300.002795840942,300.004842104239,300.00793800481,300.012894918267,300.021229261722,300.035347262077,300.058581004172,300.095130673719,300.150093985104,300.229732682378,300.341873098653,300.496051800974,300.703084132616,300.974313287798,301.321410354971,301.757339115876,302.297514440725,302.958363782588,303.750483837727,304.666660963951,305.669629718778,306.686993871229,307.618384093708,308.354017490159,308.798417237657
300.000169557127,300.00018164287,300.000191661106,300.000184165736,300.000147333787,300.000084064104,300.000024004153,300.000032031582,300.000207536759,300.000671722926,300.001550012523,300.002972716225,300.005131370974,300.008424691547,300.013693405165,300.02248439057,300.03724233161,300.061358128019,300.099121651324,300.155750479349,300.237645077457,300.352789220695,300.510950671938,300.723395114294,301.002357798232,301.361059168402,301.814737129887,302.38159285409,303.080806173353,303.924859016503,304.906573489946,305.985978786567,307.08473171562,308.09358658436,308.892291021306,309.375590998453
300.000176885435,300.000200722237,300.000229133808,300.00024233212,300.000223166085,300.000169539067,300.00010833157,300.000106057871,300.000269869588,300.000735124031,300.001645760616,300.003150927717,300.00545735643,300.008975066805,300.01455887557,300.023785648316,300.039159017859,300.064160515496,300.103188948707,300.161567557394,300.24579560134,300.363995339365,300.526225254756,300.744358248884,301.031726536866,301.403264376568,301.876568188147,302.472715626803,303.213880807594,304.114891999841,305.16912104053,306.33408229923,307.524977477519,308.622358379955,309.493622482664,310.021852963052
300.000234243783,300.000250213336,300.000263313263,300.000252791986,300.000202276146,300.000114119954,300.000024851984,300.000015734972,300.0002107982,300.000758105862,300.001802383012,300.003477488193,300.005965175008,300.009661943677,300.015450929305,300.025000205234,300.04095549133,300.066937916438,300.107417706662,300.167705475469,300.254289622669,300.375454956956,300.541757958551,300.765962424713,301.062659532352,301.448462275087,301.943293332601,302.571402505553,303.358651539749,304.322755550335,305.45717754868,306.715051157954,308.002656540464,309.188917997072,310.129802735818,310.699631457366
300.000242756304,300.000255226837,300.000262511589,300.000244862422,300.000187718545,300.000096318264,300.000011235446,300.000018686422,300.000247811911,300.000850904716,300.001975438499,300.003757675442,300.006385695705,300.010273778082,300.016342664217,300.026321905383,300.042937095904,300.069893309019,300.111735619313,300.173847072557,300.262828127882,300.387194475114,300.557958331261,300.788693685844,301.095317816884,301.496476531144,302.014968411958,302.678626194749,303.516926555966,304.549952693165,305.770678782642,307.127692285124,308.518549795067,309.800554081848,310.817449562181,311.43326547206
300.000234793741,300.00025743122,300.000281425464,300.000284397993,300.000248276547,300.000174520898,300.000100776052,300.000112819978,300.000343756484,300.000955816886,300.00211278087,300.003972202362,300.006745535849,300.010869848558,300.017288584204,300.027760056597,300.045055899358,300.072955779697,300.116111899228,300.18004304323,300.271516957538,300.399291808904,300.57481917369,300.812521149163,301.129828824448,301.547764092158,302.092357483008,302.795203731167,303.689349289225,304.797179693221,306.111407433384,307.576588821569,309.081850879021,310.472138917236,311.576817263519,312.246622709766
300.000274891752,300.000296630622,300.000317300888,300.000312409733,300.000262624418,300.000170759945,300.000080137991,300.000087245937,300.000339554038,300.001013175688,300.002279364835,300.00429252404,300.007253235906,300.01159410372,300.018283273454,300.029151609083,300.047087700611,300.075998419625,300.120627749158,300.186540101903,300.280575283667,300.411747794543,300.592138203954,300.837311888834,301.166446256932,301.602999914325,302.176241029745,302.921743141169,303.876661005792,305.066188624782,306.482564894417,308.06497773742,309.692099761245,311.19500721742,312.388727857528,313.112209450962
300.000278348086,300.000308701579,300.00034313183,300.000354412198,300.000319900804,300.000239435737,300.000155037641,300.000165146621,300.000423793972,300.001118695319,300.002436747416,300.004549732029,300.007675226166,300.012262911848,300.019303343202,300.030664707449,300.049297411638,300.079197937837,300.125222554852,300.193068168164,300.289752098237,300.424598087776,300.610291194029,300.863528890172,301.20538777087,301.662153725588,302.266823387696,303.059246693053,304.08063759318,305.35879294419,306.885545405166,308.595222174306,310.35647604399,311.985883659002,313.281814042214,314.067993396544
300.000331381864,300.00035611886,300.000379116246,300.000371859667,300.000311969603,300.00020305988,300.000096066035,300.000103686001,300.000396975638,300.001177622542,300.002635972443,300.004932377409,300.008263562825,300.01306861224,300.020366774027,300.032115426879,300.051405263676,300.082376516285,300.129975327296,300.199930762398,300.299341085303,300.437869717702,300.629028400589,300.8909715446,301.24691473491,301.726032705465,302.365072772644,303.208455385152,304.302076715486,305.67682132878,307.323671101634,309.170317505638,311.072954587266,312.832073935939,314.229864221053,315.07713147447
300.000340801811,300.00036615872,300.000389937486,300.000383314736,300.000324050929,300.000216961959,300.000115886791,300.000138511966,300.000462805984,300.001298375346,300.002843236581,300.005264765896,300.008768394425,300.013809831631,300.021441979274,300.033680246233,300.053697386279,300.085730160528,300.134826866771,300.206838281236,300.309068710681,300.451600888875,300.648766172764,300.920159751314,301.291283339841,301.794615341369,302.471228323606,303.370509700688,304.542971046093,306.02212399656,307.797645908113,309.790512107719,311.844575460777,313.743892830669,315.253092836914,316.167879247851
300.000345416316,300.000382078424,300.000423849193,300.000438213879,300.000398450058,300.000305305889,300.000210710867,300.00023462876,300.000563130362,300.001420089039,300.003022246204,300.005556708861,300.009246332002,300.014562123736,300.022576664134,300.035341758985,300.056096002752,300.089176811368,300.139765053788,300.213879889273,300.319073660623,300.465879292957,300.669497027968,300.951095162991,301.338721899979,301.868519084011,302.586227802239,303.546405540595,304.804248424124,306.395969692513,308.310168179986,310.461355247686,312.680865512007,314.735130266506,316.368872775257,317.359801795051
300.000403354004,300.000434995244,300.000466104569,300.000462462994,300.000397245807,300.000274892963,300.000156739562,300.000178192266,300.000544157482,300.001494377885,300.003250192865,300.005986803827,300.009904020628,300.015459548513,300.023754026765,300.036932551913,300.058383941326,300.09260384942,300.144882074898,300.221302351754,300.329570197932,300.480716067167,300.691066387769,300.983731099629,301.389585265737,301.948516928506,302.710972554375,303.736988912158,305.087093411413,306.800695259013,308.864815833087,311.185582617254,313.579180172328,315.792668983174,317.551280968259,318.61707102067
300.000423550441,300.000451487313,300.000476042582,300.000463589479,300.000389016605,300.000260331781,300.00014482898,300.000186130272,300.000598354646,300.001629071984,300.003503543963,300.006396668102,300.010508540084,300.016309017984,300.024937440198,300.03861352004,300.060831356858,300.096202905447,300.150130832237,300.22883778962,300.340302600816,300.496156958153,300.713898067363,301.018618522245,301.444195726554,302.034680427974,302.845802156226,303.943520268147,305.39368977145,307.238391220843,309.462299661873,311.962533881079,314.539755807934,316.921252428764,318.811993152781,319.957258948106
300.000404006865,300.000452261156,300.000510485759,300.00054011565,300.000509109263,300.000417417482,300.000324958816,300.000371693664,300.000775599376,300.001799130884,300.003694637071,300.006673234055,300.010972498737,300.017091300761,300.026184781935,300.040483797467,300.06351414394,300.099975253971,300.155442958277,300.236416613713,300.351285361897,300.51233027208,300.738185036379,301.055955815533,301.502805856935,302.127504703109,302.991626116635,304.167238528767,305.725255162609,307.710201846571,310.10491024894,312.798814929058,315.578108359684,318.149348265725,320.193307055522,321.432649100569
300.000483769306,300.000528332223,300.000576975208,300.000587596916,300.000526342226,300.00039623181,300.000268068311,300.000301404002,300.000739356355,300.001866585712,300.003942873047,300.007163378612,300.011731084485,300.018117406426,300.027498806763,300.042210435302,300.065959130223,300.103642490414,300.160978831922,300.244560957342,300.362997926097,300.529257796004,300.763500105738,301.095418313351,301.565845040582,302.228231996027,303.149791699893,304.40893635651,306.082594015781,308.21873732558,310.79800769758,313.699628330443,316.691512321315,319.456879107304,321.652955541211,322.983467880813
300.000529267772,300.000561056425,300.000587556532,300.000568848773,300.000475723536,300.000319392254,300.000182818215,300.000240516978,300.000749814822,300.002003210725,300.004256474362,300.007688318712,300.012482668471,300.019111230031,300.028797127531,300.043983140564,300.068529356726,300.107488912854,300.166705639898,300.252915349042,300.37506771363,300.546964319938,300.790407609855,301.137774298863,301.633741936851,302.336827985269,303.320483923041,304.670031237529,306.468556058488,308.766864273847,311.542120943296,314.661803517082,317.874395180391,320.839341302795,323.190647953181,324.613740166119
300.000496636241,300.000547076819,300.000605394128,300.000628415934,300.000581846307,300.000470166149,300.000369048998,300.000447635429,300.000963706884,300.002220664167,300.004499018105,300.0080154528,300.012998441578,300.019959306345,300.030146100111,300.04601492468,300.071452852235,300.111600150826,300.172501351347,300.261253350322,300.38738481494,300.565620404546,300.819307598544,301.18342697478,301.706770980321,302.453656610883,303.504588357094,304.952056613549,306.884737701784,309.355517667056,312.338277123463,315.690373057353,319.14268406396,322.330508004406,324.860415965273,326.392628635176
300.000547064916,300.000609128544,300.000683812779,300.00072131916,300.000680496117,300.000561799366,300.000443272641,300.000505637137,300.001027622402,300.002338570436,300.004741085692,300.008460351553,300.013716678234,300.021008334258,300.031593567129,300.047994846927,300.074236890495,300.11565120879,300.178495505363,300.270120929129,300.400500895956,300.585311604347,300.849769804933,301.231999832729,301.785374042437,302.580138486358,303.703742388218,305.255942634044,307.331660405149,309.98681347994,313.192339474421,316.794309278123,320.50339461717,323.927972226347,326.645642197632,328.291551947383
300.000633327077,300.000682670025,300.000733307848,300.000734929001,300.000648775202,300.000483326413,300.000332301245,300.000399274551,300.000988157542,300.002446068992,300.005074177085,300.009070858313,300.01461410749,300.022176349966,300.033052321617,300.04989573903,300.076943461305,300.119753806295,300.184761759559,300.279491400541,300.414332307936,300.606046047177,300.88203880028,301.283972953192,301.870098964732,302.716754238162,303.918540665672,305.582964005103,307.811853389849,310.664370160212,314.10742402222,317.973223934391,321.94921338617,325.615118953263,328.520448703018,330.278241134645
300.000644349826,300.000693942513,300.000745056006,300.000747701627,300.000664204705,300.000505486755,300.000369670889,300.000466936702,300.001109576342,300.002653623463,300.005408215846,300.00957859585,300.015351804589,300.023219811125,300.03451922019,300.051978749534,300.079948125935,300.124138515605,300.191197414458,300.288997088659,300.428581595745,300.627957234874,300.916727015308,301.340072019588,301.961353318749,302.863648972432,304.14956560941,305.934845628476,308.327916209027,311.390242625435,315.083914728704,319.22729314655,323.485067157451,327.408069169254,330.515672338468,332.395327223041
300.000668374476,300.000723741715,300.000783395646,300.000794812342,300.000718063211,300.000563716235,300.000433219479,300.000545134539,300.00122512611,300.002845276512,300.005729158766,300.010090850332,300.016121231249,300.024320518782,300.036056261578,300.054131157969,300.083023523421,300.128627685469,300.197838442896,300.298907980831,300.443578336975,300.651192845703,300.953745850168,301.400250550675,302.059578848972,303.021959451648,304.398340080401,306.312938125904,308.880894751003,312.165941759417,316.125041885799,320.561963870952,325.11744608572,329.311878573346,332.632897315231,334.641059387872
300.00068685453,300.000756965086,300.000839811977,300.000877763603,300.000825001125,300.000687352166,300.000565272379,300.000682736262,300.001378861889,300.003046319074,300.006032381898,300.010571819329,300.016869105983,300.02543426256,300.03765564623,300.056391666973,300.086235445785,300.133273250483,300.204690606968,300.309195943176,300.459323609177,300.675865247889,300.993359689276,301.46490929861,302.165290709564,303.192366480718,304.665854342648,306.718670578478,309.472685946644,312.993872943282,317.234147819252,321.982771070562,326.856047250007,331.342266989235,334.894375966564,337.042469612039
300.000776926791,300.000837865979,300.000902258601,300.000910726116,300.000818360639,300.000637689148,300.000484229525,300.000605471075,300.001367977073,300.003185830554,300.006408836733,300.011247718738,300.017864876926,300.026742607621,300.039304988332,300.058548400483,300.089301078528,300.137925902217,300.211878205824,300.320203622295,300.476141048572,300.702055935212,301.035452616703,301.534092403275,302.279081641842,303.376035793598,304.953459267396,307.153308719614,310.104943718766,313.877053972239,318.415595782008,323.492473412897,328.695860699542,333.479640133302,337.262888737802,339.548801517467
300.000780434321,300.0008505826,300.000930318499,300.000958379283,300.000887747286,300.000729457669,300.000599420794,300.000748879308,300.001552711557,300.003438157596,300.006772094767,300.011784399835,300.018657836114,300.027899120613,300.040969771853,300.06093227633,300.092731015384,300.142924045924,300.219292009045,300.331440075908,300.493602269164,300.729907583763,301.08083384018,301.608785242336,302.401476858636,303.573018940052,305.261619396126,307.618713938224,310.780699818463,314.818024969209,319.670212486537,325.092449912805,330.645782556106,335.749222507323,339.784636738263,342.222866576053
300.000833652755,300.00090969278,300.000996896351,300.001029755653,300.000957664107,300.000791440085,300.000653005072,300.00080768204,300.001651461153,300.003634570732,300.007140157365,300.012399973368,300.019585370252,300.029195433034,300.042720617902,300.063323791448,300.096138204864,300.147991958945,300.227019626253,300.343357020151,300.512214081524,300.759593947086,301.129279519055,301.688818340343,302.533020207584,303.784786210565,305.592163998358,308.116269184427,311.500955062009,315.818825985769,321.002726485724,326.789750231001,332.711463135145,338.149619232871,342.447511119057,345.043492433256
300.000899015681,300.000971422249,300.001050426121,300.001068884481,300.000976427325,300.000788468801,300.0006380833,300.000808757124,300.001718752673,300.003837651291,300.007555577074,300.013093025881,300.020598140166,300.030559602898,300.044509297473,300.065738413791,300.099602758682,300.153225556081,300.235106406939,300.355929445245,300.531949933805,300.79122109444,301.181127962066,301.774740949264,302.674357949532,304.012041907533,305.946051528631,308.64757377307,312.268210187033,316.882597980167,322.4160250521,328.585770926558,334.891847579431,340.677073799281,345.245519892192,348.003370317609
300.00092103594,300.001003030265,300.00109715537,300.001133189171,300.001057679459,300.000884573196,300.000749115336,300.000942391638,300.001896287496,300.004098403798,300.007957415787,300.013708586196,300.02151055087,300.03186646695,300.046345952276,300.068327775591,300.103332120048,300.158750796709,300.243507680309,300.368993969898,300.552721773264,300.824975133093,301.236871179805,301.867179789738,302.826068369696,304.255399900461,306.324321914359,309.214432532467,313.08485204578,318.011695107756,323.912295970927,330.484178894115,337.195775363543,343.349781989266,348.20803969058,351.140467528772
300.001004674066,300.001080060648,300.001160392547,300.001173689344,300.001067209438,300.000861095025,300.000704827261,300.000912049302,300.001941523423,300.004302736242,300.008409287302,300.01447709404,300.022629444586,300.033349833589,300.048253061736,300.070871177846,300.106993181473,300.164365355327,300.252344443777,300.382964587244,300.574961839119,300.861010525076,301.296388737366,301.966148260375,302.988815938423,304.51627933203,306.728674211569,309.818306004273,313.95237736487,319.20873724442,325.495847202744,332.488888360789,339.621303962137,346.153390497913,351.305019954726,354.412380496724
300.001011895001,300.001101596709,300.001205479223,300.001248111896,300.001172671562,300.000995904218,300.000866494526,300.001102151782,300.002172348017,300.004604303974,300.00883443725,300.015103035042,300.023556738055,300.034704480795,300.050201955642,300.073663672856,300.111040845675,300.170374569674,300.261532805217,300.397430963492,300.598332232115,300.899515600837,301.360481858723,302.07263932505,303.163236784589,304.794968443713,307.159822489054,310.461154434574,314.873737215699,320.476272641838,327.16802004616,334.602587039593,342.179377683272,349.115424209294,354.584695048001,357.883553473508
300.001110491255,300.001195199892,300.001287198157,300.001307875105,300.001199716063,300.000984951049,300.000827284246,300.001069702527,300.002212972543,300.004810990125,300.009307815817,300.015922604192,300.024759996303,300.036301196082,300.052246001375,300.076378014977,300.114957229352,300.176444427036,300.271231498084,300.413009092457,300.623479161177,300.940676308951,301.428837950932,302.186444365205,303.350029446818,305.093232668072,307.619815660355,311.14437475866,315.849964122588,321.816727072532,328.933978909615,336.830908999993,344.86889524709,352.218856149694,358.009145450434,361.499363851159
300.001144721015,300.001235265462,300.001336068636,300.001366339753,300.00126703201,300.001061282355,300.000918054014,300.001191312945,300.002398090513,300.005110762117,300.009788978058,300.016660441945,300.025833694641,300.037803777806,300.054322252907,300.079297398864,300.119220120026,300.18292365974,300.281386595756,300.429278337521,300.650025784846,300.984665808856,301.502313918256,302.308669475794,303.54991435589,305.4113371541,308.109264905648,311.869933362812,316.884330442178,323.233155108947,330.795066436004,339.174782105129,347.695772073142,355.4819303996,361.613058625663,365.307803650969
300.001227211473,300.001314163254,300.001406284716,300.001420473095,300.00129761583,300.001066138515,300.000908437265,300.001200747353,300.002487626438,300.00536537896,300.010302064213,300.017510596696,300.027069248534,300.039459087918,300.056486094586,300.082232410935,300.123505692384,300.189594121286,300.292098435846,300.446658448136,300.678453255483,301.031710471433,301.580848685574,302.439358006894,303.763594718515,305.750805993722,308.630051686542,312.6394437596,317.978264112156,324.727879028474,332.755440233184,341.639018531075,350.66128329206,358.896809934256,365.37640413324,369.278960111679
300.001265649818,300.001360112179,300.001463600196,300.001490139762,300.001378319572,300.001156872739,300.001013414308,300.001335997009,300.002687136334,300.005684016183,300.010812561398,300.01829543879,300.028214681055,300.041065208183,300.058708843113,300.085367435036,300.128114178361,300.196674654692,300.303345833641,300.46492474845,300.708596293589,301.082021221718,301.665114718842,302.579394381862,303.991812348042,306.112238694752,309.183145417225,313.454823293637,319.134543990079,326.303609505173,334.817052870159,344.226111352742,353.772403562911,362.479985166356,369.327765565598,373.450968688156
300.001346310038,300.001443034032,300.001547400397,300.001569464311,300.001445449969,300.00120677178,300.001052058598,300.001390277971,300.002812270077,300.005962781993,300.011342548642,300.019167267406,300.029495383479,300.042811129589,300.061031305415,300.088556566975,300.132800790396,300.204008408111,300.315225144332,300.484427693941,300.740865775771,301.135834185923,301.755161929358,302.728960475324,304.235325297674,306.497098430497,309.770337729848,314.317688388237,320.35467130641,327.962665838941,336.984029450431,346.941494893598,357.033144438122,366.230081867787,373.457982998186,377.808213664309
300.001449170332,300.001532258222,300.001611154374,300.001596038121,300.001426935332,300.001145897332,300.00097139851,300.001340774038,300.002875964149,300.006243867133,300.01194462202,300.020164056332,300.030915581827,300.044666701846,300.063411268637,300.091780501265,300.137594211197,300.211668252734,300.327823222688,300.50524389675,300.775350722865,301.193336937571,301.851376945125,302.88869291436,304.494975961036,306.906380403069,310.392854003451,315.229754608347,321.641141114006,329.708183811959,339.259107683868,349.785541177036,360.439142388654,370.13626520834,377.749595236552,382.32865840791
300.001465158386,300.001559601371,300.00165734328,300.001666273298,300.001524176537,300.001272261311,300.001131398978,300.001546256142,300.003152104579,300.00663423637,300.012513754171,300.020997256014,300.032120253274,300.046384886425,300.065858127877,300.095324680108,300.142897100633,300.219908339889,300.341063509432,300.527053721579,300.811847712158,301.254816279539,301.954583641304,303.059579817869,304.771495028311,307.340628685144,311.051714403687,316.19310253761,322.996680189082,331.542198621633,341.643215033825,352.760937121036,364.001594013376,374.226107148369,382.250236387796,387.075353981389
300.00155769337,300.001656866587,300.001758970225,300.00176655898,300.001613634434,300.001343216716,300.001187658205,300.001614920988,300.003292652667,300.006938594028,300.013092362277,300.021954160813,300.033533487611,300.048320539426,300.068447087979,300.098911178746,300.148240316446,300.228415351677,300.355093383083,300.550459068539,300.851032871509,301.320556761547,302.064609607232,303.241540918207,305.06566927374,307.801703279167,311.749115222577,317.209266811916,324.42224835787,333.466826545655,344.14151988603,355.875273595523,367.725813796878,378.495688775842,386.942358509324,392.019431892058
300.001672329513,300.00176136215,300.00184320714,300.001818876955,300.001624334384,300.001311864376,300.001133524861,300.001587464736,300.003376455982,300.007245871315,300.013739848706,300.023031387175,300.035084436484,300.050372247697,300.071112849841,300.102568234827,300.153748080843,300.237341596532,300.370001058295,300.575457336236,300.892911949317,301.390761621276,302.181987140861,303.43539315618,305.37840236997,308.290488690725,312.486141736445,318.280030432049,325.920656102922,335.48554499053,346.756961762304,359.129273093925,371.609037600824,382.938462097886,391.816298619973,397.149439582412
300.001753387974,300.001834368122,300.00190105402,300.001854670017,300.001634387101,300.001301284349,300.001123869229,300.001624180898,300.003532021946,300.007614111248,300.014419583163,300.024105664259,300.036612837823,300.052422235218,300.073853051487,300.106426969313,300.15962016876,300.246836727686,300.385800114791,300.601964341011,300.937481959973,301.46571131831,302.307344696663,303.641965298292,305.710529741243,308.807836159878,313.263986388833,319.407282611976,327.494413229972,337.600788823653,349.491127134072,362.523870042312,375.653194987742,387.559802951651,396.882469164917,402.479876339846
300.001832484543,300.001907852015,300.001963378732,300.001899856556,300.001658760399,300.001308990436,300.001134621297,300.001681196227,300.003705968561,300.007998512331,300.015115573661,300.025201947025,300.038178127633,300.054536870709,300.076703623146,300.110470626098,300.165804417662,300.256872173846,300.40255414366,300.630167462866,300.985018796646,301.545715340402,302.44102351897,303.861751654283,306.062876882799,309.355014967,314.084277379327,320.592789935854,329.145277377338,339.814427767906,352.346277636111,366.061817768208,379.861185976455,392.362072667406,402.142072167099,408.010942985202
300.001900840231,300.001978494302,300.002036086599,300.001972142849,300.001727668911,300.001375693938,300.001211771057,300.001801387196,300.003928122027,300.00840718898,300.015811054377,300.026284555904,300.039741607455,300.056695294376,300.079677605237,300.114746835169,300.172366120263,300.267507794344,300.420313463679,300.66013750397,301.035680935689,301.631079795413,302.583511000699,304.095412503021,306.436292816595,309.933123002519,314.948449414247,321.83833175347,330.875213836057,342.128417147147,355.324537883722,369.746288186793,384.238745821498,397.355081095039,407.609485218544,413.760388776807
300.002005519291,300.002079512073,300.002127937641,300.002046722288,300.001777135186,300.001399130359,300.001225326665,300.001849280409,300.004089150167,300.008790614803,300.016537969969,300.027461127673,300.041445006342,300.059005978488,300.082789614195,300.119165522003,300.179174845582,300.278690238152,300.439196285452,300.692162903588,301.089815625904,301.722101403001,302.735077857056,304.34341049901,306.831674040844,310.543539684878,315.858119157554,323.145488216372,332.685874679182,344.54507443273,358.429354669518,373.58133272815,388.788538934511,402.537485275735,413.27794327729,419.717056808664
300.002132937873,300.0021895042,300.00220579363,300.002078470415,300.001754207385,300.001326847608,300.001134085119,300.00180465747,300.004194896909,300.009177227651,300.01733495241,300.028762932361,300.043297837259,300.061454507067,300.086015655566,300.123718810515,300.186261100393,300.290493072172,300.459308175135,300.726370820211,301.147596474264,301.819062324715,302.896197075461,304.606450167993,307.249948834573,311.187376293563,316.814634641425,324.515985864876,334.579558886948,347.067113434409,361.663028844112,377.567248889357,393.507024777226,407.90057905291,419.133491690691,425.863332132393
300.002201455093,300.002255094545,300.002265453687,300.002129207277,300.001795562369,300.00136580453,300.001191988011,300.001924492212,300.004445320415,300.009649742308,300.018132589629,300.029986263643,300.045045076553,300.063861686426,300.089363605026,300.128621084469,300.193935337289,300.303132164558,300.480639517357,300.762595267445,301.208971979819,301.922316475195,303.067672490087,304.885518874638,307.691961102736,311.865380639301,317.819116452064,325.951812358821,336.558768203667,349.696474835285,365.026288475481,381.705099032934,398.399906539496,413.459880375147,425.204121082481,432.237002138029
300.002308308737,300.002358661133,300.002360585369,300.002208299475,300.001851518166,300.001398978511,300.001220494517,300.001995591819,300.004642395762,300.010088219927,300.018941768868,300.031283706403,300.04692575587,300.066438475504,300.092894041726,300.133735136722,300.201951119651,300.316455063183,300.503319379186,300.801262124828,301.274464020683,302.032223592075,303.249668537642,305.180907363633,308.158589218137,312.579133191728,318.873418743653,327.454419615134,338.624528000792,352.434680222378,368.522466050617,386.000057772933,403.472059670641,419.216531655681,431.484872730001,438.827807140288
300.002471600868,300.002494972752,300.002447977948,300.002226756536,300.001789265488,300.001263177807,300.001051197644,300.001877424822,300.004706461457,300.010495573607,300.01984621874,300.032787826015,300.049065365427,300.069245034538,300.096573724473,300.138961707471,300.210223350279,300.33048135677,300.527514961937,300.842646605165,301.344370472788,302.149068787127,303.442548127562,305.493236120974,308.650816811307,313.329902345238,319.978906661048,329.02524174752,340.778677583415,355.2842729569,372.154001653963,390.451864533168,408.716334108972,425.152685688651,437.945973031845,445.597287569451
300.002526700275,300.002547428654,300.002495978256,300.002269877766,300.001830980926,300.001315168212,300.001138991827,300.002046278475,300.005024403454,300.011051343207,300.020741550495,300.03413039316,300.050978512001,300.071918916428,300.100384910576,300.144681208683,300.219329328404,300.345613025108,300.553172012389,300.886327777644,301.418395077364,302.273226925887,303.647445908756,305.823852771302,309.169506679139,314.118024640426,321.136256218767,330.666240649454,343.024041033672,358.246997313863,375.920281943504,395.060083954393,414.140094224323,431.292729281397,444.633750522459,452.60904118312
300.002662754581,300.002671458666,300.0025964492,300.002334252911,300.001850148253,300.001292307671,300.001102068832,300.002060420739,300.005197650681,300.011525906391,300.021667899028,300.035634326586,300.053150994658,300.074873857135,300.104425977757,300.150589217038,300.228746514298,300.361511570445,300.580492022242,300.933045236624,301.497376435359,302.405090832042,303.864219043013,306.172694240299,309.715538010521,314.945525819282,322.347732614639,332.378692131626,345.360902601049,361.324020222872,379.825286018253,399.830596213577,419.745440502493,437.627221378793,451.522421239479,459.823934809423
300.002763748875,300.00276788822,300.002683250752,300.002405587995,300.001902652729,300.001331824374,300.001153233825,300.002176840585,300.005467684324,300.012068743267,300.022617811887,300.037121215591,300.055300844364,300.077866123898,300.10864558434,300.156893636433,300.238848066485,300.378488584623,300.609527355796,300.982615858407,301.581198572754,302.544997265017,304.093777608963,306.540929240806,310.289856504184,315.813002185332,323.614119587256,334.16426705631,347.791817099756,364.517667155055,383.870160896412,404.764260393185,425.53685561529,444.169295351808,458.636661087693,467.275763732671
300.002892239661,300.002895240345,300.002805093484,300.002513807729,300.001988613051,300.001394254281,300.001210687923,300.002281525508,300.005714894539,300.012593943294,300.023577720132,300.038666726031,300.057569255046,300.081036835859,300.113106037975,300.163538837776,300.249506294994,300.396472464078,300.640394878272,301.03538026764,301.67031801964,302.69335455902,304.336448997249,306.929008092702,310.89334316894,316.721909110562,324.937178734442,336.024588256146,350.318147595926,367.829746380064,388.058317599077,409.866861855981,431.522138785951,450.927407932179,465.984162114647,474.971278718352
300.003069106755,300.003059411901,300.002942981429,300.002608906801,300.002026475103,300.001373436535,300.001158617294,300.002270964037,300.005872389869,300.013090554829,300.024597481284,300.04036491243,300.060056814269,300.084448239898,300.117802954971,300.170465935312,300.260666172444,300.415490127306,300.673255174841,301.091618730135,301.765072967789,302.850519302568,304.592659000191,307.337559312666,311.526951461802,317.673473885547,326.318255715704,337.96108567323,352.94170933538,371.262995120941,392.393601946338,415.142641569138,437.70404343704,457.90067697812,473.559333240504,482.901003435923
300.003248375592,300.003218484174,300.003063859037,300.00267322355,300.002021523988,300.001303571358,300.001060897958,300.002230086294,300.006026671951,300.013619089168,300.025685835663,300.042163415672,300.062670521874,300.088016652632,300.122721587343,300.177761700975,300.272491704893,300.435709027428,300.70821102835,301.151384303731,301.865592073596,303.016867555307,304.863102366066,307.767494437472,312.191585579599,318.668508603773,327.758291555178,339.975235117048,355.664814577973,374.820322741995,396.878925892338,420.593898643477,444.084304451115,465.090931921138,481.36485602755,491.068623411182
300.003434332045,300.003377735441,300.003174210373,300.002713978228,300.001980379382,300.001188875315,300.000917659657,300.002154527412,300.006170085866,300.014172021821,300.026839958559,300.044067928676,300.06542532615,300.091763221571,300.12788455787,300.18544990044,300.285016940756,300.45719313452,300.745382120016,301.214875026725,301.972169190869,303.192799586384,305.148310266994,308.219503942394,312.888123799523,319.708097369392,329.258615967902,342.068687705849,358.489533299985,378.504282373809,401.517094165609,426.223165488528,450.664422717548,472.497973234512,489.398565746678,499.470526107404
300.003568015963,300.003503454191,300.003283605319,300.002797545523,300.00203181123,300.001213968021,300.000947174875,300.002257452908,300.006461420305,300.014806962979,300.027992967976,300.045907788092,300.068118567433,300.095556833859,300.13331848825,300.193725032909,300.298513854751,300.48014635787,300.78481416034,301.282047906703,302.084890458321,303.37874991706,305.449082188888,308.694524890288,313.617419499114,320.793075900501,330.820408707053,344.243316869664,361.41818481054,382.31698332748,406.310180965034,432.034752993034,457.455422862162,480.144272420097,497.696258867974,508.152591293158
300.003817306562,300.003720048063,300.003438543426,300.002861135907,300.001982011654,300.001052460868,300.000721014166,300.002079666514,300.006517662979,300.015335565944,300.029233474476,300.048038439367,300.07123685539,300.099782697808,300.139086855584,300.202273255337,300.312494155138,300.504295227628,300.826767837576,301.353664489134,302.204588465388,303.57512391602,305.765348575324,309.192604775467,314.380389119963,321.925356953334,332.445813479373,346.50056666983,364.451893927708,386.261171238886,411.263829359383,438.034959776582,464.457369724356,488.015049386843,506.223729759711,517.065135828096
300.004039848856,300.003899414841,300.003541085392,300.002858181336,300.001859317026,300.000825515747,300.000453695056,300.001899563228,300.006616957001,300.015946725313,300.030579379991,300.050279278172,300.074467560614,300.104155012742,300.145114647041,300.211322438021,300.327394661787,300.530027978611,300.871339487557,301.429532849022,302.331117423567,303.782277410109,306.098114388618,309.715035854434,315.178008643803,323.105445426774,334.135545835075,348.842463497557,367.594284663405,390.340641223037,416.379797125215,444.222565118452,471.667677084879,496.110182322808,514.986367857113,526.218762042093
300.004216298711,300.004043549435,300.003628092944,300.002867754766,300.001783592374,300.00068183356,300.000300219841,300.001848594838,300.006836844238,300.016643922799,300.031961108833,300.052516457695,300.077704695063,300.10863225133,300.151457926562,300.221012682312,300.343381505737,300.557472342975,300.91860274115,301.509740269776,302.464707895611,304.000668029792,306.448060953474,310.262617362573,316.0111562751,324.334416360135,335.891139784407,351.271131517574,370.847739357361,394.557536381151,421.660033285698,450.600235826918,479.092253720976,504.441193215185,524.002292963764,535.636479404638
300.004381443267,300.004194083229,300.003750346047,300.002947495143,300.001811815918,300.000666285839,300.000281545524,300.001916352818,300.007137828746,300.017373599676,300.033335742962,300.054742416395,300.080987039872,300.113286954665,300.158189592053,300.231384813181,300.360462467327,300.586647961186,300.968666494346,301.594545678313,302.605755324346,304.230775880726,306.815699526832,310.835951872212,316.880708192986,325.61359802663,337.714375538827,353.78852181556,374.214230603912,398.914108381868,427.108083127256,457.175003143582,486.743521421588,513.027175893583,533.297000049445,545.348166432425
300.004669899343,300.004445413462,300.003931273605,300.00302343016,300.001756545692,300.00048064358,300.000019169334,300.001708143587,300.007201127124,300.017990149546,300.034794287513,300.057269032996,300.084728260316,300.118439865071,300.165359690907,300.242181148381,300.378248233455,300.617360810941,301.021793638521,301.684636905082,302.755020821243,304.473024230816,307.201085547848,311.435221697129,317.787589636261,326.944780087913,339.607266932553,356.396235416746,377.695273694142,403.413413491766,432.729873413605,463.953879521344,494.624354093545,521.860169747749,542.847964230492,555.319627313886
300.004999170102,300.004709762018,300.004078989536,300.003008311045,300.001551301123,300.000099133657,299.999543943651,300.001313434298,300.007154433594,300.018616797482,300.036402410615,300.060067156813,300.088811676159,300.123951277613,300.172905006211,300.253491286618,300.396971884621,300.649880652105,301.078159680096,301.780066656994,302.912583652106,304.727772808682,307.604995291347,312.061485042051,318.732819230457,328.328801367114,341.570798155139,359.09613947056,381.293999641402,408.059387515651,438.528317599578,470.936717377185,502.730163768766,530.931216214079,552.643088412218,565.537090397064
300.005265172463,300.004918693289,300.004186995864,300.002978790448,300.001366952878,299.999780958622,299.999174394652,300.001054787374,300.007249580624,300.019359463526,300.038076801799,300.062886719821,300.092924593339,300.129605715968,300.180848343138,300.265603270885,300.417052750201,300.684521694775,301.137808463946,301.880685945422,303.078432270553,304.995488389978,308.028420519418,312.715890332932,319.717298264878,329.766339647529,343.606149248825,361.890531468784,385.013720933512,412.854743054898,444.504482075489,478.124183081237,511.065610975753,540.254501224945,562.708832987214,576.036790267802
300.005571925382,300.005171747721,300.00434220845,300.002995130629,300.00121858406,299.999478712675,299.998793185164,300.000758351235,300.007296511544,300.02007446116,300.039784641127,300.065838233012,300.097289359992,300.135636764091,300.189306858202,300.278447735475,300.438296987982,300.721159929277,301.200896620394,301.986990324815,303.253215566361,305.27669478751,308.471645930124,313.398762890386,320.741889660594,331.259092782771,345.715543526123,364.781524931578,388.856001036601,417.801366109891,450.662077335391,485.522899865885,519.639972462298,549.840164379378,573.054615661307,586.826917654742
300.006024533245,300.005531103324,300.004533188023,300.002948795613,300.000890522722,299.998879771817,299.998028174049,300.000058000429,300.007020422583,300.020660643294,300.04164230544,300.069225397264,300.102279099455,300.142314266812,300.198304421058,300.291791673561,300.460386043297,300.759674350078,301.267710949218,302.099622782421,303.437626434076,305.571808116602,308.93481799234,314.110420343534,321.807603661683,332.808866242529,347.901045778931,367.770947672542,392.822849299355,422.902505808446,457.005709036514,493.136177340238,528.449164896623,559.670167371656,583.645557072839,597.859410535664
300.006482013877,300.005872117005,300.004668362028,300.002802474264,300.000421861993,299.998115386457,299.997100285343,299.999233303815,300.006694813756,300.021298979346,300.043661115121,300.072867582279,300.107590556337,300.149369764936,300.207785253485,300.305878806182,300.48376808803,300.800468277238,301.338374249906,302.218436191266,303.63157460707,305.881220270967,309.418967666792,314.852182425044,322.915529560103,334.416374420482,350.163731722598,370.861187083215,396.917953892037,428.161432411555,463.535850299656,500.96061348229,537.487731722824,569.740918561949,594.482819898184,609.140357632243
300.006904477332,300.006187365236,300.004793962878,300.002668551574,299.999990983108,299.997413784655,299.996254769969,299.998499607449,300.006455629591,300.02200901503,300.04573951292,300.076582752324,300.113044018127,300.156721784163,300.217828284943,300.320931216123,300.508711149503,300.843732272869,301.412953718148,302.343466643056,303.835258234062,306.205454668145,309.924910946177,315.624993743693,324.066597321548,336.082779079501,352.505327095019,374.054659833974,401.143784163638,433.579808726358,470.253355547993,508.998512980567,546.764069197483,580.071535660855,605.598063459941,620.710690940279
300.007730165633,300.006763378954,300.004932067436,300.002212785494,299.998858188066,299.995652596133,299.994110675946,299.996456495981,300.005209982487,300.022337179841,300.048259575498,300.081498943996,300.120067432746,300.165410787248,300.228486686803,300.335924149871,300.533748096645,300.88865484233,301.492099121502,302.476587617667,304.050467289658,306.544848563627,310.45150851352,316.427917507017,325.262086798572,337.81156469944,354.929164696798,377.352315419215,405.500210129822,439.160519575789,477.164200088217,517.246049292758,556.23779527834,590.556380244254,616.808587073721,632.329256875772
300.008202093189,300.006978214386,300.004715276595,300.001449386031,299.997531092209,299.993885066875,299.992200400042,299.994878657771,300.004563084074,300.023216176589,300.051077641647,300.086343882726,300.126742253004,300.173820268767,300.239437326861,300.352206995443,300.561201071664,300.936971766302,301.575591980159,302.615717666864,304.275138981054,306.899709940274,311.002005075989,317.264845839181,326.50315784252,339.600454362195,357.433280931084,380.757217333006,409.994774118235,444.906392758921,484.254639017548,525.671338565474,565.874081858895,601.182711278332,628.141824452917,644.058761805159
300.008506794585,300.007062329539,300.004433883055,300.000715720537,299.996349495033,299.992384561627,299.990658100326,299.993715420073,300.004292262909,300.024337794286,300.05394238126,300.091062018678,300.133261847177,300.182303555025,300.250986323756,300.369837857947,300.590853658363,300.988418195001,301.663476676226,302.761409094879,304.510147511424,307.270746720874,311.576604033507,318.135776161611,327.790485711191,341.451525159642,360.02060444667,384.271485586664,414.626299429128,450.811636118644,491.515019113332,534.262386876183,575.65983534192,611.936625697848,639.582192535747,655.882078440531
300.008782850741,300.007133592264,300.004166519343,300.000030806075,299.995254322472,299.991004327019,299.989258040669,299.992697716532,300.004149001212,300.025553988281,300.056872676304,300.095852544359,300.139936881268,300.191140294975,300.263230556916,300.388675596477,300.622442435244,301.042867569469,301.756003870279,302.914302943521,304.75624179742,307.658451570422,312.175475810278,319.040988477007,329.125147980145,343.366837507525,362.693496401247,387.896057853624,419.392835500902,456.870794404277,498.936561865222,543.007051820946,585.578318275654,622.794709359289,651.098701068253,667.762405900219
300.008834899481,300.00704452791,300.003852766584,299.999459253206,299.994464161195,299.990123916976,299.988510472829,299.99238602036,300.004616360188,300.027123823297,300.059795164042,300.100311565831,300.146191323131,300.199870447901,300.276116115526,300.409174148698,300.656720212392,301.100927295056,301.853256318188,303.074003480994,305.013090655055,308.06322137166,312.799922011847,319.982137182722,330.508330394459,345.346957519085,365.452443391541,391.631539531879,424.293575693336,463.078719734957,506.50847909381,551.893110479819,595.626217180573,633.774194020077,662.734810582097,679.763786058587
300.008948042936,300.007019931429,300.003606881872,299.998955363548,299.993734388504,299.989288699718,299.987788161244,299.992083575911,300.005093611536,300.028733808074,300.062825310716,300.104981633689,300.152790118749,300.209112824253,300.289757392938,300.430846095169,300.692919620659,301.1621753653,301.955668573759,303.241714373074,305.281924862328,308.485474980746,313.449502507805,320.958966927469,331.941284122266,347.394615116896,368.299613464573,395.477095931375,429.324052157349,469.429857184167,514.227181159295,560.917814162286,605.793679443263,644.847419448997,674.438601386502,691.814873513313
300.008811808668,300.006748085487,300.003132249912,299.998277611382,299.992939997105,299.988556586925,299.987374078438,299.992280128268,300.006171715408,300.030888561867,300.066168456324,300.10963600777,300.159133775159,300.218187563079,300.30381519287,300.453995334811,300.731912509161,301.227546429365,302.063603642414,303.417002639177,305.562029124698,308.925222434088,314.125594981725,321.97377479135,333.425793393214,349.509905277652,371.233813355675,399.431650038082,434.484249885806,475.923272385664,522.086297210702,570.06484079914,616.052855952826,655.976664172125,686.166871554881,703.869978870774
300.008259759651,300.006126110598,300.002435821588,299.997579210429,299.992398244681,299.988397166403,299.987838766694,299.993551794289,300.00830417367,300.033789845329,300.069697805089,300.113851585843,300.164672527153,300.226687818999,300.318275350609,300.479071848825,300.774410408916,301.297615418471,302.177166677815,303.599542825994,305.853133713171,309.382859595748,314.829467499278,323.028190675523,334.963013944817,351.693089379148,374.254702384153,403.494671297765,439.772604953566,482.554150782413,530.075172950208,579.31703038085,626.383124494619,667.143117447222,697.90617886604,715.921304597254
300.007066761937,300.004973916011,300.00142240006,299.996892521141,299.992306999946,299.989192715831,299.989728639038,299.996532227241,300.012073978972,300.037797447397,300.073403891714,300.117216635093,300.168740954653,300.234014903556,300.332968320831,300.506519882575,300.821295946467,301.373195168841,302.296586684823,303.788895554017,306.154689732992,309.858591681327,315.5624980067,324.124221072789,336.554300778064,353.943994656292,377.360886920078,407.66462814376,445.187355768544,489.317691163501,538.182048306721,588.653017393555,636.753885263314,678.310917153696,709.619695296441,727.933081209239
300.005211196185,300.003297906115,300.000145424114,299.996330520878,299.992841937319,299.99117166764,299.993300097737,300.001466549583,300.017667547659,300.042994597804,300.077242804952,300.11957411219,300.171129907805,300.240004916013,300.347875277527,300.536515631765,300.872901693834,301.454654925735,302.422131456511,303.98518720144,306.466801454199,310.352750726458,316.325453172845,325.262998439469,338.200819453132,356.263270971574,380.551934244524,411.93960951403,450.724439926426,496.206791258437,546.394557042029,598.052206074451,647.133271409742,689.434278610232,721.248946979682,739.838077311543
300.002466015071,300.000939425607,299.998568764436,299.996029164517,299.994345616421,299.994886798402,299.999269045319,300.009122797906,300.025735145274,300.049722517517,300.081108355923,300.120376099694,300.171059532521,300.244025205359,300.362894658234,300.569635894639,300.930220711092,301.542818117303,302.553931886408,304.187858876191,306.788909895801,310.865664427688,317.119830108821,326.446422762139,339.903546045698,358.650270158393,383.826314353615,416.31783681891,456.380736376141,503.213001217396,554.694189647301,607.484427049381,657.482782494022,700.474240689765,732.760191991507,751.609129130046
299.998615599642,299.9977614464,299.996694157375,299.996180911918,299.99723348942,300.000972344461,300.008429785912,300.020330192899,300.036958144232,300.058317105507,300.084856255925,300.119018832925,300.16769849194,300.245417782367,300.377936461447,300.606496987113,300.99429350255,301.638537715989,302.692115623626,304.396328837688,307.120411469719,311.397627675364,317.947091468436,327.676333303742,341.663355688945,361.104278140087,387.182160624367,420.796936338174,462.151985480046,510.326116911014,563.060916143696,616.918955810942,667.765786256626,711.39624757475,744.127918792547,763.229487398036
299.993809988821,299.993962651459,299.994791932792,299.997125935935,300.001884525424,300.009788695372,300.021053509481,300.035209658576,300.051282951687,300.068583719411,300.088242441349,300.115328894293,300.161037665467,300.244347443786,300.39325036248,300.647295289059,301.06517609028,301.741787259907,302.836759312975,304.610954933623,307.461955105059,311.949339741701,318.807736514209,328.952990902345,343.480551220923,363.625819909731,390.619553685034,425.374640107564,468.030930489362,517.532024012327,571.473697483053,626.329844392403,677.954528837729,722.173031962318,755.326485424211,774.675113405721
299.988214385403,299.989715222841,299.99303885802,299.999031995437,300.008432702824,300.02140562299,300.037120473405,300.053646529202,300.068527213128,300.080334618983,300.09115566433,300.109337722086,300.151258884415,300.241073072459,300.409041191324,300.692071202586,301.142753361148,301.852457577412,302.98800101059,304.83226133465,307.814317291053,312.521513709245,319.70212472509,330.276455033255,345.355277860394,366.215209647912,394.138165145215,430.047891923952,474.009037442807,524.815166884282,579.910253922479,635.69004522506,688.019340724,732.774433685315,766.326020616007,785.916682341806
299.982009114576,299.985172142193,299.991536590971,300.001923868855,300.016803268431,300.035637520169,300.056345944082,300.075301729291,300.088376854567,300.093379706702,300.093612497922,300.101287627153,300.138748598558,300.235953139027,300.425451889964,300.740675246655,301.226712258511,301.970382353255,303.146115299764,305.06099461283,308.178407038527,313.114743722586,320.630343376281,331.646650609763,347.287748754457,368.87291960248,397.737252187891,434.812263908538,480.076290903673,532.159522385878,588.34959917292,644.974619373462,697.930514126434,743.163790131269,777.082546330598,796.904383673139
299.975702542887,299.980839564921,299.990760704974,300.006182000189,300.027184870367,300.052377250119,300.078261401001,300.099374586644,300.109867017197,300.106889765485,300.095266423381,300.091543972887,300.124516606409,300.230199986919,300.443232312772,300.79288788319,301.315942506914,302.09435505922,303.310889665586,305.298477122222,308.556434860252,313.730568613166,321.592057516064,333.061768163298,349.276725527223,371.599710246843,401.41822894705,439.665031053315,486.220580383703,539.542513664476,596.763539167378,654.158038057828,707.672812265029,753.340143389176,787.607357528692,807.657574386643
299.969322351684,299.976724144971,299.990683856541,300.011738083981,300.039468889135,300.071485220109,300.10271321289,300.125719560544,300.132883014694,300.120801829723,300.096120698161,300.080181851898,300.108701509638,300.223990232352,300.462550189451,300.848813093107,301.41045631544,302.224340275491,303.482374651796,305.545018710302,308.949045369877,314.369825856873,322.587930132628,334.521989400065,351.321817604827,374.394760491548,405.179133478152,444.601125299581,492.430746872167,546.945355418212,605.129331408487,663.223065210754,717.248610124127,763.337640482668,797.970644478722,818.272714615061
299.96406195072,299.973813140286,299.991900168515,300.018588181768,300.052865096565,300.091283878104,300.127220388983,300.151410986284,300.154708784473,300.133438816695,300.096244126965,300.06918728838,300.09451645529,300.220263688802,300.484397209908,300.906700569599,301.506701113122,302.357467699669,303.660861483958,305.804436347855,309.360935092988,315.034168895199,323.614875581695,336.022288396986,353.421243810233,377.261425982107,409.023539113475,449.615194705132,498.689172415898,554.345999907209,613.433082499058,672.168813153786,726.657188016809,773.130980039312,808.104003440934,828.642871083292
299.960277602536,299.97230648399,299.994338913238,300.02630015275,300.066533287164,300.110549864496,300.150300048818,300.174940824342,300.174134564997,300.144226151203,300.095919576262,300.059660946709,300.083489761439,300.220310034862,300.509158804321,300.965774793054,301.603186236992,302.492572558788,303.846529347324,306.078439861092,309.794364760609,315.72481161804,324.672209659683,337.56074285963,355.573577965068,380.199498904025,412.950246198007,454.70165366861,504.983616549968,561.727758462746,621.660001711877,680.988402755855,735.901563649499,782.730536133037,818.020095130446,838.780777654524
299.957438258359,299.971706409884,299.997580512536,300.034599625157,300.080424780899,300.129527490647,300.17250226061,300.197081397809,300.191955790082,300.153703707627,300.095178339768,300.051051534218,300.074716235183,300.223374916242,300.536773054905,301.026863222059,301.701208926998,302.630543161983,304.039161140322,306.365914463864,310.248525336043,316.442522991213,325.762195772624,339.139247475778,357.777932795907,383.204644962979,416.953283355144,459.854480528444,511.306821684181,569.078513161805,629.792828990739,689.670831783804,745.001495430621,792.213913795929,827.867191348498,848.888435816206
299.956941542291,299.97304116567,300.001986635061,300.042904614381,300.092813065544,300.145314414082,300.189998385118,300.213688656892,300.204659786613,300.160060390476,300.094687043089,300.046471735161,300.072586168682,300.233037726578,300.567944369884,301.087122684728,301.796014255336,302.768088962621,304.239818326814,306.672075041191,310.728863830686,317.188164274562,326.879940113796,340.751679916297,360.033223438957,386.281478613455,421.035102656519,465.064707447577,517.639837857425,576.384383783053,637.837511085272,698.233634111268,753.944835891258,801.483876485226,837.429320889138,858.653630558592
299.958622722564,299.976111724667,300.007305752347,300.050906747131,300.103345645162,300.157542836676,300.202445071507,300.224486382876,300.21207272478,300.16324567112,300.094521310017,300.046109950553,300.077371420644,300.249605063707,300.602939618382,301.146690440744,301.88754118827,302.904995764454,304.448334203537,306.997106498588,311.236118590651,317.962832534232,328.026226292192,342.397656118208,362.337513620773,389.426909788843,425.191958924436,470.327487778234,523.975153437064,583.633404119061,645.778488384014,706.664420235475,762.735622621464,810.572844363541,846.772813615728,868.16811970076
299.961200464555,299.979790035202,300.012719046838,300.058288758458,300.112405596962,300.167430926019,300.211864551428,300.232003533775,300.21663463759,300.164823773036,300.09468149857,300.048223260835,300.086239244003,300.270583830045,300.641174578561,301.207560800271,301.979350874764,303.04396926271,304.66436168398,307.337660399502,311.766840090543,318.766616370369,329.205478723417,344.082013934704,364.690245954263,392.632835164465,429.413087036755,475.636864079027,530.312153521488,590.821504209513,653.599768984537,714.943242398374,771.38197015112,819.560564475875,856.073517595096,877.684881710976
299.966211202495,299.985264942354,300.018775946606,300.064671316364,300.11845423711,300.172209740473,300.214472803629,300.232043540797,300.214713998933,300.162867966693,300.095801054567,300.056013629073,300.103750961999,300.299681957219,300.683309447856,301.26665386392,302.066415890125,303.181681480923,304.889303121318,307.699442015764,312.326609628533,319.59980149233,330.411774825234,345.797990826276,367.090700676253,395.90491511726,433.701069347454,480.982083642816,536.630126699465,597.937243923501,661.317436444001,723.10516887973,779.890532490202,828.359968950664,865.110642850939,886.873589501239
299.972621119306,299.991654992813,300.024887995242,300.069915474077,300.121948169553,300.173011354934,300.212015429523,300.226693686467,300.208246130456,300.158545014106,300.097772230563,300.068017779043,300.127658316455,300.335012017925,300.72901406103,301.325646656014,302.151550997318,303.320189296154,305.122811527248,308.079874212752,312.912907609218,320.462628906012,331.648491007454,347.548892333796,369.537597717569,399.236069734351,438.047077437659,486.358134698205,542.927726226221,604.976129470601,668.918913476879,731.14052826686,788.286463972481,837.069841863369,874.077300958895,896.0013984247
299.980133030645,299.998625033781,300.030674676763,300.073621901111,300.122531625087,300.169609871368,300.204478383443,300.216189233179,300.197670015757,300.152354419444,300.100948329163,300.084260232419,300.15761822395,300.376044001197,300.777928431842,301.384682766203,302.235459311134,303.460394654436,305.365407580626,308.478723456427,313.525032310146,321.354766234484,332.916243421361,349.3357570822,372.030697753773,402.622699021023,442.444166196728,491.757395677546,549.201170209656,611.940522443715,676.410297255325,739.052288319151,796.560639151468,845.662407961615,882.925819466035,905.006887907766
299.988817658186,300.006245448105,300.03619892939,300.075830180136,300.120198675793,300.161933301382,300.191717894423,300.200337699332,300.182802956737,300.144205483837,300.105401112937,300.104985589064,300.19396238715,300.423032155102,300.830077911219,301.443552399555,302.317901507062,303.602356068806,305.617632196439,308.896818417577,314.163543646288,322.276007083113,334.214192520241,351.157685215346,374.56925328547,406.063442029793,446.888322197161,497.172357890145,555.441596165819,618.825246549975,683.795577973358,746.854597688269,804.732772327707,854.154427334271,891.663213955774,913.887350068335
299.998023076402,300.013966267514,300.041107141666,300.076489001689,300.115300682824,300.150794563313,300.174975208673,300.180634929963,300.165067327623,300.135021754162,300.111182854843,300.12926762436,300.235117794237,300.474515826557,300.884991603817,301.503232022949,302.400887548119,303.747883764312,305.879802815845,309.332691309353,314.826422406105,323.22571688201,335.543875308965,353.016840797528,377.152933269922,409.553200472836,451.371298460281,502.596249249913,561.647459540068,625.635182183415,691.085875294897,754.569540892686,812.847137733043,862.626384603287,900.412420876005,922.797920188644
300.007895086627,300.021885102434,300.045413025721,300.075499708451,300.1076132146,300.135855050866,300.153843655266,300.15668982708,300.144196333267,300.124762170707,300.118520832211,300.157538121697,300.281543795671,300.530752682537,300.942579341375,301.563357764595,302.484099560619,303.897093073754,306.152590692701,309.787234980515,315.514125079432,324.203496254868,336.904259890736,354.912236717913,379.780699433021,413.089954746013,455.888566899689,508.022599014153,567.814735965391,632.374304169311,698.294669382948,762.211724583769,820.902252511736,871.040935936362,909.091381910105,931.622024986716
300.018119374316,300.029776061067,300.049048220961,300.073013421044,300.097548721094,300.117790809462,300.129202697079,300.129447632539,300.120993477205,300.113857497068,300.127308576952,300.189163488598,300.332331291549,300.591010953746,301.002740618513,301.624632438784,302.568727915711,304.050961303148,306.436129292967,310.259708889831,316.225780094312,325.20923634184,338.296146395353,356.844311886827,382.451037059425,416.669452651826,460.434921133999,513.448024749028,573.943285693419,639.043117814233,705.418960686331,769.772949231762,828.88709675879,879.391507306137,917.702683198704,940.371126632961
300.028031773441,300.037145035395,300.051826195726,300.069280676757,300.085890995426,300.097939247087,300.102836938445,300.100867195911,300.097160718488,300.103254785034,300.137360574557,300.222805771491,300.385494003592,300.653608071207,301.06509325778,301.688385532844,302.657183448892,304.211473092414,306.730547506779,310.748230134724,316.9590183862,326.242271375803,339.721257298764,358.815221138251,385.163190394023,420.286566746527,465.003213709789,518.868282050847,580.033953413274,645.646363473455,712.465985689128,777.268519363069,836.841948333709,887.762849824133,926.386546865095,949.228017189487
300.037875721814,300.044165377593,300.053798048277,300.064188504526,300.072343147715,300.075837174107,300.074185915698,300.070415573984,300.072352822276,300.092940537107,300.149045164425,300.259101679148,300.441652757785,300.718803687917,301.129344001526,301.753944745163,302.748954886443,304.37887164179,307.03694421936,311.254070779609,317.714167499461,327.301381654379,341.177582023677,360.823780436877,387.917289097304,423.941025529022,469.589777537663,524.276377690592,586.083189413217,652.194851274963,719.468250910236,784.747701054413,844.812119963189,896.169997258383,935.110528904103,958.121053624982
300.047900436657,300.050998865318,300.054974894622,300.057548858091,300.056496786399,300.050877491966,300.042522677064,300.037384386002,300.046058857665,300.082769051418,300.162662795418,300.29871659455,300.501574092937,300.787101725876,301.195460805133,301.820767410926,302.843398874574,304.552986586031,307.355946340636,311.778352645326,318.491996290367,328.386220867935,342.663664591224,362.868150706141,390.711875838273,427.631233258731,474.192485518684,529.670165085267,592.091000506877,658.691222141026,726.423920560252,792.184048442236,852.716799495627,904.450107913794,943.623003880694,966.733795500361
300.056491233117,300.056555327239,300.055189625913,300.050455202096,300.04090569941,300.027025848052,300.012810152681,300.006890397018,300.022355911347,300.07453419108,300.176950587303,300.337609482436,300.560063503706,300.854733995044,301.263406175935,301.892976284172,302.94646432573,304.737482377018,307.685887805531,312.315032621533,319.287191509977,329.49746593776,344.186051040518,364.953844633237,393.543482499682,431.345574604541,478.802652881912,535.054905454332,598.07164042243,665.136954462461,733.302849718001,799.530486375065,860.551059658785,912.720325714486,952.209335130056,975.487833028561
300.064543722021,300.061503015293,300.054705062709,300.042607596168,300.024606450837,300.002666712471,299.982965583989,299.976775998043,299.999571721856,300.06762653095,300.192694902834,300.377768229586,300.619472555503,300.923176446173,301.332804600219,301.968416441583,303.05564734157,304.931582970346,308.028822970965,312.867726680043,320.101745438135,330.63298714304,345.739578947966,367.077250314171,396.413861853701,435.088661424096,483.41956292507,540.419878305095,604.013707138028,671.542074912968,740.156688480665,806.875748764803,868.404007999307,921.015127503501,960.812883178183,984.248661914749
300.072097018306,300.065883449407,300.053566600335,300.034055901666,300.007653519314,299.977859151738,299.953052322268,299.947107715268,299.977774164143,300.062110051333,300.209947264243,300.419222498435,300.679802060602,300.99241222018,301.403653515307,302.047149775629,303.171124090629,305.13556906854,308.385061685897,313.436663893801,320.935652546431,331.792436570912,347.323556590054,369.237310224819,399.321343654404,438.858211949293,488.041238256662,545.764615926276,609.919176135934,677.910032788621,746.985237979569,814.206912621001,876.237308116917,929.261453597078,969.325288961993,992.882565023092
300.078141115221,300.069019288837,300.051683748719,300.025513995302,299.991696672841,299.955162025119,299.926275792887,299.921196299737,299.959607099642,300.059152494251,300.227892221573,300.459349982565,300.737682790474,301.060010161825,301.475971308689,302.131925797003,303.296836921118,305.351866148505,308.753507421441,314.017854457148,321.785389014421,332.976226774089,348.942197738793,371.43729774926,402.263199414156,442.646133143724,492.661799389509,551.093255546502,615.798717384714,684.242517601995,753.765843045675,821.481537056024,884.02357413619,937.496225070973,977.878207779316,1001.60071904622
300.083568537386,300.071673171192,300.049568457459,300.017107473915,299.97634829423,299.933606603134,299.901144511908,299.897271435227,299.943460249099,300.057844583369,300.246753937257,300.49955370663,300.795160912747,301.127637501066,301.550022470176,302.221305217772,303.430540481131,305.579179151632,309.135174017917,314.614181174107,322.653334743526,334.183661615671,350.591503888378,373.67304996032,405.238834787811,446.455480195204,497.283431411031,556.402106715669,621.645561697156,690.541195585064,760.520678413814,828.740931713002,891.800632755076,945.719991471644,986.412947072113,1010.29338305342
300.088504858838,300.073843403122,300.047011596101,300.008377340424,299.96091144096,299.912335330874,299.876783221454,299.874628804603,299.928986632113,300.058312412287,300.267101841345,300.540635692971,300.852920980002,301.195519890197,301.625450495697,302.314591511204,303.571733805587,305.817710494169,309.530991750773,315.22668727103,323.539695748609,335.413599014631,352.269657688072,375.943230155225,408.248094916153,450.286289945546,501.904609247445,561.688224789627,627.45908986196,696.811461869064,767.26058192028,835.989929669695,899.545247761298,953.858284851041,994.794461636243,1018.77957710776
300.09127089432,300.074355438766,300.043732600658,300.000276556615,299.947787134492,299.895175318327,299.858064233122,299.858371322932,299.9203379686,300.062493384583,300.287834348094,300.578661124404,300.90575893802,301.259750342503,301.702011470717,302.415748723062,303.726382783835,306.071320277958,309.939538462522,315.849352177236,324.438774173879,336.666050092926,353.982646639128,378.253647642696,411.288920910303,454.128814428847,506.517734841802,566.955464521084,633.248598811731,703.048744543097,773.951716110885,843.184347037589,907.266600166045,962.055935236799,1003.34774831119,1027.52912641967
300.092666157599,300.073848153086,300.040078241045,299.992733844856,299.936392558485,299.881014977464,299.843457695217,299.846827507938,299.916124696257,300.069747976617,300.309375285893,300.615046719764,300.955508636075,301.321645014496,301.779686916117,302.523342103208,303.892579148236,306.339175177701,310.362017416987,316.484725659579,325.352201834379,337.9397772861,355.726841228483,380.601215710258,414.36160011552,457.985563633095,511.122578571104,572.198349333278,639.010671570764,709.266881694963,780.638640555341,850.393334301429,915.028243579802,970.328099663005,1012.013392894,1036.41944076036
300.093997235143,300.073468688564,300.036873163935,299.986050214982,299.926294967797,299.868541812734,299.830796254275,299.837276240125,299.91369346028,300.078327385295,300.331639395257,300.651623737312,301.005299230976,301.384162050693,301.859557388763,302.635713257339,304.066806379901,306.618365876258,310.798612254032,317.136407524321,326.284283116102,339.235637011264,357.497887434249,382.979299205245,417.462897957659,461.859759418243,515.725732823877,577.420071010657,644.742261069819,715.460503762593,787.317628159083,857.608399313872,922.790864898348,978.571009724929,1020.60464692455,1045.19786412242
300.094460818013,300.072322707147,300.033123353224,299.979215593599,299.916647466539,299.857308100045,299.820240675208,299.830554538706,299.914379663093,300.089618303797,300.355468442239,300.688214380787,301.053913933526,301.445654377636,301.940591100182,302.753299292452,304.250929247124,306.910989925197,311.249979320414,317.802826706239,327.232234186599,340.552036630636,359.29687848944,385.390438410448,420.593383452307,465.747719308674,520.32132329696,582.618356488004,650.44737559702,721.634160377021,793.978502082508,864.783136553543,930.456335401345,986.630657424984,1028.92082586728,1053.63577241071
300.092221373585,300.069218625941,300.028758293693,299.973667395411,299.910601019333,299.852079502329,299.817646886777,299.832605846319,299.922841247832,300.105603657787,300.379344551825,300.720170915666,301.095439634921,301.501838352422,302.022687864926,302.880655640655,304.451578707717,307.221202243464,311.714375406952,318.477230616546,328.189740364792,341.888898827324,361.130438318302,387.841213397998,423.751627329626,469.63997955289,524.901704442668,587.795735583617,656.133458350727,727.782440234755,800.593600020914,871.899638300957,938.095723427311,994.762165122507,1037.44743357537,1062.39894325592
300.088305142488,300.065077469409,300.024484941667,299.969762385088,299.908018756706,299.852124872971,299.821702706358,299.841734097381,299.937406796969,300.125180548546,300.403219492737,300.748646625279,301.13181470386,301.554495645719,302.106427930661,303.016703661704,304.66667743705,307.547478840689,312.192215766853,319.161863660446,329.158985798599,343.246078992588,362.995587094247,390.328066942795,426.936549057463,473.538126912007,529.467579043347,592.950310188306,661.801768623143,733.923116953432,807.212407849534,879.038686488958,945.800802579923,1003.03480509436,1046.20822713157,1071.46840071721
300.084678656451,300.061431722041,300.021042863452,299.967098676338,299.907086867467,299.854143499484,299.827886725435,299.85291837017,299.953713792864,300.14599133783,300.427756513285,300.777358496751,301.168425211351,301.60810716387,302.192783815403,303.157985625683,304.890265814788,307.885548982026,312.684548704408,319.862893267238,330.146360614223,344.623962400604,364.885082844445,392.841959499408,430.145828741208,477.44924511083,534.028204776878,598.082986241163,667.443782032174,740.049712781833,813.836754886499,886.189927558359,953.490760332644,1011.2257759274,1054.80114537872,1080.30256930444
300.080323302902,300.057431531942,300.017902856219,299.965632254176,299.908394152852,299.859429376408,299.838117187991,299.868399082421,299.973794709887,300.16921362175,300.452764710264,300.804697724289,301.202883169946,301.660731596894,302.281500115059,303.30633427193,305.125284001715,308.237393609536,313.190702542245,320.577263191551,331.14885357699,346.022379994031,366.801832885193,395.385471339988,433.37792639758,481.367860552341,538.579628062191,603.196549954449,673.065764349914,746.160402158224,820.447485733887,893.325679748587,961.162106918646,1019.39911627824,1063.38287535118,1089.13269928296
300.074262762081,300.052291667539,300.014637249582,299.965465939438,299.912722855196,299.869508835414,299.854566487146,299.890666825866,299.99989481837,300.196161406031,300.478076756974,300.828938818363,301.232554385513,301.710117771162,302.372077878066,303.463565939588,305.374935147112,308.605470111772,313.710405920764,321.301837694952,332.16284141171,347.440366615315,368.748510255552,397.962198846163,436.632942965275,485.28912786927,543.115590570312,608.288501847499,678.671265201885,752.261120096338,827.051233637423,900.463235266223,968.870810942222,1027.68248412724,1072.16865573885,1098.2426627051
300.067433423767,300.046904442066,300.01202078805,299.967134183759,299.920207254276,299.883965199739,299.876203115018,299.918185111216,300.030314214139,300.225509330864,300.503305133702,300.850936916004,301.259300853498,301.758289142753,302.465568747204,303.629016694307,305.637159891134,308.987734398888,314.243277030063,322.038448235351,333.190931040795,348.878821496455,370.722901816237,400.568125007549,439.908254967563,489.214031797369,547.639451517652,613.361987854653,684.262716754439,758.358372606197,833.664550029976,907.62988521384,976.64255623655,1036.08245876818,1081.13315062008,1107.57839736589
300.060330553343,300.041654612622,300.010236616245,299.970530380614,299.930382710657,299.901957221967,299.901876313335,299.949676756161,300.06394342697,300.25665885042,300.528626660617,300.871662033112,301.284540771966,301.806460009658,302.562310403121,303.801893901155,305.910485337684,309.38311080309,314.789598352727,322.788657707312,334.234732106867,350.337696429695,372.722693962455,403.200216782691,443.202848457179,493.144410007015,552.154046422721,618.41755394054,689.837113686261,764.449571062745,840.292524874946,914.843223302089,984.506911422468,1044.63191573655,1090.3041339762,1117.16046046053
300.053985755372,300.037158416572,300.009183474046,299.974599661793,299.941129490233,299.920388778663,299.927871946765,299.981460930392,300.097999031807,300.288571022907,300.555208276381,300.894186538817,301.312036259768,301.857269231915,302.662292914519,303.979359572149,306.190981876775,309.789376249,315.350803310145,323.556759532615,335.297676897731,351.815989229685,374.742604497344,405.853469485733,446.516874728672,497.085611226028,556.663448790966,623.452125013225,695.388501163171,770.538592606715,846.956577802577,922.124002210223,992.433565672898,1053.18910029819,1099.3970950804,1126.59269314376
300.048010048617,300.03327335783,300.009125228029,299.980105811834,299.953706170083,299.940883124617,299.955916514367,300.015004872983,300.133310106035,300.321179287773,300.5821078685,300.917078064176,301.340552535773,301.910394677134,302.766407621836,304.163098136115,306.480024940942,310.206534580648,315.925344580649,324.340784277811,336.379191222445,353.315154723447,376.784481057319,408.527434085537,449.846846516995,501.03403761944,561.16891184734,628.472555097273,700.921967556254,776.618161910101,853.634949449717,929.457419806623,1000.45902423376,1061.88947550706,1108.66782066953,1136.22273355739
300.041641065554,300.029339305954,300.009610285138,299.986938115145,299.968478239703,299.964366726157,299.987455661653,300.052036779617,300.171441340254,300.355326123959,300.609007420601,300.938852017046,301.368061612453,301.96439425367,302.874868245444,304.355146725056,306.780304749876,310.635879148125,316.511736665803,325.13727588189,337.47679939567,354.836357070198,378.852538698135,411.224683166539,453.189082046019,504.981369884379,565.666072875611,633.487423098578,706.457542698352,782.703727318145,860.318056679539,936.800967760301,1008.52523823824,1070.69429812719,1118.12406567949,1146.10202583679
300.036391162131,300.026623434196,300.011431734636,299.995156932328,299.98452918365,299.988809595587,300.019446880168,300.088957911861,300.209076711287,300.389038427679,300.636160929369,300.962153922753,301.3986426193,302.022810768283,302.988567974684,304.552917621237,307.087191016326,311.074041080022,317.110810785114,325.951082843118,338.595345931029,356.379470494355,380.940546099062,413.938149325348,456.543046487063,508.935165758019,570.162848546589,638.494209400106,711.981337894191,788.785861798752,867.024537901546,944.211260184971,1016.70865730898,1079.65984320039,1127.76925945636,1156.18330190913
300.033210933404,300.025541257586,300.014100139771,300.003109798945,299.998968425414,300.010268916745,300.047397864029,300.121536540953,300.243230863908,300.421455913109,300.665204433865,300.990612583391,301.436452404445,302.088340820988,303.107220811578,304.753151669181,307.396440654785,311.518805885567,317.724244080897,326.786671276833,339.738181926083,357.943206025706,383.043024478561,416.662946912069,459.909586879112,512.901061529046,574.662801860109,643.489437123984,717.48832965383,794.871132074433,873.775629871865,951.697647613685,1024.94320569056,1088.57428981685,1137.21368530916,1165.94030311799
300.029824427634,300.024255463874,300.016593949518,300.010975894251,300.013495345593,300.032081530783,300.076025085775,300.155095133493,300.278555287431,300.455061501047,300.695333913228,301.020148438471,301.475763332736,302.156536719412,303.230486028766,304.960375372137,307.714863711892,311.974323658395,318.34974754514,327.636357429307,340.898559735271,359.528436551211,385.168560730802,419.406910145781,463.285857831224,516.866304353417,579.156984961373,648.480974961241,722.9946466134,800.948518805482,880.492036968811,959.102410023964,1033.04013284727,1097.30017301452,1146.43425378713,1175.45550951068
300.026071362634,300.023087531479,300.020008891044,300.020761989037,300.030949266187,300.057593816961,300.108625999571,300.192193563493,300.316235350406,300.48933494496,300.724532352818,301.04807911845,301.514475935599,302.227009147505,303.360017148455,305.177383093104,308.044576878349,312.440419283931,318.984770438066,328.497149903007,342.075733494415,361.137570565344,387.320279945753,422.169853258422,466.666943947028,520.825745854602,583.647459711511,653.481113317145,728.516952264658,807.030159891905,887.186214342509,966.473056353523,1041.14400439092,1106.14253319306,1155.91700172561,1185.34898895894
300.024381653195,300.023819092593,300.024968841271,300.031475790848,300.048413561368,300.081958362787,300.138893427401,300.226126113644,300.350745918447,300.521651672271,300.754235433938,301.079683704563,301.559647070694,302.30513983709,303.49630330172,305.399008503564,308.377769310553,312.912217533632,319.631647940587,329.37743306801,343.277107456233,362.769375327941,389.488046834295,424.942000025279,470.054647414021,524.792697807144,588.14428587634,658.480542243439,734.030271225427,813.103257451794,893.889114652946,973.882199536649,1049.31208222139,1115.05370646598,1165.45181508222,1195.27343101261
300.025272406794,300.026230452642,300.030049672588,300.04023284268,300.061591566489,300.09988832298,300.16135252111,300.252308053391,300.379498604257,300.552165620267,300.787304066507,301.119456224035,301.615461450734,302.39273674828,303.637711510549,305.621071465932,308.710433735935,313.388883413005,320.293605344177,330.282025073512,344.504545213279,364.42043711842,391.665723241304,427.720644546371,473.453260107562,528.773790745219,592.647169916139,663.469604563754,739.526489615497,819.179503830117,900.629205890474,981.32489626563,1057.40716965014,1123.66239330559,1174.3947924384,1204.38035292157
300.02499568444,300.027485408103,300.034055467269,300.048149911153,300.074390897596,300.118141527391,300.184990174438,300.28047166426,300.410705131542,300.585044133754,300.82208421168,301.160097529531,301.67184114857,302.481901707252,303.783295875603,305.850896701369,309.054031853143,313.877963691729,320.967822780933,331.198782596811,345.746387217737,366.090447935627,393.865915399891,430.519531019588,476.86216846687,532.753032037025,597.1420567149,668.453554843349,745.022534256937,825.247637385581,907.331069453051,988.680162715625,1065.36393461936,1132.09909806391,1183.15507144286,1213.30776001953
300.023160263674,300.027833552757,300.038280230578,300.057781222711,300.090574205577,300.141314348394,300.214538882621,300.314561328098,300.446588429314,300.62017514312,300.856188359894,301.197874632075,301.725347906166,302.571224032213,303.934536045367,306.092116997819,309.412080761727,314.380333572591,321.651646642631,332.123480563857,347.000333768802,367.781384416014,396.092954356941,433.34043518061,480.278023934051,536.724689765491,601.627814922155,673.439241703738,750.527432105097,831.312170562088,914.003821160463,996.006923273126,1073.37046983159,1140.75916158908,1192.35942582593,1222.85131370286
300.024334194677,300.030943996662,300.044724631579,300.068675496824,300.10658663369,300.162499150847,300.240239212637,300.343504999809,300.477338391948,300.652080671978,300.890857296359,301.240939661827,301.787983904162,302.670722099172,304.093490069616,306.336681493575,309.770871072917,314.886220914898,322.347581132065,333.07027190812,348.280842579786,369.493818661845,398.330780609995,436.164764912856,483.699278086921,540.708584476439,606.124886039005,678.422039926183,756.011760172274,837.358106796412,920.694361976313,1003.41187544032,1081.50509282817,1149.55452239756,1201.66418068742,1232.4529998121
300.027442400547,300.03554142016,300.051852333712,300.079121292336,300.120785859826,300.180477310507,300.261647780868,300.367819631665,300.504296694434,300.682413323722,300.927299651796,301.289399646419,301.858629723735,302.778685029831,304.259036509774,306.585008911037,310.13226509393,315.397562126861,323.055805625105,334.037054764793,349.585055772791,371.226988468522,400.581751776069,438.995873372575,487.126249267271,544.699793123238,610.627362827272,683.400557936551,761.48108480656,843.388503899481,927.387098366153,1010.84835779254,1089.69163522051,1158.39494491982,1210.98255989228,1242.03590810813
300.031540653591,300.040649636656,300.058682395182,300.088234321023,300.132556064614,300.195103493039,300.279240588402,300.388600753153,300.528939578007,300.712553829566,300.966220670584,301.342877752688,301.93589291684,302.89340230216,304.430203403023,306.837681436782,310.498241182931,315.916390779296,323.776757178992,335.021873002339,350.9099205912,372.979384033082,402.847645114391,441.8374342049,490.56062653105,548.695406704799,615.129017691095,688.371398351625,766.938908022653,849.411723111497,934.082955914903,1018.29019749141,1097.85874553718,1167.1575509044,1220.14748992633,1251.40618454586
300.035770164112,300.045552128663,300.064764739731,300.095961601082,300.142357959049,300.207412930109,300.294577278768,300.407717519667,300.553054986947,300.743704509968,301.007787091956,301.40034918775,302.017905665518,303.013009050049,304.606182212733,307.095585896055,310.871020296385,316.444905467881,324.510885617745,336.022814190634,352.25223872918,374.748903841121,405.129384084476,444.692956375865,494.005160234532,552.694381622441,619.623707508778,693.324848532245,772.373672521272,855.413878615258,940.761910073247,1025.70742638261,1105.96697397779,1175.79806112769,1229.11586252429,1260.52379911957
300.040628257345,300.051179517374,300.071692214712,300.104599647527,300.152997420801,300.220291821245,300.310035717107,300.426452263312,300.576466528058,300.774316467362,301.04971970893,301.459859088592,302.104085395423,303.138737981833,304.789412397812,307.360829027028,311.250803720041,316.980958654879,325.255182182801,337.038561593129,353.614116528177,376.539622206744,407.428723778086,447.55845007817,497.452524737535,556.69330747688,624.119865719948,698.278831307964,777.797178886368,861.378497472705,947.369532370322,1033.02732789767,1113.9748900514,1184.36236121529,1238.04741621975,1269.63772493138
300.047230064766,300.058236321002,300.079463717326,300.113215976298,300.162509838124,300.230836257629,300.322119117071,300.441330406705,300.596527954223,300.803354959833,301.093021579291,301.524189980857,302.197896035835,303.273098785346,304.980033123339,307.630944488457,311.63393456288,317.522231061362,326.010526570293,338.072740767753,354.998845204222,378.351250764935,409.741434516687,450.429291358415,500.901676962593,560.695779680703,628.620678433255,703.231888041071,783.205696125917,867.309025509823,953.922028394237,1040.26617636394,1121.86269371743,1192.75090242565,1246.74156676644,1278.46888563986
300.055076307516,300.065971092463,300.086952715208,300.120309801482,300.169169685209,300.237383035462,300.329589969446,300.451864713111,300.613645105543,300.831961405606,301.139096062649,301.594352526828,302.299434023305,303.415211759269,305.176734279242,307.90511833591,312.020807734346,318.070114633183,326.77820658034,339.125159978148,356.404471293337,380.181519639451,412.06725291243,453.307784612877,504.355617804354,564.70061459725,633.119150693089,708.174350813455,788.593905126475,873.208824847293,960.42308024731,1047.40099180921,1129.5416389873,1200.77727945857,1254.9092960129,1286.65520660345
300.061776597141,300.072142164806,300.092277822912,300.124690188342,300.172892345648,300.24133497752,300.335484655748,300.462412169145,300.63257535868,300.863858569848,301.189118306773,301.668144484796,302.403728957677,303.559605998162,305.376682752454,308.185319806257,312.417504367672,318.630946428431,327.559784299988,340.190538474653,357.822277778222,382.025557392703,414.410298401786,456.204591457471,507.821387776497,568.702785838129,637.598359493137,713.087814449837,793.952926172722,879.076937522467,966.862036759671,1054.38694550679,1136.91727903913,1208.29992384537,1262.37905688193,1294.01351701709
300.06487281466,300.075349578184,300.09585329527,300.12915543358,300.179099091833,300.25047194421,300.349024686561,300.482031873383,300.660143936178,300.901647662041,301.240415023656,301.738367461056,302.501944626493,303.700075840346,305.579899385129,308.478298321182,312.833617227328,319.210523352364,328.352482937913,341.258853756599,359.242979697507,383.883351690167,416.780601626132,459.13032605688,511.298330157072,572.688443757511,642.042616456004,717.967013111508,799.283670593941,884.899640037305,973.199340957433,1061.194725649,1144.06787914156,1215.61985645945,1269.72684739508,1301.33052696808
300.069052241738,300.079998541869,300.101393741266,300.136088774873,300.188040962116,300.262193417623,300.364512474534,300.502599984177,300.687639618526,300.938816885885,301.291486868918,301.809887034579,302.603791878532,303.846543056874,305.790645296591,308.7791268009,313.257284135867,319.798104067828,329.155489345737,342.341468313423,360.681630430986,385.759686805444,419.165686225025,462.064238778644,514.777476513743,576.672921612492,646.483484255216,722.836424398268,804.589857319958,890.672339493183,979.449796236898,1067.87030388319,1151.03408464107,1222.70268854257,1276.79274371406,1308.33703758705
300.073423991747,300.085076919337,300.107751722506,300.144312356906,300.198736764508,300.276010693965,300.382209661036,300.525196861541,300.716716491106,300.977016149675,301.343239657882,301.882314888389,302.707645032533,303.99698273442,306.007785188457,309.088493990855,313.690761558883,320.395885285785,329.969068027204,343.436142197882,362.135146604444,387.653415177511,421.5675860251,465.009471717957,518.259205678922,580.652163939791,650.914773312381,727.692628147515,809.871492589172,896.395301837072,985.615338053107,1074.43165008069,1157.88410823137,1229.7034578422,1283.83232816481,1315.36470608566
300.077133957481,300.089665017489,300.113950862993,300.152891421016,300.210481013106,300.291687788952,300.402553727356,300.550986072465,300.749054940866,301.017940999518,301.39670614265,301.955458252735,302.812001120617,304.149221878924,306.22969152115,309.406493662975,314.136076516962,321.00663333336,330.794604361466,344.541350202701,363.599726007774,389.561453771576,423.986947824382,467.970669744743,521.747665644912,584.623722365914,655.32454617832,732.518258056923,815.118658821223,902.081959581735,991.748496562384,1080.97939746243,1164.76756401865,1236.81384732435,1291.06836084042,1322.65353596596
300.081816178368,300.094987852837,300.120477655666,300.161265014643,300.221443470106,300.306093071004,300.421397030599,300.575493347975,300.780914513747,301.059765226062,301.452798919022,302.032862020162,302.921661869329,304.306968117493,306.456760587557,309.729637263437,314.587879266012,321.626931701914,331.633557672264,345.662669003772,365.080398917151,391.483178158978,426.417325106713,470.941096920612,525.242936866037,588.593730032087,659.715988434038,737.305850261568,820.316872759375,907.728641140756,997.863105875578,1087.5172816835,1171.60468159869,1243.78788852973,1298.05170205182,1329.59922369832
300.086781620783,300.10057060375,300.127230596086,300.16983536919,300.232598836847,300.320740700721,300.440613970024,300.600614975257,300.813752594195,301.103054457905,301.510947488123,302.112993812208,303.034803568052,304.469067561106,306.689256300191,310.05958554545,315.048168204568,322.257611906484,332.484680106235,346.797543938248,366.575558007709,393.41948388619,428.861251485157,473.921960842422,528.74200850592,592.557111330013,664.087460310083,742.059745388574,825.469588067863,913.318121390741,1003.90248761693,1093.94597624589,1178.27585168531,1250.52117983641,1304.72097142424,1336.18037090832
300.09154592875,300.106324924163,300.134777526156,300.179984230164,300.246145992491,300.33844970382,300.46323033755,300.628990554349,300.84918082295,301.147916290341,301.569703525255,302.19340809169,303.149081782653,304.634507989988,306.928170938454,310.398829393678,315.519317548535,322.899059766061,333.345868200481,347.943061406115,368.083998034469,395.372294404768,431.321588853409,476.913047688685,532.240164236331,596.508846093111,668.441457425467,746.79237049958,830.589567324897,918.848132992436,1009.84544058892,1100.25197087897,1184.83684359966,1257.20609082974,1311.42988248165,1342.87313786618
300.096556872635,300.112500953689,300.143034219505,300.191198358774,300.261118803401,300.357874581137,300.487713701695,300.659206529751,300.886266114077,301.194203675995,301.629804059578,302.27547907323,303.265919042959,304.804026183444,307.173072152646,310.745956712513,315.999840335772,323.55089759006,334.218338916093,349.101005953881,369.606409256283,397.340026372467,433.795440291525,479.912700212737,535.73886990439,600.452106475934,672.777186113203,751.496325419554,835.66979091069,924.329028543714,1015.74190366502,1106.53957492323,1191.44272192015,1264.02752408826,1318.37150879059,1349.86607216161
300.102981881575,300.11989454048,300.152143450164,300.202729120875,300.275735344086,300.376235946919,300.510582303133,300.687674751037,300.92215924637,301.240689494909,301.692193222676,302.362131352321,303.389073252902,304.980383226699,307.424095264616,311.09814016977,316.485591571048,324.210567873655,335.103272239013,350.275807397168,371.146641922503,399.322044633529,436.277551724208,482.915423956946,539.237859372156,604.391070926011,677.098482112575,756.168839172821,840.703577883053,929.764809602689,1021.61700812065,1112.8445987748,1198.0979920333,1270.90569961702,1325.35476658364,1356.88118878989
300.110203075346,300.127868055371,300.16146690294,300.214006251699,300.289608489872,300.393459560422,300.532163534276,300.715108504675,300.957784193197,301.288185137668,301.757208944639,302.453013367773,303.51762637754,305.16260497137,307.680870451782,311.456002029659,316.977860336623,324.879035241713,336.00034781944,351.465759186025,372.703064633313,401.318312260091,438.769613756895,485.922666996653,542.73526270136,608.320674771213,681.399284483011,760.808355750162,845.69492575251,935.156219187656,1027.45355042327,1119.11485800276,1204.70787186671,1277.7102491944,1332.2251265254,1363.75212049949
300.118068488443,300.136435903207,300.171288994361,300.225636354593,300.30364716868,300.410652535335,300.553578458075,300.742406154655,300.993593539296,301.336572274246,301.824220964905,302.547256580106,303.650903111222,305.35059201035,307.943973882927,311.820487787962,317.477293438384,325.556140608102,336.908613599762,352.669822925442,374.275405284853,403.329603796152,441.272350598225,488.93375271034,546.228535059391,612.238252303473,685.679536763569,765.416287135398,850.640323277463,940.485038635611,1033.21110045665,1125.29196189468,1211.21491389006,1284.40476979656,1338.9819675602,1370.50892296601
300.126183088825,300.144986451762,300.180676107303,300.236366166311,300.316409800466,300.426437455385,300.573830182669,300.769234890801,301.030037903839,301.386934916171,301.894500456573,302.64572889087,303.788873530073,305.543387340966,308.212079173491,312.190798376714,317.984340166903,326.243341122864,337.829394034511,353.887772580665,375.861529454569,405.353342049271,443.785314440019,491.951328180116,549.72077273464,616.14183966229,689.928349320297,769.975557001086,855.526486391302,945.752143963189,1038.90268151227,1131.38049180477,1217.57540696949,1290.86376936592,1345.40798404801,1376.86571980557
300.134817140845,300.153661761753,300.189551494588,300.24583157742,300.327218465772,300.43985649723,300.591799456167,300.794511775146,301.066325827631,301.439013359284,301.968444374405,302.749363771845,303.932652858456,305.741755323855,308.485188838039,312.566140500604,318.497905909734,326.939992182793,338.762859814528,355.120426339948,377.462011755021,407.38927817351,446.307442633576,494.973986322806,553.210671100424,620.029641760377,694.143158685482,774.48539364705,860.357581312573,950.964064674948,1044.51932442777,1137.31219539707,1223.60652710102,1296.74586521705,1351.00042180622,1382.20926856865
300.14162444632,300.160980352308,300.197931695509,300.256049474623,300.340338193369,300.457259385716,300.615189416606,300.825948428023,301.108374981029,301.495152836101,302.043834469534,302.85199035806,304.074633544652,305.940411734822,308.763482252177,312.952500699027,319.026153713804,327.650614297784,339.706087176075,356.359051137527,379.069688760726,409.438240466718,448.84683220562,498.007833990397,556.6950690733,623.893941582835,698.327981672849,778.97140842905,865.16553636692,956.118923447267,1049.99266131898,1142.97819928431,1229.25853930889,1302.18695931413,1356.14642242666,1387.12520929476
300.145856358225,300.166772122164,300.206618374738,300.269057285295,300.359100054461,300.483040375477,300.648890370522,300.868044253519,301.159247146886,301.556080238004,302.118742950731,302.949656265876,304.210481282162,306.136771738177,309.047682189107,313.353699346322,319.573738456805,328.377386825405,340.65673110835,357.598380856403,380.680513431015,411.501363321861,451.408720781842,501.057214488303,560.171338842094,627.72574747805,702.474706417075,783.43342898802,869.958412988503,961.229891000435,1055.3538125572,1148.4733246549,1234.76890066405,1307.64018382423,1361.53115962987,1392.46582677472
300.152195245122,300.174967961594,300.218106361403,300.285157671451,300.380915704849,300.511348394026,300.684104993653,300.910393688968,301.209344383398,301.616031311937,302.193750675497,303.049757336385,304.351678264866,306.340809162647,309.340262598198,313.762270560678,320.127262478289,329.110330983735,341.616689973235,358.851967234866,382.308786414331,413.579819153207,453.977675049796,504.103201334804,563.636347339097,631.542340144698,706.601463365348,787.864449666637,874.702057096062,966.274754715989,1060.64615296273,1153.92336813586,1240.28310773684,1313.15810988789,1367.03542635717,1397.96073864852
300.160427110911,300.184588931369,300.230211966327,300.30080828916,300.401103278503,300.536975438169,300.716031864145,300.949643769985,301.257588660476,301.676436729823,302.272180786154,303.15607203502,304.500702384968,306.552442192222,309.638661743776,314.174805378649,320.684848223851,329.850569907817,342.589262468733,360.122344743002,383.953633541259,415.669373912274,456.550405229121,507.147035757687,567.094636052444,635.343631320697,710.695543235714,792.239590000579,879.37381799824,971.252317502805,1065.89322231469,1159.33914212914,1245.72861717121,1318.51540774995,1372.25796349312,1403.07888182639
300.16916706578,300.194313790856,300.241783366364,300.31519860356,300.419414303209,300.560442006216,300.746043350893,300.987860849985,301.30626278695,301.739063013513,302.35452292397,303.267446369161,304.655130932654,306.769195410658,309.941881592048,314.592674641229,321.249567470754,330.600682424281,343.574278944111,361.406230305186,385.610908478247,417.769052832036,459.130090465033,510.193303766436,570.546674685853,639.123177318879,714.748957392858,796.559001589734,883.987044375552,976.176569075567,1071.07876696187,1164.63581279618,1250.9222992769,1323.4258790757,1376.83027650115,1407.40286428433
300.176154334406,300.202647063334,300.252656590146,300.32995811246,300.439519163543,300.587345034393,300.781042958612,301.032061024955,301.360864178755,301.806231094328,302.438948586733,303.37834754654,304.807966778812,306.986030594291,310.249847537782,315.021233297142,321.829075162188,331.365207649842,344.569159316037,362.69524036072,387.27334394384,419.879161749735,461.724791784694,513.249158261532,573.989908805476,642.870957961259,718.755840732264,800.832892760204,888.5599511054,981.044412951773,1076.14777467809,1169.7150997711,1255.78991315966,1327.93154450589,1380.96189725483,1411.27962461676
300.182145918146,300.210737331291,300.264567371808,300.347418007486,300.464126875665,300.620343613268,300.823094931539,301.083218185021,301.421040700514,301.876469444239,302.523541525892,303.487353876387,304.959022974482,307.204116472294,310.564324605548,315.461556872801,322.42284355136,332.142312385159,345.572387583638,363.98981369026,388.943161520908,422.001451761255,464.332541761113,516.309337656496,577.420506974836,646.591827501698,722.734714509259,805.088221478111,893.115604754127,985.865050781254,1081.1054460178,1174.61646466592,1260.4601348512,1332.29461812005,1385.05461146078,1415.20809985255
300.189109022118,300.220341694775,300.278839927278,300.368186235872,300.492825495517,300.657784459989,300.869313528788,301.137614802392,301.483098915653,301.947280757516,302.608078012792,303.596895807589,305.112566675586,307.427490406979,310.886719261655,315.911208980112,323.025752479744,332.92773475385,346.584044984198,365.294865847253,390.626059949645,424.136734290747,466.947335195182,519.36537744297,580.836209347652,650.292807394721,726.69431348837,809.322157048685,897.633890726063,990.617103213368,1085.96537202332,1179.4286861235,1265.11774919498,1336.78552174323,1389.43651338874,1419.54414528806
300.197824212102,300.231796321493,300.295066858118,300.390913526719,300.523285863948,300.696536449354,300.916194823266,301.192026327748,301.544852600559,302.018152729383,302.693938885539,303.709784508228,305.271670271631,307.658007425737,311.216570276959,316.367539020061,323.634620136924,333.719945410357,347.60555111952,366.613718291538,392.324447807204,426.283758321248,469.565054742961,522.414083219851,584.237400423779,653.976053212013,730.631931681454,813.522245823889,902.098798604487,995.301208347036,1090.77220334897,1184.25438339056,1269.91442865813,1341.57710386488,1394.27234280202,1424.43610406006
300.209956362334,300.245787152429,300.312284186293,300.412530142815,300.550219392473,300.72945995472,300.955689320131,301.238972827188,301.601153169024,302.087792230781,302.784244892609,303.832531188869,305.443531328878,307.900010163761,311.552846524895,316.824439091751,324.241969111807,334.515422162232,348.64032411079,367.954232883286,394.043683742897,428.440006463531,472.176968379826,525.448876230094,587.626945457114,657.649190039086,734.547570775946,817.675121140985,906.498689686287,999.936184252028,1095.58130334163,1189.13018709056,1274.74007581605,1346.27891432512,1398.84272575021,1428.91859647651
300.222058279976,300.259272550871,300.328266247002,300.432129843696,300.57456427622,300.759702288149,300.993095421317,301.28516499772,301.658599101563,302.16063266473,302.879399685309,303.960877981564,305.620719726536,308.146496694438,311.89311627914,317.286136351475,324.856588473071,335.321474602296,349.688103680057,369.307725603219,395.773255697299,430.602503228431,474.791053520188,528.482165908056,591.007973607787,661.30130075743,738.424596463297,821.772613974527,910.834883985477,1004.50985036127,1100.33177000007,1193.9253050241,1279.42278901864,1350.73781202613,1403.06156595658,1432.97063640398
300.232566618187,300.271341636498,300.343221829575,300.451393794877,300.599620635137,300.79201754678,301.034049643375,301.336120835107,301.721308245044,302.2381605791,302.977635453564,304.090314370283,305.797832286504,308.393826825024,312.237669622355,317.757056681781,325.484388792966,336.141290373713,350.746519905267,370.66758043802,397.507507957498,432.771870677587,477.41412944394,531.51936425669,594.377829252592,664.922260451076,742.255821522678,825.822199338301,915.130329041343,1009.04126429704,1105.01217187704,1198.59650626048,1283.91900416257,1354.96310037835,1407.0242786907,1436.76205594067
300.242506320625,300.283471190511,300.359293607211,300.473116452531,300.628549892331,300.829404471221,301.080735381543,301.392651188825,301.788505843776,302.318365585072,303.076600521295,304.219316540958,305.975019168494,308.643782097485,312.588823881622,318.23835726687,326.124311126847,336.972195450543,351.813360371351,372.034218207102,399.249378624914,434.950752466878,480.044737479765,534.554986738559,597.731965924081,668.514831286592,746.054401730195,829.840915387636,919.388729228236,1013.5116630952,1109.59580191859,1203.15246762883,1288.3342000355,1359.20516585881,1411.13140437969,1440.7975198843
300.254191119082,300.297433553618,300.377278586488,300.496717216062,300.659102808072,300.867900584366,301.127836199371,301.448956726418,301.855255519126,302.398690224024,303.177216173165,304.352216878726,306.158376582726,308.901272323798,312.947399253786,318.725839073422,326.769481900504,337.80933987267,352.889904067533,373.414534898154,401.005981447237,437.139163955708,482.674841073032,537.579571476694,601.06842692275,672.087572757019,749.829445723194,833.825173744422,923.594779102944,1017.91367072897,1114.10946630291,1207.66163073765,1292.74803689911,1363.4987194919,1415.33612021822,1444.95878355657
300.267211908098,300.312535820611,300.396055360584,300.520630708257,300.689414613301,300.905636851376,301.173862454473,301.504292709655,301.921754770352,302.480168338044,303.280908271087,304.490183336271,306.348227682783,309.165606138577,313.312100510535,319.218473981456,327.419890749867,338.653789088982,353.977357267982,374.808680097268,402.775542218991,439.334964924894,485.30329159496,540.594272341615,604.390287991928,675.642339634185,753.581031976967,837.774135083903,927.751678568444,1022.25923951595,1118.5758499479,1212.15047963106,1297.17838024512,1367.84286453779,1419.61369138744,1449.20263997032
300.281096666811,300.328361242658,300.415316832359,300.544723377304,300.719589590717,300.942996864147,301.219470388257,301.559494268332,301.988830412876,302.56336616358,303.387762107738,304.632745084223,306.543705414678,309.435947771452,313.682629488012,319.716755197321,328.076524986215,339.506401341868,355.075646149683,376.215443175239,404.556723663519,441.537330166768,487.930618524346,543.599738521298,607.696433327236,679.17580934164,757.302790608782,841.682402454887,931.856536345719,1026.54890051651,1122.99958350757,1216.62964749413,1301.64697564614,1372.2755890043,1424.02011866645,1453.59968259204
300.296575864524,300.34533362684,300.43495728166,300.568186774646,300.74803743458,300.977680774232,301.261921102978,301.611873139721,302.054487213035,302.647603817903,303.49872587456,304.782222475571,306.747570595579,309.714131123788,314.058786176232,320.21838022296,328.736405356017,340.36549409622,356.185855171788,377.6378486311,406.351590928629,443.745209714,490.552954416708,546.592990415317,610.987681071003,682.690860076499,760.995813858033,845.543467439974,935.898968460561,1030.77869364955,1127.3832932516,1221.08669541942,1306.07731321485,1376.60658437454,1428.23558420582,1457.73313566318
300.312254046054,300.362220576723,300.454076603451,300.590667446328,300.775175072163,301.011032393811,301.303462090659,301.664257447579,302.121471223424,302.734664548089,303.613837317945,304.936679331883,306.956628339492,309.997294665882,314.439825489999,320.725484578682,329.40338749095,341.233893412734,357.307129324187,379.071513497534,408.155695141138,445.95804906285,493.174521741056,549.578803249071,614.263291891086,686.180109284514,764.652492664325,849.361344834834,939.898399533425,1034.96708837099,1131.71771665622,1225.45860853831,1310.34819465475,1380.67621590971,1432.08539957083,1461.42892542715
300.326552762609,300.378177371419,300.473082855537,300.61420569539,300.804817857168,301.048428049521,301.350361266335,301.722680917236,302.194165882017,302.82596758301,303.730939280185,305.091037724365,307.164974891845,310.281641973815,314.826321156366,321.24305866312,330.083769381508,342.114749626034,358.436546014843,380.509159072365,409.963164309384,448.177045099591,495.802946946315,552.563314877405,617.519988707404,689.631095438054,768.261078922886,853.133357535071,943.855151476339,1039.1019211278,1135.96766741346,1229.71564504225,1314.51191673737,1384.6996143046,1435.98341042754,1465.25049455335
300.342381329396,300.395660783379,300.493562915864,300.639054599085,300.835452437655,301.086351842176,301.397284962621,301.780801189461,302.266695042529,302.917954632626,303.850346623583,305.249784008837,307.379616639797,310.57326730509,315.219828580161,321.766544204213,330.769426439916,343.00192170409,359.575129142165,381.958811366419,411.782470810751,450.402916906608,498.429000384499,555.535301164399,620.755255862959,693.053595919475,771.832494085933,856.857176073088,947.753726966624,1043.17267638792,1140.15230797916,1233.90344502847,1318.58502754188,1388.59073053158,1439.69831058106,1468.85062752609
300.359818979614,300.414321381671,300.514484909466,300.663392763289,300.864555683431,301.121881533298,301.441402791383,301.836464466923,302.338088100556,303.011080891416,303.973712285921,305.415102018794,307.602291896332,310.872644521874,315.619303719127,322.294040086983,331.458791527263,343.895238245315,360.724138109476,383.422053296871,413.614097902811,452.634054293205,501.050404800338,558.493443887596,623.970207397885,696.448601260532,775.367040889773,860.533747550479,951.597862956092,1047.18744130406,1144.26896567152,1237.96943723889,1322.41776508023,1392.06537748752,1442.80788279316,1471.71018560298
300.375711414008,300.431917259316,300.535222229636,300.68881882752,300.89633549069,301.161794173873,301.491381344217,301.898773947435,302.415785033143,303.108865753107,304.099170750101,305.580051806624,307.823729672818,311.172666575696,316.023973627475,322.832135019399,332.162020549827,344.801329270307,361.881168275879,384.888426635245,415.447671680144,454.86941876055,503.676036172956,561.447688702324,627.165672096494,699.810618809003,778.866567210238,864.183362702503,955.415747230063,1051.14522189832,1148.26506481978,1241.8519941551,1326.05514838011,1395.40785109715,1445.89769246065,1474.64637384506
300.392762850922,300.451015600434,300.557985336654,300.716826777364,300.931106673992,301.204798193999,301.544149205213,301.96322037599,302.494845541369,303.207513120236,304.225683995082,305.747199908495,308.049299285814,311.478963798349,316.436452874155,323.378281183818,332.872559618974,345.714027167884,363.045321586149,386.363697690336,417.291165198716,457.111794275002,506.29974716315,564.387622217161,630.336493776634,703.144479981527,782.341328119051,867.810990238595,959.202680912936,1055.04720491606,1152.17385054927,1245.63158663012,1329.6132661873,1398.73523893237,1449.05154400398,1477.7065473029
300.412246556436,300.472394780678,300.582701603463,300.746219151571,300.966425589852,301.247313676963,301.595414315803,302.025553467799,302.572054674317,303.305800032377,304.354541378101,305.919987393432,308.283234075746,311.794506160892,316.856648786804,323.929237974647,333.585788028811,346.630530340844,364.217888481472,387.852504453094,419.148485258989,459.360189501023,508.916095999029,567.307765877367,633.482713907438,706.456306463767,785.796778284712,871.413612079527,962.949559681933,1058.89233875379,1156.02076715147,1249.36387051113,1333.14973249985,1402.06623171102,1452.22583349619,1480.79404911154
300.434210809377,300.495763302254,300.608533999101,300.775518081013,301.000226494782,301.286913639646,301.642773528059,302.083870116662,302.64644920031,303.403948237778,304.48703967999,306.100285043243,308.527164549213,312.119912964388,317.283900501741,324.483327905567,334.300154443721,347.550395391882,365.399867157937,389.356203985511,421.020235316408,461.613685075541,511.522972031364,570.20701588664,636.604740823222,709.747409296692,789.233069595036,874.990679839843,966.658207377164,1062.69007391663,1159.81859586526,1253.04356604696,1336.61200627993,1405.27281651569,1455.20904294501,1483.63790464845
300.456683171414,300.51933492819,300.634094450706,300.804020719597,301.032817416608,301.325171610495,301.68908486186,302.141928412609,302.721823994831,303.504571880919,304.623477116378,306.28563860097,308.776740252728,312.451071538539,317.716798789087,325.043233229821,335.020992871933,348.477918649067,366.590586395125,390.868956496222,422.899554762706,463.870796483922,514.126793528916,573.093897790379,639.704176148629,713.005453849426,792.629157241729,878.524919168638,970.324507618215,1066.44314151713,1163.55904481605,1256.63691288371,1339.94383346019,1408.2969657911,1457.96264816996,1486.2213446138
300.479414698498,300.543187012333,300.659989925221,300.83296786343,301.066036612344,301.364325523945,301.736634445685,302.201617388923,302.799229713076,303.607620288757,304.762752237873,306.474347163705,309.030411956898,312.78733714297,318.155957589227,325.610436112494,335.749723615783,349.413342034582,367.788950546415,392.389104305712,424.785387044186,466.13180397097,516.728404275876,575.968621864199,642.779055402992,716.228799646678,795.985794622151,882.019873578588,973.951297650843,1070.14779386192,1167.22874553304,1260.12995485601,1343.14895191867,1411.18233905008,1460.57920624955,1488.67325145327
300.503126323072,300.567895511756,300.686528090054,300.862277160321,301.099316958911,301.403296362514,301.783925148297,302.261269626185,302.877237162528,303.712369239095,304.905179200905,306.66775342283,309.290004025781,313.13007111961,318.601448176461,326.183449747006,336.484169909776,350.355344442119,368.995579795335,393.918585467237,426.67936125039,468.395967032718,519.32482031385,578.828019509865,645.829780187188,719.420365909176,799.30442699615,885.470779197839,977.526443900714,1073.79002886249,1170.81843069753,1263.51211656588,1346.1978749736,1413.8563701028,1462.92970589997,1490.82288659427
300.526618610703,300.592632870086,300.713538374203,300.892678402741,301.134437100251,301.444886720627,301.834503681343,302.324590762995,302.958872638121,303.82026568129,305.050048908489,306.86309212684,309.5517908739,313.476385319518,319.052817245214,326.764780467127,337.228300519365,351.306727624909,370.209756577437,395.453498277346,428.577144628393,470.661864455852,521.918355341131,581.676536827768,648.859897850177,722.585019462737,802.595971922477,888.896951372795,981.070567659946,1077.37694228695,1174.31579462614,1266.78024054197,1349.15503894694,1416.5101516259,1465.35732112085,1493.1250153609
300.552116762022,300.619182342582,300.741985126797,300.923935295003,301.169645260047,301.485714464674,301.883605541842,302.386195878728,303.039382088253,303.928684592992,305.198002158694,307.064373512312,309.821607566372,313.831061561613,319.510944432888,327.350365329631,337.975408985205,352.26262304298,371.432546904447,397.000546415659,430.485246751958,472.929416340221,524.501104420258,584.50504306149,651.868111020973,725.731912974619,805.872675368488,892.301143929445,984.576664265291,1080.90759214757,1177.74591348874,1269.97423314875,1352.02707099009,1419.05593438768,1467.64387717778,1495.25873806043
300.578028379467,300.646226080671,300.771071536672,300.95604258643,301.20596927772,301.527963827873,301.934445011422,302.449832064331,303.12218278127,304.039630281281,305.348769020781,307.268904367925,310.095372056325,314.190664265728,319.97508124471,327.942930460938,338.730095302256,353.226273306988,372.662983471264,398.554598035036,432.398638510315,475.198160434894,527.077975168202,587.318556776925,654.854499357635,728.854782337585,809.126649460828,895.6838751794,988.052401281921,1084.387553822,1181.10424349671,1273.09988091485,1354.87792034802,1421.66972513499,1470.10177837624,1497.64066599299
300.606363230474,300.675265210224,300.801384570359,300.988293595568,301.241144991451,301.567774642627,301.981918734078,302.510001437292,303.202661038744,304.150814041119,305.503394448601,307.48094283046,310.378892805837,314.559691010259,320.445737381978,328.538232468786,339.48573704042,354.193387538783,373.902611916976,400.122334899421,434.323497884487,477.467570540472,529.641372065806,590.109919030639,657.819140404849,731.961236541598,812.36549410101,899.041264962716,991.48739424901,1087.81771610867,1184.41796590266,1276.18966770217,1357.6819199019,1424.19206219228,1472.40162513243,1499.80909978414
300.635541530641,300.704792852351,300.83161560594,301.01979510581,301.274968418209,301.60590132311,302.027846451946,302.569370867601,303.283721906482,304.264429990295,305.662376128563,307.698861657337,310.668949634537,314.93491258557,320.921643549439,329.138093081607,340.246397496263,355.167229039579,375.151011170045,401.699155811055,436.254385481964,479.736541789193,532.196071663858,592.885161300585,660.763022714706,735.043238998853,815.576575412339,902.366986101934,994.885754967156,1091.20636454743,1187.6792175396,1279.20091165743,1360.36013988704,1426.52325023282,1474.44223149643,1501.67081890797
300.664390376537,300.734260504047,300.862269337784,301.052398291524,301.310720767723,301.646823574646,302.077313841394,302.632710239914,303.368695036917,304.381390745501,305.823847852325,307.918608954587,310.96100003874,315.313515359965,321.403358448892,329.74634292206,341.016764800418,356.150008084862,376.405881463764,403.279790269132,438.187207758312,482.005701080276,534.747212638855,595.64859163444,663.683967785803,738.094232901754,818.755001411574,905.662591944939,998.252431362965,1094.5485906439,1190.87279104163,1282.14046083071,1363.00658559505,1428.91023151883,1476.64851647227,1503.7804642848
300.695082887189,300.765313158434,300.894040705084,301.08545584323,301.346129451271,301.686615211893,302.125108546077,302.694391065426,303.452881137153,304.499402652173,305.988944931585,308.144602073859,311.26098447108,315.700037299005,321.891273546887,330.358457739864,341.790080002032,357.137515885487,377.669003128281,404.870868620747,440.127905441945,484.274213938553,537.286850748784,598.393143600648,666.583873799362,741.123327468193,821.905272531236,908.916464073427,1001.5633693884,1097.83210470723,1194.02160067896,1285.05545867421,1365.63292109582,1431.25245032012,1478.76418178737,1505.76018268146
300.726094867495,300.796439561372,300.925518645199,301.117857416315,301.380679485279,301.725659229389,302.172694794787,302.756841845371,303.539132850139,304.620828285257,306.158518381691,308.375579569652,311.565864199874,316.091103108242,322.383639251597,330.975780264071,342.570105357932,358.133213091732,378.940820979552,406.468737694547,442.070981056259,486.53980987031,539.818271583821,601.124716759152,669.464780338943,744.124350589328,825.016133637314,912.120878476093,1004.8198758351,1101.06269382243,1197.11954986277,1287.9102719993,1368.16758254761,1433.45347660221,1480.68288696851,1507.50303992223
300.756475998891,300.827232099428,300.95721141024,301.151273756546,301.417259108367,301.767855466447,302.224466945685,302.824154991741,303.630292042785,304.746445277581,306.330982915975,308.608129047725,311.871856169136,316.484328039916,322.880911847784,331.60136829587,343.360678947464,359.139133912458,380.219561991036,408.069091502649,444.013160211394,488.802693681426,542.344952824705,603.846185572696,672.32656583969,747.096729529121,828.092578739833,915.289305791367,1008.03675387929,1104.24246899969,1200.14917851212,1290.69054580364,1370.65482475434,1435.67117420973,1482.7002552143,1509.40771489241
300.788547375162,300.859542973447,300.990101474439,301.185420806289,301.45399775304,301.809638705574,302.275442762334,302.890721707132,303.721441479268,304.873568896959,306.507057244415,308.846424560814,312.184944458127,316.884655769475,323.38391889965,332.230986053638,344.154891022798,360.150311258069,381.506457226744,409.678823789964,445.961110629418,491.062937446927,544.859227869139,606.549038967673,675.168623836124,750.048768474478,831.143428987767,918.419650322275,1011.20297309763,1107.36593523463,1203.12568036813,1293.41636429762,1373.06061513549,1437.74689043963,1484.49962183683,1511.03465683932
300.820162369799,300.89165749646,301.023283103862,301.220586155858,301.492691910662,301.854433441436,302.330427132252,302.961989723799,303.817396726188,305.004897668385,306.686153764047,309.086497598978,312.499323105804,317.287216956076,323.891647806915,332.868560647316,344.959188757976,361.171423232293,382.800163222198,411.290978686929,447.907904828478,493.319590462098,547.367372215252,609.240707396597,677.99125490895,752.973741780014,834.163272114071,921.518237881546,1014.33269926214,1110.43992151621,1206.03630581824,1296.07613255601,1375.4391431614,1439.87546147504,1486.44811385953,1512.88441406066
300.853653994658,300.925421213647,301.057700068701,301.256397053202,301.531327311323,301.898488331184,302.384227024816,303.032142584385,303.913092978546,305.137683591144,306.869050836691,309.332686935618,312.821187227136,317.69706236236,324.404988175418,333.50971358595,345.766511334581,362.197392174152,384.102040206212,412.912559796927,449.860206785347,495.572728540565,549.861872920086,611.912673071163,680.794303974756,755.88013722929,837.160589442065,924.5830216945,1017.41630875759,1113.46475766609,1208.905569414,1298.69646482987,1377.75261775404,1441.87615510591,1488.18722239344,1514.46063177701
300.887031392833,300.959181193925,301.092345582351,301.292833932319,301.57117930863,301.944517074309,302.440840055281,303.105857939485,304.012789420189,305.274429080588,307.055381897236,309.581595643756,313.145423920405,318.109871410803,324.923001000705,334.157955819847,346.582785718969,363.232347962852,385.410571648482,414.537120034614,451.811812403224,497.821999597144,552.349234266827,614.57235083268,683.577343932417,758.758614441469,840.124716148238,927.613036643662,1020.46412973318,1116.44614758442,1211.71599182892,1301.24391518577,1379.99108438051,1443.81867872079,1489.89732090569,1516.03294469924
300.921014023359,300.993796502107,301.128264046736,301.331070357589,301.613381875927,301.993375485603,302.500591117006,303.182782098213,304.115532553933,305.413913320157,307.244221707106,309.833091047362,313.472858738221,318.526992792335,325.446782377901,334.813209181346,347.406642009442,364.274419187299,386.725062330744,416.165598327619,453.764351083775,500.068368604455,554.828068503749,617.216702689115,686.338381350891,761.610590864779,843.059107198104,930.610271927548,1023.47193286861,1119.37715758211,1214.46989809907,1303.74801467824,1382.2286138967,1445.82920741926,1491.74962981502,1517.80020001543
300.956870925286,301.029964639283,301.165174820034,301.369554063832,301.655009837113,302.040944294368,302.558695120445,303.258342728545,304.218051091008,305.555175224825,307.437328661452,310.09111227521,313.807939209408,318.95121565643,325.975693538089,335.471525901862,348.233248591025,365.321443109152,388.047610444689,417.803065299787,455.72154944245,502.309709620328,557.291794049689,619.840753911838,689.079131713139,764.441324809014,845.965853119682,933.565352881647,1026.42477536646,1122.2538569185,1217.18408482227,1306.22086324298,1384.41072062343,1447.71708965776,1493.38957700437,1519.28376696748
300.992504901426,301.065877163292,301.20184352536,301.40795890197,301.696976366174,302.08957822133,302.618865673973,303.337080195755,304.324666256153,305.700946455494,307.634668231603,310.352544482938,314.145601298029,319.377946679725,326.508366846635,336.136053642204,349.068395029027,366.377763548194,389.377388455297,419.443124229657,457.676124287805,504.545120664212,559.747358293574,622.453006321284,691.801181841042,767.243436590882,848.83315900064,936.473914239918,1029.32972759721,1125.07979174967,1219.83737137189,1308.60806333124,1386.4718257246,1449.44431570879,1494.8359681621,1520.55400780805
301.027963936894,301.102017032213,301.239443828336,301.44824689547,301.741925532316,302.14228035646,302.683943997905,303.42106091814,304.436170793902,305.850548884214,307.834384260417,310.615143606693,314.484250251755,319.807077911718,327.046293829064,336.808902353691,349.91352021094,367.442769298742,390.712058973525,421.083672457727,459.628413495684,506.776456132566,562.196836174234,625.053055288801,694.499952640532,770.010388634703,851.658462933828,939.339824075747,1032.19048315775,1127.85485180859,1222.42450370176,1310.92149998325,1388.47496300816,1451.1611262264,1496.33442955272,1521.92593832191
301.065038292199,301.139845108504,301.278820352613,301.490353618579,301.788633640063,302.196559498891,302.750340181137,303.506161980267,304.548855118817,306.001845101791,308.036833616775,310.881852174895,314.828339748433,320.242404538209,327.59028283873,337.487043072007,350.763273419458,368.512605459984,392.052328814146,422.729845152805,461.583367548837,509.004465829425,564.634217913488,627.633061009993,697.172831028267,772.746620247385,854.447144306699,942.160702409004,1034.99789160591,1130.57229446529,1224.95928852668,1313.19315952331,1390.44547879467,1452.84447219706,1497.79134446521,1523.24726641484
301.103533011831,301.178912356627,301.319128849646,301.533006049401,301.835497272744,302.250710384983,302.816576455293,303.591462349888,304.662587092912,306.155484776289,308.243157172376,311.153820627526,315.178456891546,320.683630440624,328.139361805477,338.169494320007,351.617251564611,369.5876964981,393.399050524629,424.381964118244,463.540771561408,511.227690327474,567.058635061996,630.193047606213,699.821080127443,775.454124634708,857.200888764058,944.938197062534,1037.75519964975,1133.23726773274,1227.4398136031,1315.39881418735,1392.31559819941,1454.37025869613,1499.02390002399,1524.2946742352
301.141525205818,301.21783850097,301.359955158048,301.577123502502,301.885004715475,302.308779427408,302.887859853661,303.682471631722,304.781907539353,306.313680596629,308.452320970209,311.426891985496,315.528924196926,321.126323557056,328.692881325692,338.860027100331,352.481628366289,370.672194028366,394.75094990731,426.033617955275,465.493497037963,513.444775280317,569.475565901068,632.741227777934,702.44925168527,778.132604655065,859.920686602799,947.6812638269,1040.47337941244,1135.84867042689,1229.84969194917,1317.53705586564,1394.1677427374,1455.97632376552,1500.45649726377,1525.63239206686
301.1818793277,301.25883292675,301.402314157312,301.622013734124,301.934368195749,302.365787528435,302.957445777032,303.771774179836,304.900469773455,306.473134683147,308.665484734299,311.706657249113,315.887607760438,321.576726489305,329.25170512503,339.553040606855,353.347410498081,371.760044157281,396.109789004477,427.693849933821,467.450300692778,515.655644534129,571.875448290515,635.26698539444,705.056611773202,780.79322449673,862.618092697405,950.387001001094,1043.14070647156,1138.4078873522,1232.21988058021,1319.64101684226,1395.95246901133,1457.4327703684,1501.6300039001,1526.62552269913
301.222198766552,301.29981270516,301.444754028813,301.667229082856,301.984529329457,302.424326554666,303.02948523021,303.864483271139,305.023151515799,306.636921564693,308.882604975956,311.989575265992,316.248770242977,322.029708639614,329.814464165442,340.252203408368,354.221294857257,372.856167435828,397.47442396223,429.355365722322,469.403663148248,517.85945719807,574.265580951916,637.779196596231,707.643803147,783.42534602468,865.281041817252,953.05692792636,1045.77116783307,1140.92562426943,1234.5313410117,1321.65587456386,1397.61247165059,1458.73304149964,1502.62804152679,1527.43364517346
301.262804576162,301.34131280232,301.488128043086,301.713956035667,302.036896315093,302.485797736282,303.105100260666,303.961171181027,305.149850316966,306.804346998619,309.102704730451,312.274870315618,316.612195816323,322.485751676418,330.381917671209,340.958054919342,355.103055943081,373.959691986145,398.84399063713,431.017908886131,471.354124552273,520.05677525502,576.645232948629,640.276141506074,710.209493336186,786.029688752785,867.911664057659,955.692164134002,1048.36210979034,1143.39045486827,1236.76815988554,1323.5727553095,1399.16116813108,1459.92472875225,1503.53154737913,1528.16164418388
301.304821024241,301.384199065074,301.532835507846,301.761927093338,302.090388536863,302.548286647306,303.181699354436,304.058993724978,305.278119215824,306.974130165634,309.326208725534,312.564656224753,316.980892922871,322.947277293808,330.954511272991,341.668442580625,355.989265770411,375.068111854092,400.219071540267,432.68491088976,473.305224317522,522.247833366625,579.011167308677,642.753378496021,712.752741109583,788.610557838972,870.516614827466,958.294618865153,1050.91037905168,1145.79880076889,1238.92863702964,1325.38134557877,1400.55219854732,1460.89478849849,1504.14736766833,1528.55555832629
301.34738766822,301.427918627896,301.578859354682,301.811848805439,302.146534266713,302.614080159857,303.262070145716,304.160740612705,305.410088712731,307.147052257298,309.55221042484,312.856572556021,317.352036040682,323.412378786789,331.532392780964,342.385751964337,356.882833301314,376.182846198245,401.597896309089,434.352892038337,475.254124764827,524.43349816693,581.366372859078,645.212914960471,715.271383513873,791.163992240877,873.096573344237,960.875987019828,1053.43021861604,1148.15392153712,1240.99809621407,1327.06885037425,1401.82139012845,1461.7793441577,1504.73511197742,1528.96899466894
301.391877240026,301.473510096534,301.626637285606,301.863304500455,302.203882097806,302.680669807067,303.342872738877,304.2627915075,305.542686644221,307.321563539763,309.781332614423,313.153375155597,317.729428362662,323.884088799017,332.11599840707,343.107123211198,357.779364493819,377.300807172089,402.981403061475,436.025839341293,477.205021860455,526.613578948181,583.706738759804,647.649804234649,717.76499198329,793.694462446789,875.65479505099,963.429902092078,1055.90912816725,1150.44987434862,1242.99138806942,1328.66763816256,1402.98978240779,1462.54710815443,1505.18939279893,1529.23415703265
301.43730414727,301.520168489704,301.675697872652,301.916329755059,302.263120508169,302.749463758845,303.426137910857,304.367467532482,305.677986523301,307.498799629737,310.013264097618,313.453266820288,318.110507400473,324.360344887479,332.705033865415,343.834516310862,358.681754494176,378.42377721162,404.368248241892,437.700371251377,479.154880553467,528.788663192512,586.03536041505,650.067370733538,720.231381088665,796.192619822318,878.17946380191,965.949439745643,1058.34680741698,1152.68975390152,1244.91305044582,1330.19341159941,1404.1149587462,1463.33042968946,1505.72676306523,1529.63475217114
301.485135652679,301.568865487979,301.72615365924,301.969869227463,302.321850568222,302.81678368866,303.507313363851,304.470133878016,305.812357537793,307.677263385373,310.249303087862,313.760025189919,318.49998967611,324.844443189718,333.299380296015,344.564100244371,359.584742370264,379.548603184636,405.760404815358,439.381764947538,481.107951384918,530.957217389161,588.345829659573,652.458604189005,722.670661487292,798.665147348309,880.676360111096,968.431301708995,1060.73569283012,1154.8754936887,1246.78244483958,1331.66036721889,1405.14376101241,1463.94345229622,1506.00245798624,1529.70220720748
301.532744999304,301.617527337025,301.776946484438,302.024333233417,302.382331908072,302.886854420292,303.592254874886,304.577365450221,305.951572960928,307.86014080631,310.488692567781,314.068895273125,318.890898115324,325.330576432134,333.897814029009,345.300413012106,360.496197711166,380.680985376979,407.156391711352,441.061959696347,483.055562506771,533.117521288548,590.645874862531,654.834730419754,725.086984534537,801.108585964817,883.14175273269,970.882534773516,1063.08911933403,1157.01006844312,1248.57789339878,1333.04562136931,1406.1203488779,1464.57525275224,1506.38756273998,1529.95035916198
301.581840946475,301.667617926174,301.829059037929,302.079957916077,302.443774176576,302.957702159613,303.677911747647,304.685482094378,306.092218602995,308.045394454507,310.731677431415,314.382544091663,319.287300870342,325.822160845111,334.500926629525,346.040610536689,361.411238437091,381.817700102814,408.557247697513,442.745756554093,485.001820691024,535.26883062052,592.92952018333,657.191480065987,727.485467221323,803.536259950155,885.58821972743,973.302831555239,1065.39483173718,1159.08501285615,1250.31674890954,1334.39153788761,1407.08006195313,1465.20485323908,1506.7749022142,1530.19846394242
301.632317029716,301.718808997619,301.881814185729,302.135675819555,302.504803027525,303.027838033108,303.76294272642,304.793606515033,306.234060993711,308.233487240803,310.979208634883,314.701977095849,319.689797407858,326.319036045897,335.107996292233,346.783654519045,362.329414758513,382.958981677032,409.96366431846,444.433318803651,486.946330041336,537.410565679382,595.196797354392,659.529379166256,729.866846568178,805.947542213638,888.012991836335,975.689964001607,1067.6559957801,1161.11033885702,1252.00693213994,1335.67958246516,1407.94324821847,1465.66970921607,1506.91556180009,1530.13756319454
301.682266295924,301.769786383555,301.934937469692,302.192639128541,302.568221262871,303.101664033843,303.852895550866,304.907472490793,306.381719479974,308.426480210703,311.229903388686,315.022649930494,320.092456285751,326.81686713438,335.718722975217,347.534012733224,363.257122365743,384.108548918051,411.373543250844,446.117790306027,488.882875863194,539.542793350142,597.454714073722,661.856159593312,732.230581231863,808.332831921281,890.406615264423,978.044077359492,1069.88040433313,1163.08752759582,1253.6295259348,1336.89136529104,1408.75447543071,1466.1429112942,1507.14461106076,1530.22811534878
301.733738543545,301.822268834915,301.989528312128,302.250992912791,302.632914127862,303.1766486887,303.943956438835,305.022581973845,306.531038709729,308.621889647779,311.484034424349,315.347795374067,320.500239823237,327.319813923256,336.334057171442,348.288268317602,364.188582472602,385.262223509801,412.78760365148,447.804759175499,490.817245560447,541.665901892488,599.697215515471,664.16423814256,734.575863749987,810.699123031977,892.775249483566,980.361590535286,1072.05419636865,1165.00674688335,1255.19631690133,1338.05181930688,1409.5078153497,1466.53347986105,1507.25467360785,1530.17044067062
301.786115284569,301.875528094404,302.044713225536,302.309775457818,302.697989231931,303.252176999681,304.036001914812,305.139384365828,306.682969169102,308.820838489436,311.742380772538,315.677396735227,320.912300310915,327.826613855049,336.952995864837,349.046562641185,365.124930258204,386.421405819838,414.206158831806,449.492753742803,492.747166449172,543.778848175885,601.92548384099,666.456260132663,736.902924565446,813.043935287485,895.114647611873,982.639772244602,1074.1800348459,1166.87162631479,1256.69848867216,1339.11962546344,1410.1128689004,1466.69901229754,1507.0580078907,1529.74824984963
301.838346200388,301.929029643894,302.100830592584,302.370459833495,302.76612916718,303.331974643334,304.13331894189,305.261969482605,306.840399849758,309.024149865608,312.00336691673,316.007973927958,321.324669556555,328.334829589767,337.576101320499,349.81213165325,366.070094759122,387.587806491618,415.627185511285,451.177465216072,494.669699476998,545.882920428883,604.143970531373,668.734648116094,739.209950322254,815.360791192133,897.423365860124,984.88706334067,1076.27206316239,1168.68353965585,1258.11518858476,1340.0738650921,1410.60397432004,1466.7856268994,1506.84162259814,1529.35523658679
301.892326977959,301.984356565394,302.158872950416,302.433138434184,302.836246557374,303.413635319926,304.232314472188,305.386090220141,306.999441989422,309.229499939786,312.26721540694,316.342508349407,321.741970022973,328.848390178294,338.204236674326,350.581949298459,367.018777620852,388.757385199353,417.051283247358,452.863920278332,496.590184862747,547.978792156465,606.347356623046,670.993238300248,741.495604861147,817.657078745307,899.710007185024,987.10585985433,1078.32099907876,1170.43733161389,1259.46061176454,1340.94402485894,1410.99631781908,1466.75398291066,1506.48442977553,1528.80441520744
301.947360645652,302.040835916265,302.218240411311,302.497376321316,302.908223474755,303.497468091618,304.333799551662,305.512960273586,307.161409347153,309.437870383825,312.534125317321,316.68019898793,322.16267100439,329.365837897787,338.836930756184,351.356884423171,367.972652199248,389.931358868969,418.477780820194,454.549937817277,498.506669643269,550.066269289061,608.537565338971,673.23391214381,743.758288772922,819.926613054098,901.966214949727,989.290040903701,1080.32771171237,1172.13514510286,1260.73292290167,1341.72989436125,1411.30235550419,1466.64593946461,1506.06747463432,1528.20833707324
302.003758624442,302.098724082732,302.279086559637,302.563183500275,302.981852624575,303.583048397667,304.437137436944,305.641839684825,307.325636335515,309.648862453662,312.804175236534,317.021584193217,322.587583377303,329.887865769324,339.474242050455,352.136256523008,368.930684522832,391.108970157879,419.907037207712,456.236557954097,500.420052204151,552.145286553495,610.713340183241,675.454821070347,745.997735042223,822.169908559206,904.193510983907,991.438170114104,1082.28889110387,1173.77583072998,1261.93948654789,1342.44555046614,1411.54181230152,1466.47884567936,1505.60008744492,1527.5666635477
302.061759699049,302.158046303497,302.341088885987,302.629799110306,303.055949801142,303.668869042463,304.540714190569,305.771334229028,307.491271584458,309.862453473596,313.078146199636,317.368001988347,323.018009383792,330.414977617457,340.115648769385,352.918688976992,369.891381996169,392.289845236847,421.339795750141,457.925002180196,502.330291622072,554.213941374077,612.871565469519,677.653154619256,748.212643014778,824.388750711674,906.392273591251,993.550671573287,1084.20440482693,1175.36360844295,1263.08545934397,1343.08557387752,1411.66986924893,1466.14489658298,1504.90316078867,1526.6502603913
302.120086487265,302.217832887605,302.403832022641,302.697588163409,303.131833168062,303.757219001635,304.647614733797,305.904798053815,307.661184758658,310.080126977385,313.355518987494,317.716926889548,323.450362809787,330.944335240775,340.760620634732,353.706584993779,370.858795416477,393.476509051451,422.775094834841,459.611079954095,504.233591378849,556.272094952127,615.016802159784,679.835595153244,750.407229921277,826.581102230447,908.561283576775,995.629996397154,1086.08135754393,1176.89874821359,1264.15738534891,1343.62932454352,1411.6917453076,1465.71261119332,1504.1278976257,1525.67331325135
302.179067178802,302.278571364172,302.468029991869,302.767508872172,303.210600197126,303.849173803917,304.758661402469,306.042602121809,307.835207449356,310.301266555138,313.635482379482,318.067755545942,323.884524810458,331.47632338461,341.409831899507,354.500291112246,371.832638756177,394.668471902968,424.212343284593,461.29482738331,506.129922585076,558.320278675245,617.149221545522,682.002584858733,752.583666968386,828.752445545689,910.70490662098,997.678254628735,1087.91454555911,1178.37297818259,1265.15614456753,1344.10782678602,1411.6885507674,1465.32277971895,1503.47167054135,1524.87223061679
302.239983396635,302.341163741508,302.533930768569,302.838893940697,303.290528804239,303.941983340105,304.870344759165,306.181109032628,308.010402642006,310.524519584397,313.918887567297,318.423322898939,324.324242420253,332.013681675611,342.063310012949,355.297068961964,372.808735231252,395.862913535424,425.652447002914,462.97988503515,508.023299595109,560.35819330573,619.265400832495,684.150673597856,754.741909858279,830.907095989749,912.826989225088,999.690627730527,1089.69587703575,1179.78854401931,1266.10397817556,1344.55217243812,1411.66158401204,1464.90445164783,1502.76744640118,1524.00318371071
302.301860139984,302.404562973841,302.600418214536,302.910665831211,303.37078365989,304.03530494652,304.983050042033,306.321427960382,308.18837628846,310.751456456129,314.206521984646,318.783189942648,324.767803159407,332.55439190215,342.720011462094,356.097403335838,373.789367978584,397.061948795165,427.095489609163,464.663984741548,509.910231531994,562.384713248851,621.367159166766,686.283773689433,756.883297733892,833.038094905637,914.914288487652,1001.65695351175,1091.42466662601,1181.15244696515,1267.0026430108,1344.93723870447,1411.54072205018,1464.33219979848,1501.84256328194,1522.86520877366
302.363559467814,302.468138083277,302.667726360441,302.984206139879,303.453988686876,304.132850394753,305.101096713398,306.46773545714,308.3721610274,310.98304935407,314.496931179406,319.1438332522,325.211189207548,333.095782432647,343.380132352025,356.904667305776,374.778583303046,398.267731161968,428.539745591127,466.342389713566,511.786947546327,564.400752135459,623.459987165555,688.405693961196,759.005869973517,835.139592345876,916.962856439398,1003.57991098562,1093.10851544794,1182.46445848452,1267.83632777609,1345.24909083866,1411.35731427865,1463.73807672874,1500.95171040449,1521.80626529555
302.426754019375,302.533324960315,302.736827120861,303.059742693187,303.539372732065,304.232709296119,305.221533532746,306.616447839419,308.558406446262,311.217248478429,314.790221537896,319.507779988693,325.658311494791,333.641273596318,344.044576312109,357.716167707634,375.771721305909,399.476715565818,429.985583437914,468.019659832231,513.658422846501,566.406870365231,625.538235630054,690.510362762931,761.108963710895,837.216858762473,918.97984654881,1005.46082533279,1094.73983751601,1183.72030279463,1268.61517460801,1345.50845041686,1411.11833463005,1463.07245104178,1499.96736119011,1520.63595402133
302.49102800269,302.59965153594,302.807187826889,303.136727755752,303.626481355464,304.33463721181,305.344427344066,306.768015928206,308.747800829284,311.454738270447,315.086775820967,319.874853201645,326.108479163603,334.189948914161,344.71268064893,358.531960803555,376.769670527205,400.6898531663,431.433293944058,469.694842884823,515.523254631299,568.402007716489,627.602786827496,692.598460439888,763.191740586971,839.269009769707,920.963527084033,1007.30051345306,1096.3226712981,1184.92095530833,1269.33394450676,1345.69754561995,1410.79208081088,1462.29691520045,1498.84979831397,1519.3165473881
302.555968574748,302.666899082717,302.878926293134,303.215715905146,303.716323685283,304.440050488224,305.47143120039,306.9240118878,308.941484875503,311.69591303874,315.386053877793,320.243751587978,326.560130232304,334.740770467917,345.384530408518,359.353356679585,377.773776612261,401.907660789675,432.882000691851,471.366205694938,517.379931698275,570.386391842341,629.654365172673,694.670934076736,765.253568831183,841.293315916481,922.913134331523,1009.09939710538,1097.8569386132,1186.06285290584,1269.98195918522,1345.81318890532,1410.40709083886,1461.49735679858,1497.75247138836,1518.05059131502
302.622590406812,302.735854898842,302.952396602001,303.296447062482,303.807906880882,304.547184326628,305.60015075063,307.081810248921,309.137232387874,311.939594428701,315.688448455807,320.616422505607,327.016031148949,335.295929851612,346.0603652337,360.178158170145,378.780894453705,403.128114347228,434.332191120828,473.036573880545,519.231472348239,572.360106825079,631.690365305023,696.724584720901,767.294727474494,843.293911565666,924.832339872427,1010.85654747617,1099.3386157602,1187.14472930382,1270.57099971877,1345.87287177645,1409.96302519329,1460.6237606976,1496.55819566388,1516.66876344055
302.690728658761,302.806194948437,303.027049065197,303.378133071316,303.900257706299,304.655030418914,305.729744502614,307.240912965156,309.334987867143,312.186156729515,315.994606257319,320.993439082531,327.476388933667,335.85519595172,346.739686473854,361.005964765985,379.790773348079,404.351145487252,435.784138763068,474.706264044578,521.077550722683,574.322872396728,633.710683433811,698.758891878467,769.314056936111,845.268526788418,926.717931725343,1012.57277867773,1100.77151400843,1188.17553210976,1271.10131537179,1345.84815604468,1409.37992630502,1459.52886880551,1495.05489019608,1514.91499651396
302.758760587707,302.876900900361,303.1028928538,303.462156231494,303.996305308083,304.767944791547,305.865493278539,307.406602127138,309.538790357131,312.437197507623,316.302961969519,321.370510564728,327.935950499763,336.414863896577,347.42252167219,361.84076336877,380.809008649653,405.579973468121,437.235941631878,476.368733466915,522.913197630388,576.274788461524,635.720104680001,700.778641191863,771.309665741799,847.209536904815,928.566075366956,1014.25160141053,1102.16593822574,1189.15120130437,1271.54963915827,1345.72672996435,1408.72459090744,1458.43919187009,1493.6597763332,1513.35189631218
302.82886884509,302.949804845077,303.181107294306,303.548688186013,304.09488566789,304.88324911707,306.0033312406,307.574063883428,309.744198286311,312.690033004106,316.613774628233,321.751084365998,328.399986201733,336.979483373332,348.109945220704,362.678911602184,381.829386372122,406.810117919768,438.688436852477,478.031034165106,524.744365969354,578.216270104809,637.712244673037,702.775723692704,773.280280896274,849.126027210322,930.385950907767,1015.89219584052,1103.50686453804,1190.06232826859,1271.93621393935,1345.5651611536,1408.0649017306,1457.38163153294,1492.32656419141,1511.86767878945
302.901309743471,303.02472600794,303.260800025848,303.635985170527,304.193452667281,304.997872733263,306.140169342729,307.740757561532,309.949836832895,312.9448290154,316.928627871493,322.137518339107,328.870606781951,337.549840178639,348.800954799601,363.518388238421,382.849826499044,408.040987156164,440.14264576231,479.694261106992,526.572187945371,580.14624793539,639.684577057453,704.74836807092,775.226710768004,851.016649416579,932.174515241773,1017.48952849279,1104.7943806231,1190.91927102911,1272.27673592513,1345.35412961082,1407.31874404559,1456.16081497649,1490.734341762,1510.05046056865
302.97411146036,303.100053162216,303.341032374073,303.72412059116,304.293382308598,305.114616436176,306.280022034573,307.911327049514,310.15986189893,313.203924455138,317.247059507272,322.526328002069,329.342702412373,338.121687531808,349.494681436687,364.362505931783,383.876155749678,409.276383744598,441.597654137223,481.352598906596,528.390099624142,582.064475820929,641.644643319764,706.707519765044,777.153362168634,852.878502668654,933.92486584461,1019.04356890533,1106.03617694773,1191.72544579748,1272.54841006112,1345.04188672504,1406.43130443128,1454.7612785893,1488.93704131515,1508.01394253079
303.04702179151,303.176048529138,303.422887295548,303.815155790378,304.397639245761,305.237020054822,306.426461239001,308.088635964197,310.375774569189,313.467057656843,317.567155974243,322.914826760763,329.813917779047,338.694175510576,350.192265421374,365.213686215413,384.910401870571,410.516787108053,443.051390162811,483.003205410514,530.197305330387,583.971967821771,643.595270396538,708.65357130071,779.058194087552,854.709264514373,935.638054895455,1020.55821717117,1107.23233471558,1192.46865822396,1272.73729289973,1344.65053435442,1405.51854991332,1453.44521845387,1487.3554193743,1506.29395700955
303.123054402709,303.254872796296,303.507038852577,303.907688010085,304.502389663871,305.358848219584,306.571458075378,308.2642263794,310.590668485957,313.731010310982,317.89075355241,323.3095422397,330.292869503637,339.273744272173,350.894104505776,366.065473522731,385.942958120474,411.755939174735,444.50617243129,484.655761374805,532.002225233748,585.868334073303,645.525189783002,710.575382275228,780.942240668008,856.521450540109,937.325406973787,1022.02939618482,1108.36706656387,1193.14894152779,1272.87745471712,1344.21687840055,1404.52929070484,1451.96437524433,1485.49085580218,1504.19795441995
303.19933881012,303.334119411529,303.591943505846,304.001519757632,304.609204350258,305.483684321029,306.720435631763,308.444534213393,310.810466209354,313.999315085207,318.217464844858,323.70587402028,330.772479623056,339.854294845568,351.598751757823,366.922410661982,386.981777643625,412.999763032617,445.960879038375,486.302245523749,533.796777067233,587.75304446858,647.443546373061,712.483306124373,782.805013611191,858.302955351245,938.975535014164,1023.45999282951,1109.45970929892,1193.77679993323,1272.94763983979,1343.69678789441,1403.45265955379,1450.41959319156,1483.60237952876,1502.11142491613
303.277217728992,303.415081343488,303.678765417187,304.097490337023,304.718362109446,305.610998869345,306.871937808377,308.627331938522,311.032715177956,314.270072720443,318.546766682759,324.105160478647,331.255449441894,340.438576028048,352.307170025104,367.78282418625,388.023457302177,414.245170856608,447.415278860709,487.945699809082,535.584605095929,589.62663824917,649.346614702777,714.371885891021,784.645877744483,860.059503127453,940.59465056338,1024.8510389489,1110.50085556776,1194.3452210222,1272.95478123656,1343.1171261702,1402.3257550167,1448.83479653295,1481.68198370087,1499.99862297361
303.356724887146,303.497589569334,303.766987056744,304.194706394959,304.828633502321,305.739383086775,307.024610803881,308.811613769131,311.256975530937,314.543548007465,318.879510250682,324.508365774268,331.742498648912,341.026647081381,353.018848262058,368.645932842111,389.067321252935,415.492190986578,448.870138000613,489.586676176327,537.365536182672,591.488052362676,651.232849540571,716.240925449217,786.464461115032,861.789111840633,942.178975133604,1026.19615692565,1111.48809062878,1194.85553801984,1272.90426182655,1342.47390845329,1401.11270718556,1447.12260782034,1479.58479405368,1497.6707740279
303.436873027603,303.580934156451,303.856414565476,304.293660134458,304.941327866371,305.870947794021,307.181161587267,309.000230204079,311.485551372612,314.82081265826,319.215033164791,324.913273377218,332.230693067957,341.616309561888,353.733456654883,369.513708745668,390.116422771561,416.742842854228,450.324254247573,491.22192620495,539.136257727987,593.337355754075,653.105471773498,718.093982905292,788.260479191558,863.488078330531,943.724789524303,1027.49738980459,1112.42526547255,1195.30826317094,1272.78472699212,1341.7533989264,1399.82641479561,1445.35823861794,1477.46739152135,1495.3492990015
303.518433433651,303.665842796577,303.947667515775,304.394768056118,305.056514850901,306.005295823948,307.340688964937,309.191874025446,311.717093599339,315.100815988947,319.553133086527,325.320720848233,332.721549781499,342.208956033449,354.451653006326,370.385203381882,391.168910706978,417.995324103975,451.777811903814,492.853031183252,540.899228877307,595.174648109928,654.962597982828,719.927310752869,790.033296923863,865.158846194654,945.235861647644,1028.75464662492,1113.30913178875,1195.69948966314,1272.60117794977,1340.97594263197,1398.50023607789,1443.57736954875,1475.35627018166,1493.05035471187
303.602066202867,303.752709997253,304.040663167407,304.497313027459,305.172792817222,306.140422795237,307.500813357763,309.384222202668,311.949829533628,315.382950011384,319.89453515505,325.732532620082,333.217339460788,342.806239071652,355.173213106801,371.258637362613,392.222121245963,419.248248238891,453.231264408923,494.482341874668,542.65593531927,596.999684184003,656.801344098439,721.738628017682,791.782746233901,866.80385518981,946.713914705515,1029.96789190559,1114.13821576418,1196.03190655317,1272.36207726788,1340.14054527609,1397.09359590252,1441.6688543417,1473.05842575842,1490.51812494509
303.686860890379,303.84070743533,304.134762279054,304.600997612686,305.290351531024,306.277094004244,307.662912673339,309.579037066462,312.185517694129,315.66837547131,320.239285170068,326.14752203216,333.715958503551,343.40612902482,355.897481212063,372.1350182413,393.278411162291,420.503273379385,454.684541933154,496.107522801023,544.40421187809,598.811906603444,658.624011626235,723.530893530585,793.508716788288,868.419803628136,948.156078757459,1031.13888431109,1114.91996602797,1196.310925289,1272.05557673329,1339.21113930734,1395.55106564546,1439.57342295614,1470.52546262589,1487.71724231832
303.771912406807,303.929431278285,304.230397593251,304.707314083134,305.411786615407,306.418863069818,307.830991604477,309.780077364453,312.426774951914,315.957789242834,320.585908304583,326.562479964368,334.21388031779,344.006478340041,356.624885668375,373.017444116035,394.341485795825,421.762164884669,456.135740995028,497.724419769427,546.140617534687,600.612009130617,660.434538090549,725.306850549498,795.210253939245,870.002016175585,949.559995447749,1032.27027809049,1115.656561775,1196.5284342904,1271.66566025176,1338.19528615278,1393.9652304464,1437.52957784452,1468.16293894818,1485.18042080007
303.859650147073,304.020746220829,304.328446062857,304.815710038171,305.534813151879,306.561613254012,307.999458759634,309.981182370592,312.668313571754,316.248423700877,320.935309973793,326.981989512986,334.717494825509,344.61233648382,357.356202182057,373.90108551709,395.403790766799,423.019907315054,457.586326446427,499.340255879038,547.871935000604,602.399746461013,662.22471391112,727.057707196828,796.887161488502,871.560330405036,950.934582740372,1033.35866965984,1116.33400064522,1196.67991894438,1271.22028838523,1337.14281859676,1392.35214177226,1435.44558793959,1465.72865757054,1482.54192090581
303.949004508167,304.11352516664,304.427696605633,304.92501917174,305.658523771365,306.704985540116,308.168719790534,310.18353913636,312.911830601306,316.541876286738,321.288341855496,327.405566600004,335.225093669623,345.221665532312,358.090075087913,374.786709078438,396.467534293582,424.278697464823,459.036750800623,500.952880779309,549.59558519851,604.174218848371,663.996745665643,728.787637577399,798.539765320441,873.09075564333,952.273399486205,1034.4017219389,1116.95834140479,1196.77574355082,1270.71772868686,1336.02480099896,1390.64886145055,1433.22864592298,1463.11302141065,1479.68534379646
304.039243821544,304.20725566389,304.528053945605,305.03570990168,305.784012131763,306.850639379399,308.340848842006,310.389277245308,313.159004903152,316.838901730283,321.644430821422,327.831496193933,335.734492737877,345.832720904114,358.826518754346,375.675867237907,397.535301420957,425.539855065442,460.486004819991,502.559215858313,551.308294009002,605.934622641748,665.752833374329,730.499143591949,800.169234146641,874.590565779562,953.574313162097,1035.40006959638,1117.53281356311,1196.81362260585,1270.14413541097,1334.81493768715,1388.82994977325,1430.87437008374,1460.34329874188,1476.66690927091
304.130133490781,304.302013891263,304.630079225719,305.148939069732,305.913033922354,307.000785527315,308.518135184382,310.600327353931,313.410941893623,317.139446852186,322.002409692326,328.257846263442,336.243901619733,346.444837831671,359.566141439464,376.570354862942,398.608503505383,426.803834018495,461.932445001433,504.157357613521,553.009053036643,607.682803026883,667.497264402098,732.196500769999,801.778392725827,876.060818650947,954.837513869496,1036.35445822404,1118.05549257057,1196.78750711282,1269.49258343492,1333.52837128149,1386.96546892155,1428.54058472742,1457.67734587464,1473.81561972528
304.223519999644,304.399196997487,304.734403907037,305.2641967459,306.043701923636,307.152093597216,308.69614828333,310.811865112668,313.663555747118,317.441423218526,322.36307225388,328.68828672236,336.758353887481,347.06191680631,360.309392368277,377.466494676342,399.681480198832,428.0664357189,463.377248818041,505.752701786849,554.703774310799,609.419043278548,669.223880788261,733.872501456963,803.364621355572,877.505892884174,956.068060322745,1037.26221362771,1118.5182497119,1196.69597854288,1268.78394063525,1332.1941151441,1385.04860073658,1426.12551755467,1454.88484253371,1470.7992422947
304.318679207158,304.49798257859,304.840029735913,305.380439264632,306.17505412627,307.303927188502,308.874754682233,311.02437901063,313.917826235554,317.745944332677,322.72713634349,329.122773636656,337.276911446292,347.682646281206,361.055357148978,378.364152042782,400.755293119283,429.329144137298,464.820803065585,507.343945158682,556.390384780795,611.142910437638,670.934178407406,735.529494429047,804.928792868128,878.923919375145,957.262628761498,1038.12464076557,1118.92763437602,1196.54933550049,1268.01432197537,1330.77553151453,1382.99464304107,1423.49415792117,1451.78947199091,1467.41723944985
304.414275532699,304.597535160613,304.947023921404,305.498869198686,306.309594218014,307.459975500191,309.058403519838,311.242289441771,314.177106291768,318.054277091587,323.093328160343,329.557693534287,337.795224144804,348.303842920013,361.80401912066,379.266999037886,401.834649411624,430.594598781914,466.261485150856,508.926435043202,558.065000410888,612.854531708805,672.632162478317,737.171451786368,806.470382910291,880.309938221141,958.417953535451,1038.94511642812,1119.29102336782,1196.34168429697,1267.15874270704,1329.25235031199,1380.84543297169,1420.81249780005,1448.71135428957,1464.10882264266
304.512006837249,304.699313813714,305.056362415554,305.619742114226,306.446570016697,307.618327722265,309.244093048571,311.461942697535,314.437965020436,318.364342309697,323.461664727959,329.995602289562,338.317208828297,348.929140126728,362.556302049067,380.172113095558,402.914683102814,431.859009624234,467.699483584388,510.504639638249,559.732067818963,614.554250869485,674.313684848526,738.792064758325,807.988082664272,881.668839825596,959.541297074294,1039.72303746717,1119.59773693017,1196.06538284792,1266.23085559655,1327.66326676525,1378.6420707431,1418.08898830755,1445.59978605615,1460.76987285985
304.611707999041,304.802966907178,305.167408549067,305.742102031051,306.58480404386,307.777742421715,309.430770216324,311.682710555065,314.700348579621,318.676562690518,323.833046210948,330.437202472386,338.843244275268,349.558212202032,363.311489916239,381.078861717255,403.995079947046,433.122869825987,469.135821902869,512.078732897587,561.391433309105,616.240797402403,675.977269539908,740.391161245388,809.48206583645,883.001216927717,960.631598643986,1040.45701603193,1119.84977741628,1195.72641489389,1265.23785983845,1326.00710534699,1376.36350514791,1415.27143949072,1442.36738594419,1457.29018501689
304.712967369459,304.90811519252,305.2798528918,305.865769633339,306.72429451962,307.938460020854,309.61893867794,311.905295463659,314.964976664668,318.991501121183,324.207487126724,330.882112717919,339.372530655484,350.190137763601,364.069139796953,381.987651102576,405.076803674734,434.38704567617,470.570301679758,513.647550029091,563.041368758501,617.914236832836,677.623680387626,741.969988247438,810.952592740817,884.305372326946,961.686835769382,1041.14818480591,1120.04975443075,1195.32792759007,1264.17509386231,1324.26555351355,1373.97348527081,1412.3079051126,1438.95492086992,1453.60512933741
304.815245454067,305.014453152302,305.393814281756,305.991393548833,306.866293364264,308.102251688452,309.810640661994,312.131683404027,315.233302162431,319.309620098579,324.584319155332,331.328564230822,339.903041771177,350.8237225726,364.829371268145,382.899924146357,406.1618943438,435.652086719528,472.00189091181,515.209114839491,564.680358281043,619.573952794765,679.254433943453,743.530321716387,812.398531743626,885.578637164219,962.705722000665,1041.79644313831,1120.19916834401,1194.86526808023,1263.03205672271,1322.43110843942,1371.49459723608,1409.27948866083,1435.51331521813,1449.92040280618
304.919539748315,305.122785319584,305.509705784405,306.118860310266,307.009989339179,308.267574118371,310.003756975255,312.359435963019,315.503162285682,319.629732986389,324.963819393047,331.778442994405,340.437393657736,351.460981154775,365.592540773626,383.813879981113,407.247283786116,436.916399995948,473.431161348745,516.766133723861,566.310924729677,621.220506295607,680.866664467212,745.067758556701,813.820200783624,886.825036230388,963.690987138444,1042.40112966332,1120.29209812003,1194.33563307382,1261.81454219073,1320.51579972274,1368.92059658017,1406.13249431229,1431.92307301133,1446.0647982721
305.025144353823,305.232516929578,305.627153762489,306.248100001792,307.155748454135,308.435295446615,310.199578277183,312.590145337806,315.776075607831,319.952761048512,325.345929033831,332.230546575108,340.973741986555,352.100348658157,366.358126680821,384.730481688968,408.334778888099,438.181045909456,474.857950049331,518.316680813487,567.93120279924,622.852971980176,682.462823442169,746.585966116379,815.217394057609,888.041270667231,964.639194223971,1042.96214254466,1120.33175802661,1193.7398151141,1260.51834072763,1318.51409962262,1366.26260697788,1402.91391960184,1428.28198808035,1442.17341792313
305.1326538514,305.344103504879,305.74638980912,306.379044944437,307.303096663314,308.604503073456,310.39686139821,312.822371462853,316.050742186755,320.277979866867,325.730764937582,332.685912412217,341.513608060772,352.743053333855,367.126344939486,385.648662137344,409.422686022338,439.444943806698,476.282044693282,519.862154874043,569.542551838432,624.472342631248,684.040017924435,748.08172592322,816.589847338549,889.229360876659,965.553580499258,1043.47736330432,1120.31405157902,1193.07789486947,1259.14924316199,1316.43093595289,1363.50955650388,1399.5783761868,1424.49594743668,1438.11687703335
305.2415226182,305.457147398781,305.867222310268,306.511786558291,307.452509912308,308.776060613609,310.596759666098,313.057432050192,316.328305967244,320.605978774811,326.118125974975,333.143498175634,342.05554221322,353.387905994211,367.897020907006,386.569279304314,410.512517380314,440.708796698425,477.703266938791,521.400732018284,571.143253050999,626.077137457254,685.600454839032,749.55716539827,817.937643951542,890.387380823591,966.430313034637,1043.94887291251,1120.24302050759,1192.35022292199,1257.70233288324,1314.26275225477,1360.67176814508,1396.16810096835,1420.6515870737,1434.01484369219
305.352238004723,305.572003052785,305.989838180134,306.646254928135,307.603581707134,308.949234075956,310.798282124414,313.29417707554,316.607765780792,320.93620043807,326.508122311046,333.604103600248,342.600697848439,354.035821272975,368.670190568693,387.49159772208,411.602830903952,441.971831242525,479.121671757407,522.933598662744,572.734489992701,627.668810891674,687.143232669588,751.011546508582,819.261272232739,891.516663063341,967.272683984134,1044.37427170285,1120.1141775928,1191.55594644679,1256.18200509947,1312.01353398371,1357.73925844008,1392.64164903882,1416.66595570153,1429.752901136
305.464286233204,305.688287908837,306.114049716668,306.78257048968,307.756813070318,309.124899274425,311.002581981688,313.533922970914,316.890205226778,321.269231843243,326.90057730821,334.066759897691,343.147630332391,354.685703216114,369.445675085182,388.416535383603,412.695128530677,443.234809061767,480.536450318424,524.459259948134,574.314927152228,629.246438512773,688.669709307624,752.447198043417,820.561624993169,892.616767172701,968.077425717424,1044.75463110091,1119.93111857332,1190.69584679772,1254.58391927415,1309.67802881908,1354.7200051415,1389.0385884679,1412.62023267814,1425.44514502569
305.578229448256,305.806449627859,306.240089040362,306.920650483954,307.911724406942,309.302177737594,311.208464200642,313.775296811814,317.174492884188,321.604379941492,327.295585544395,334.532377532505,343.697877652826,355.338646776701,370.223716436776,389.342913837173,413.787660224721,444.496458584057,481.948157249295,525.978949744389,575.885825239296,630.810854498805,690.179493783688,753.861994153616,821.838087648675,893.688737949161,968.84658499274,1045.08895000875,1119.69134639536,1189.76906508604,1252.91257444905,1307.25979693389,1351.6030520581,1385.31405347126,1408.42505526814,1420.96652400612
305.693681180065,305.926138039951,306.367705926759,307.060382574411,308.068434983134,309.481425230742,311.416529759252,314.019054138995,317.46132231458,321.942182666027,327.693179318757,335.000506936463,344.25039808552,355.993895667002,371.0038773664,390.271285681647,414.881385582382,445.757651494585,483.356599259151,527.491710815998,577.446387622835,632.361473821187,691.672044898847,755.25672832778,823.090711004813,894.730134414074,969.5785332823,1045.37773829048,1119.39623869971,1188.77779736792,1251.1624372739,1304.74513834483,1348.36972909862,1381.45227134952,1404.07575944433,1416.32319694015
305.810466582975,306.047311728537,306.497092290098,307.202259477792,308.227696322944,309.663626779673,311.627859140474,314.266171054613,317.751332310579,322.282701519653,328.092910925318,335.470195394076,344.804323095527,356.650830818701,371.786487420191,391.20229814145,415.97696169012,447.018412002475,484.761069950171,528.996702257552,578.995267540124,633.898328101453,693.148866141182,756.632664226802,824.318444596335,895.741315261625,970.272885503652,1045.62116902655,1119.04661799805,1187.71670034985,1249.32709891065,1302.13673815607,1345.04801316286,1377.52579753839,1399.69496500017,1411.67550350163
305.929067927134,306.170404360186,306.628523757094,307.346339062441,308.389289989165,309.848245364954,311.841576359207,314.515592457479,318.04349518931,322.625305920878,328.494732775529,335.942149173791,345.360774387516,357.310445281575,372.57149050439,392.13526033768,417.073207888175,448.277911146808,486.161626845072,530.494848918943,580.534433884749,635.421694454909,694.608753555833,757.987766004009,825.522582984597,896.723894706772,970.931742695873,1045.81863073106,1118.63710202809,1186.5838105336,1247.4143203417,1299.45744508051,1341.67548637744,1373.57811107543,1395.32314034397,1407.05766509506
306.050095843424,306.295671479487,306.761712140087,307.49162376415,308.551491471301,310.032925409122,312.055043440275,314.764864584772,318.336189897993,322.969579096174,328.899650346504,336.418459695243,345.921982398239,357.974096505247,373.358764936162,393.068067965851,418.167599533569,449.534714385744,487.559105083804,531.988592044474,582.065376644007,636.931541270406,696.049424232574,759.32111814695,826.703753704614,897.680341888324,971.555565938001,1045.9668801351,1118.16446568312,1185.38278926313,1245.43289956873,1296.69882667588,1338.18378634282,1369.43664906115,1390.66779708457,1402.08701004506
306.171671615821,306.421730736527,306.896156605932,307.638838463706,308.716455700279,310.221285036663,312.273025733531,315.019069893209,318.633572494823,323.31755620758,329.306667187422,336.895196953206,346.482737445597,358.637630556229,374.147773587794,394.004545031161,419.265803610025,450.792452612941,488.952286985119,533.471773163957,583.582384777987,638.426823113449,697.476762270726,760.638512422546,827.861399076261,898.603418998415,972.13735718136,1046.06821535703,1117.63938572672,1184.11423748167,1243.36318668028,1293.83760592812,1334.60142379725,1365.25254721922,1386.03859523535,1397.19911264882
306.295607280733,306.550094299734,307.032774693984,307.787984664644,308.883052479731,310.410910682552,312.491894929216,315.274011334174,318.931863443668,323.666991435127,329.716102191033,337.375350108002,347.047466963262,359.304997769708,374.939213227986,394.941485605577,420.362705842096,452.047598186108,490.341610838545,534.949565639464,585.09084165473,639.908798893052,698.88548091155,761.933646522284,828.995451094213,899.499134525501,972.684131795968,1046.11995124578,1117.05010300676,1182.77295702974,1241.21746461165,1290.89434114429,1330.91637694287,1360.92352338046,1381.2104826268,1392.06910105759
306.42068850704,306.679744381094,307.170931601302,307.939075586909,309.052072831954,310.603473342999,312.714174389891,315.532575163826,319.233638039631,324.019445807351,330.127698884313,337.856792208597,347.612995936871,359.973361604715,375.732498800021,395.881036893599,421.461585850983,453.302580804347,491.726539531125,536.418483429654,586.586947506578,641.376730046933,700.278698105787,763.210514497525,830.103932373826,900.361051262487,973.187874703202,1046.12225674706,1116.4028599057,1181.36150945546,1238.98676109578,1287.85719162754,1327.14533666084,1356.53645721441,1376.36387326442,1386.95518310576
306.547947367223,306.811517062388,307.311091021173,308.091980464295,309.22266060912,310.797353981966,312.937547595108,315.792203162488,319.5366986012,324.373626045955,330.541711644945,338.341350173506,348.182141524634,360.64498087086,376.527972489407,396.821114615347,422.559477383463,454.554671115851,493.107543999821,537.881464286001,588.073308477375,642.830400606566,701.652932508003,764.464025204884,831.186630330556,901.192607194802,973.65317013291,1046.07334055281,1115.69181923434,1179.87802411181,1236.67927832212,1284.73633579161,1323.26937157589,1352.00843468141,1371.33309385203,1381.6218187402
306.676390086028,306.944612861402,307.452850931833,308.246877144868,309.395733431761,310.994202259463,313.164341393761,316.055464722816,319.843204678551,324.730705822051,330.957828524484,338.827183544861,348.751955319986,361.317618767783,377.325159049163,397.763664887291,423.659322477201,455.806380476365,494.48369245988,539.335205737283,589.547498447421,644.269901090415,703.010819192859,765.697435527779,832.242262522051,901.988565151651,974.075223297582,1045.974489238,1114.92344307284,1178.32445768759,1234.28721258546,1281.52037652224,1319.30721133803,1347.42437975305,1366.28908927131,1376.30986470657
306.8070832903,307.079869487439,307.596626994557,308.403552270258,309.57029348448,311.192252008674,313.39208002585,316.319570131795,320.150815277809,325.089465487867,331.376392642876,339.316236074833,349.325483058153,361.99353732173,378.124492258462,398.706510167056,424.75760250985,457.055420868944,495.856049326127,540.782802669502,591.01215035673,645.694739609356,704.349598916121,766.907302282329,833.270963020248,902.753388667794,974.457769317277,1045.82441329467,1114.09116909936,1176.69871456842,1231.8187740283,1278.22158558002,1315.23955113908,1342.69410174877,1361.04875302317,1370.76391598867
306.939159949068,307.216572329017,307.741949113195,308.561940378914,309.746791371452,311.392545975015,313.622375471756,316.586486842072,320.46131562333,325.450942850095,331.797302974995,339.80717270859,349.900514629825,362.670843566863,378.925436076623,399.650989532973,425.85668486461,458.302989158703,497.223683948044,542.222179791568,592.464683809598,647.105190050879,705.670526926195,768.096322490073,834.273067415659,903.483324136844,974.796747069983,1045.62310971767,1113.1999054026,1175.00395349784,1229.26490212309,1274.81890306246,1311.05210348273,1337.8338502179,1355.67607909933,1365.08627453555
307.07295150724,307.3550673158,307.889170978151,308.722389493515,309.92552142771,311.595188699545,313.855082377708,316.855813187127,320.774132808995,325.814607785186,332.220265425407,340.30009403322,350.477538471562,363.350225285549,379.728293138869,400.596900295433,426.956028395643,459.548683600564,498.586573202701,543.653292169237,593.906129224562,648.501096959952,706.973898437577,769.262874911529,835.246801705548,904.179125115347,975.094873348769,1045.37091038748,1112.24679876064,1173.23385402258,1226.62261908859,1271.31286852275,1306.75068741943,1332.85472353102,1350.18342454576,1359.28982154095
307.208431595957,307.495324719261,308.038306930105,308.884922286243,310.106510173429,311.800263509381,314.090329653011,317.127673426882,321.089364139251,326.180506177067,332.645263443436,340.794896880959,351.056340968069,364.031513080706,380.533060255204,401.544100630607,428.055562573213,460.792523148956,499.944529665911,545.07657652162,595.336229932665,649.882243606238,708.259349835555,770.406894093652,836.19359846978,904.840517634965,975.349837089428,1045.06685850963,1111.23021260371,1171.38707338371,1223.89072248859,1267.71133878516,1302.35666337648,1327.7965061819,1344.63069659987,1353.44799804256
307.345777011118,307.637494524159,308.189412601275,309.049503394058,310.289614538791,312.007457785492,314.327682111757,317.401605820304,321.406634987102,326.548412672681,333.072280475619,341.291796892462,351.637418998163,364.714924119173,381.339559769533,402.49237119569,429.154534650391,462.03387260325,501.297826435379,546.491794446962,596.755011372648,651.248932660789,709.525471623472,771.527756843064,837.111914385235,905.467227239046,975.562546150405,1044.71038803586,1110.14834119959,1169.46347126189,1221.0754795414,1264.02798476182,1297.89223667,1322.68514107505,1339.04338150863,1347.58519437554
307.485206946119,307.78165637614,308.342360018682,309.215705773992,310.474106881324,312.215843344479,314.5660770785,317.676628528898,321.725259228774,326.918164234871,333.501754816615,341.791677958802,352.221595448769,365.401048455263,382.14774505613,403.440957534784,430.252474901508,463.272299612608,502.645964321957,547.89963790388,598.162717585487,652.599633776464,710.771214624025,772.624283045599,838.001592448588,906.061145818634,975.733512254889,1044.29997987888,1109.00148390303,1167.46696594861,1218.18404366101,1260.26397104081,1293.33492556411,1317.45830042811,1333.31075216315,1341.55343655708
307.626328315918,307.927441209165,308.496822563802,309.383326164674,310.65996024893,312.425606232531,314.806014807105,317.953426285029,322.045935247041,327.290240211013,333.933756259935,342.294073536168,352.808087193728,366.089049202288,382.957194718313,404.389849002312,431.349570754581,464.508428328783,503.989708654526,549.299563304116,599.55884160032,653.935047142942,711.997919617123,773.6972278047,838.863456844137,906.620001755292,975.860479038916,1043.83545743382,1107.79199159239,1165.40021795231,1215.21084161881,1256.39973153418,1288.6452470276,1312.05636308439,1327.35963480318,1335.27344571374
307.768551063754,308.07453301091,308.652959121274,309.553146603543,310.848572241835,312.638728954915,315.049758703392,318.234156069236,322.370246903274,327.665190866051,334.367507186344,342.797158866645,353.39466106642,366.777480495957,383.768054336578,405.341011133971,432.448223379352,465.743417014453,505.327527723264,550.689235678411,600.941065927109,655.254285020596,713.207282904837,774.749337289289,839.696946387216,907.140098308424,975.940511853744,1043.31893892849,1106.52304787041,1163.26028859944,1212.14697016755,1252.43084312075,1283.85733343847,1306.58849448841,1321.39106101968,1329.01589967041
307.912870715987,308.223789947143,308.811352628738,309.725258906481,311.039548750021,312.85411935403,315.295576149579,318.516743299656,322.696214985837,328.041704071553,334.802951189698,343.302313579882,353.983683696304,367.468393854919,384.580869980456,406.29290396463,433.545790067157,466.974907767575,506.659712387487,552.070501590468,602.312260326083,656.559936108922,714.398580931792,775.778637700303,840.502133371775,907.62663256974,975.97880793651,1042.74806177223,1105.1860694177,1161.04247417701,1209.0007775999,1248.38365082845,1279.00153011697,1301.06519987618,1315.37855804946,1322.7205257248
308.059467348331,308.375164389319,308.971576015008,309.898853902671,311.231529729175,313.070149123478,315.541809556155,318.799758720876,323.023013472503,328.419772486248,335.240918949154,343.810708493295,354.576237158149,368.162229257407,385.395237803053,407.244438620003,434.64100352784,468.202638684583,507.986650891037,553.44459483219,603.673321566949,657.850713952648,715.570524126454,776.785148324473,841.280704977099,908.080695156337,975.973447704577,1042.12107767782,1103.78245805982,1158.75228658452,1205.77808408337,1244.24724968795,1274.02083207998,1295.35651536366,1309.10911159762,1316.11446363371
308.207109132396,308.527752146554,309.133351232061,310.074454689685,311.42612346375,313.289404914838,315.791770777161,319.086727708981,323.353516522031,328.800743999986,335.680568803827,344.319643611343,355.168692008596,368.856304879949,386.210806745188,408.197983950322,435.73764081222,469.428888165355,509.307192793692,554.807729812133,605.020311776983,659.127130945948,716.727548480815,777.772108576733,842.031922975469,908.496250743841,975.920816568855,1041.44066169569,1102.31883553898,1156.38963656515,1202.46393669851,1240.00227956027,1268.93404438971,1289.56957626703,1302.80787368507,1309.51597320193
308.357016959359,308.682577039803,309.297287389286,310.252081120658,311.622552202171,313.510203797518,316.043012059919,319.374779910094,323.685089081,329.183120240126,336.122168061118,344.83116568147,355.764144805673,369.553196615308,387.028244320796,409.151502819676,436.832273700187,470.651136709373,510.622119681922,556.162835759591,606.356811181302,660.388571842931,717.865052822987,778.73593375257,842.755337268046,908.877353503389,975.825318810686,1040.70467108526,1100.78705246668,1153.94937098851,1199.06572411473,1235.6656401607,1263.73691660228,1283.64278535326,1296.33003426879,1302.71276804795
308.508479143147,308.839052410237,309.463020498569,310.431730729241,311.821230596157,313.733525498276,316.296931536833,319.665582905576,324.019261176132,329.567746847194,336.565589289637,345.344083605109,356.360773868617,370.251253811716,387.846834036127,410.106147495,437.926687350302,471.870525649431,511.930838843471,557.508590440747,607.680630569971,661.635699904759,718.985830522195,779.678135057444,843.450151656177,909.222014623695,975.68294291622,1039.91443469163,1099.19211845522,1151.43271232901,1195.57777500466,1231.22910245022,1258.44237214249,1277.63611511127,1289.79898113391,1295.8785131053
308.661963704713,308.997571465249,309.630845500413,310.61350814262,312.022054619952,313.958906958434,316.552834537691,319.958183014406,324.355115599787,329.95403211282,337.010718414346,345.858939972059,356.959524588431,370.951433855681,388.667147321399,411.061123184792,439.019522617205,473.086175675377,513.233216243053,558.845380819447,608.993288838483,662.868386131514,720.087846001037,780.596947805549,844.115627482955,909.530296826091,975.496566806742,1039.06948781119,1097.53076581369,1148.83967272132,1192.00727944973,1226.71181956338,1253.07679792729,1271.5739898793,1283.22845131674,1289.01750329248
308.817789624065,309.158251731585,309.800525069575,310.796700266149,312.223781603429,314.184762616671,316.808860033688,320.25093658832,324.691575312904,330.341691035471,337.458303513864,346.377169815859,357.5619182806,371.654671155418,389.488659568126,412.01512043113,440.109381006497,474.297409750091,514.529999044487,560.175217600891,610.295803349404,664.085772012319,721.169542452722,781.490693070504,844.752006202185,909.803914908216,975.266582729526,1038.16835578179,1095.8023349375,1146.17423177622,1188.36003409776,1222.10500089259,1247.58750696494,1265.32803746988,1276.40382913112,1281.84683148793
308.974688400688,309.320181321582,309.971737670214,310.981851290949,312.428018388736,314.413698588592,317.068498347674,320.547494737369,325.031544425627,330.732166294676,337.907594303901,346.895925016357,358.164280835694,372.357801500516,390.311038080601,412.970606797741,441.200081139923,475.506633605669,515.82046525157,561.493865334244,611.583811806716,665.288367207598,722.234959619485,782.362985679657,845.358490721042,910.036661520852,974.987169090616,1037.21258848879,1094.01389343318,1143.43535885353,1184.621849016,1217.39347300791,1241.99946690891,1259.017998406,1269.56777158706,1274.70982183017
309.133735665248,309.484278438218,310.145157009792,311.169256574222,312.634459075821,314.644701136341,317.32993850395,320.845641473658,325.372956047739,331.124046877274,338.358507791151,347.416693836919,358.768891225219,373.063305533074,391.134992943053,413.926195116661,442.288688442393,476.711403605963,517.104513829495,562.804115786453,612.861348848739,666.475890589934,723.280634618537,783.211355174405,845.934687356506,910.233099863828,974.662387591503,1036.2010450041,1092.15660762182,1140.61942776909,1180.80387566921,1212.60694415854,1236.34953609405,1252.66195630481,1262.70057186382,1267.55055180889
309.294946269413,309.650441319129,310.320447028222,311.358245460889,312.842188968987,314.876679806669,317.592175329028,321.144552712181,325.715369389405,331.517449760232,338.811601237978,347.940239011363,359.376442463143,373.771136558574,391.960008950732,414.88087016717,443.374730792948,477.911927005164,518.382499794996,564.106368338971,614.127627465997,667.648698458677,724.306261045037,784.033741958504,846.480375482124,910.392834275652,974.291611242786,1035.13168575319,1090.23192570478,1137.73036688481,1176.91095435608,1207.74549354029,1230.61541471052,1246.20132514485,1255.69930210174,1260.23491887399
309.457922195488,309.818272531986,310.497289557526,311.548613626068,313.05114988166,315.109865114889,317.855714308859,321.444947142037,326.059551070743,331.912929160976,339.266988591391,348.466125762122,359.986034556951,374.480421242942,392.785641089176,415.835267189763,444.458744348857,479.108792860701,519.654484351074,565.399845436582,615.381769138823,668.805659687467,725.312335064285,784.831974659046,846.99590990538,910.512448391505,973.872347926331,1034.00521615612,1088.24307721601,1134.77233372948,1172.94136745893,1202.78993935874,1224.75588698105,1239.57279782539,1248.4870709475,1252.67693023479
309.622106468912,309.987497423436,310.67582162867,311.741149431173,313.262802261933,315.346249557998,318.12280058369,321.748963252074,326.407049967274,332.310954699161,339.723871278534,348.992404902922,360.595567712176,375.189911202531,393.612225859609,416.790929993498,445.543048963127,480.30283793062,520.919601845563,566.681945359175,616.621842737493,669.946978886962,726.301105174565,785.608318176647,847.479223851754,910.590633772205,973.401708667475,1032.8220604838,1086.19201395576,1131.7403768172,1168.88318992952,1197.7343072126,1218.80578987451,1232.88769964885,1241.2700127155,1245.15558412159
309.788314030253,310.158852194309,310.856652125074,311.936129187864,313.477021954689,315.585188439332,318.392266221688,322.055109004862,326.75628230592,332.710404542697,340.182062328593,349.520175148409,361.206830802422,375.901074139636,394.439986518065,417.746654476715,446.625664540244,481.492888135322,522.177866197835,567.955007999768,617.850353077272,671.073284168566,727.270062830048,786.358315678712,847.930901681664,910.630127048173,972.884091097972,1031.58140825759,1084.07261426485,1128.63069505022,1164.74587241896,1192.61516280152,1212.82642703614,1226.22321447675,1234.12282828425,1237.74134853349
309.957363617484,310.33269138867,311.039364692129,312.1321640799,313.691355799328,315.823364886909,318.660425547215,322.359887720275,327.104878046103,333.110738746416,340.643013256736,350.052286951336,361.822956164791,376.61604902853,395.268599796866,418.699661121845,447.70290017342,482.676743761597,523.430752456836,569.222207647533,619.069365466334,672.18399027848,728.215870453147,787.080346480473,848.351238797097,910.632809336539,972.320163938078,1030.28009139372,1081.88147739847,1125.45153924523,1160.5466507632,1187.42708415011,1206.7288352337,1219.34022111797,1226.63248074213,1229.88517524128
310.127080425947,310.507360266598,311.223213970297,312.329834974286,313.908004446263,316.064643455716,318.932397974822,322.668927181167,327.457666683713,333.514366362375,341.105726363426,350.584553341982,362.43794531681,377.329842410243,396.097257593485,419.654074705711,448.781325310391,483.858975402869,524.676535408861,570.476820931889,620.272891165259,673.278118969106,729.144339436048,787.780325274359,848.738628370876,910.590190223161,971.701836695066,1028.92228799441,1079.63364185291,1122.20636307012,1156.2609099323,1182.12786919218,1200.5095949859,1212.35487025687,1219.08048956813,1222.00531754215
310.298535407002,310.68398880309,311.409362075417,312.530218890747,314.127747891723,316.309254247234,319.207728379815,322.981011419963,327.812831269201,333.919597714429,341.56943470754,351.117348844844,363.053533904619,378.044611978437,396.927093575213,420.609155236221,449.858607271071,485.037116553847,525.914953618189,571.721153368563,621.463401307886,674.356842325786,730.053763607078,788.455343734368,849.092846187763,910.506086743295,971.033956467863,1027.50757656614,1077.32036259697,1118.88600066187,1151.89274480837,1176.75376303267,1194.24900894403,1205.38389026008,1211.60947657126,1214.25595209456
310.472909813417,310.863221552574,311.597594570144,312.731926021011,314.347926998261,316.553421725373,319.48195215734,323.291834473225,328.167335604891,334.325526948649,342.035558298659,351.654193465519,363.673902683298,378.762993141825,397.757828141619,421.561484132577,450.93069778128,486.209269934344,527.147577325517,572.958960850474,622.644381881984,675.419423904375,730.939441175312,789.100130146412,849.414531326433,910.384600221138,970.320466710752,1026.03317698495,1074.93661819889,1115.49340187789,1147.45993265861,1171.30917166788,1187.87181448494,1198.2041970357,1203.81267562683,1206.08891782328
310.647982185792,311.043421772704,311.787243103418,312.93574563703,314.571050826429,316.801404171245,319.760680930425,323.607436586371,328.526172230986,334.734482466904,342.502918546465,352.190470370608,364.292539178509,379.480075624426,398.588723318639,422.515599848179,452.00382627399,487.378938055771,528.372296704145,574.183691379589,623.808863655421,676.465400245437,731.80774166989,789.722580592096,849.701557027003,910.217066706743,969.552367823473,1024.50444537063,1072.49723739177,1112.03662476258,1142.94226292509,1165.76745566153,1181.42102152369,1191.01896682687,1196.10574902314,1198.0915716434
310.825440255573,311.226042779964,311.979381509362,313.142021978575,314.796488024617,317.051450663312,320.041061408186,323.924283958801,328.885920609104,335.144371624681,342.971452604351,352.728450721752,364.913566727374,380.199359274997,399.420868101792,423.468992216719,453.073928546442,488.543495306818,529.589645162055,575.399085220648,624.961724010704,677.495396587065,732.653904318002,790.316430265939,849.955195528615,910.008326685631,968.736313965581,1022.9168030613,1069.98944733911,1108.50582639479,1138.35848145923,1160.1806171857,1174.95579673146,1183.85548832903,1188.45086808162,1190.16445255522
311.005596090291,311.411044128509,312.173301284384,313.349347591379,315.022157285428,317.300921673259,320.320396897451,324.24003392902,329.245238553999,335.555098485694,343.442579745898,353.270426013282,365.538738764019,380.921652568397,400.253498735998,424.419463622993,454.138751649849,489.701430019222,530.800736913223,576.60705638308,626.10347613362,678.507981756527,733.475990016264,790.880203124857,850.173434569216,909.760655861866,967.870989696051,1021.26847445306,1067.41363004422,1104.91151424917,1133.71955655647,1154.53443464632,1168.38997805756,1176.50270168256,1180.49664376235,1181.85087396897
311.1866824717,311.597050265725,312.368416704536,313.558163813135,315.249777127028,317.552930748091,320.602837413047,324.559281769783,329.608037565001,335.968775475788,343.915435865252,353.812848907076,366.163439326026,381.643375924025,401.085990987489,425.370640529804,455.203589010366,490.85660279334,532.004064893486,577.80270806864,627.229724646661,679.503508665229,734.27864215228,791.419863728712,850.358581637018,909.466412846133,966.95010239671,1019.56217476072,1064.78077677041,1101.25627769101,1129.00420720053,1148.78691518213,1161.6997729235,1169.01899176823,1172.42009194913,1173.42967568932
311.369188946665,311.784752559296,312.565676594752,313.769688972712,315.480655600622,317.808651432465,320.889156949932,324.882193302474,329.973823369585,336.38428615098,344.389042378996,354.355088334755,366.787751441959,382.365069555929,401.919234166593,426.322691571746,456.267867564155,492.007730602496,533.199256448776,578.985810556353,628.340617248195,680.482117845074,735.061964275971,791.93337901668,850.507182874494,909.126731318461,965.976685796267,1017.79960902515,1062.08815211762,1097.53109725662,1124.209841376,1142.96316282342,1154.96712662503,1161.55787340983,1164.44752914115,1165.1740383632
311.554116951535,311.974882420135,312.765363900452,313.983584875481,315.713741271587,318.066260788401,321.176997249385,325.20617898694,330.340380786428,336.800689720755,344.86387617241,354.899109414195,367.414245119361,383.08872865812,402.753338623058,427.273351740078,457.328190687616,493.153055119793,534.386488619336,580.159462554452,629.43975428766,681.443798230347,735.822148034535,792.41772457163,850.620795487001,908.745252175179,964.954452641856,1015.97888618444,1059.3279306995,1093.73694224698,1119.35767448456,1137.11042687762,1148.2446319914,1154.15352757131,1156.57042533129,1157.03867254545
311.741830907274,312.167433961941,312.966817053954,314.198356241501,315.946731488182,318.322920545341,321.463283963422,325.528694606031,330.706261606747,337.217806068793,345.341324643142,355.447241439314,368.045189644324,383.815570432567,403.587611338521,428.220795572352,458.382900266797,494.291696182287,535.567357615771,581.326046066245,630.527307981976,682.388085693039,736.557017475375,792.870868493659,850.699650989368,908.32476125704,963.883666216955,1014.09788743424,1056.50172215447,1089.8845213304,1114.46156679935,1131.2132683215,1141.43576677557,1146.56421673127,1148.38511882645,1148.4980906152
311.930326270255,312.36086119542,313.169360097976,314.41461266474,316.181760096297,318.582253657409,321.752938392277,325.854998807553,331.075882048313,337.638028036062,345.820387121613,355.995525600214,368.675065760601,384.541139723078,404.421472611432,429.168864958321,459.437530581721,495.427323794055,536.740134294906,582.479035709153,631.598151605377,683.31424489894,737.272957695122,793.299820411134,850.743116160151,907.856301024423,962.756612323529,1012.16022528653,1053.62237844001,1085.97721949604,1109.49642847098,1125.22420255922,1134.5176301517,1138.86996084873,1140.11629942318,1139.89634259967
312.120460557004,312.556106296377,313.374020863446,314.633299141561,316.419556553128,318.844620390392,322.045628119422,326.184107825777,331.447779958302,338.05983192721,346.30046135844,356.544181523845,369.305241105965,385.267056569235,405.255681277467,430.116602980441,460.490100015239,496.55821387812,537.904559962274,583.61996711149,632.654557291058,684.222988576476,737.967819411598,793.701204541886,850.751709118958,907.342768730632,961.577962188393,1010.16619662344,1050.68335711106,1082.00450365002,1104.46057207986,1119.16322528663,1127.54015576101,1131.14307671189,1131.84960563836,1131.32486689291
312.312834649487,312.753579376967,313.580942867825,314.854248093649,316.659516479353,319.108947759532,322.340017153508,326.514606944945,331.820848952011,338.482671854618,346.781617216039,357.094287340914,369.937068813283,385.994451478826,406.090580925909,431.063105687493,461.539268897326,497.682992139247,539.060779037299,584.751080434908,633.697900088733,685.114847159476,738.639277127742,794.073541274675,850.723355176114,906.787517657636,960.35046464125,1008.11778492512,1047.68353369797,1077.96796669699,1099.36263991278,1113.05152608063,1120.52877631282,1123.40365153654,1123.58992841904,1122.77308108855
312.507451598941,312.953213228327,313.789760100673,315.076795985271,316.900711407959,319.374109587952,322.634979053178,326.845542060864,332.194535785008,338.906564873533,347.264538693614,357.646717797722,370.571287331202,386.723591962912,406.925497095408,432.007768990098,462.584237116808,498.801619910895,540.209112523514,585.871920961005,634.728014106453,685.988541755335,739.287523337382,794.415146793573,850.659147028381,906.189966890749,959.074888219193,1006.01433010393,1044.62536445611,1073.87461460033,1094.2143605094,1106.89029093451,1113.46009192471,1115.58530713711,1115.22078184163,1114.08790212185
312.703590733713,313.15443108221,314.000312853656,315.301245687643,317.144005592536,319.64162212589,322.932404906915,327.17902000078,332.570526793389,339.332400710804,347.748769527644,358.19978953959,371.205713056303,387.452779002541,407.760454584208,432.951871494559,463.627172693476,499.915570990923,541.34907632866,586.981060052028,635.743503473491,686.845144599307,739.914081293472,794.729704423683,850.558391137267,905.546740136238,957.747245791092,1003.85742139347,1041.51438937162,1069.7276189841,1089.01041532462,1100.67765297096,1106.35864821785,1107.77022674949,1106.89988807636,1105.48523124123
312.901819413533,313.357736674237,314.212928599425,315.527731725423,317.38924489784,319.910928177432,323.231446374969,327.513835377012,332.947762515927,339.759407637919,348.234260122179,358.754285015697,371.841680639455,388.183133617713,408.595598788156,433.894425832566,464.666336183475,501.023374797742,542.480717879079,588.079585963853,636.745464036541,687.683678124047,740.517424734008,795.01427785938,850.421256980451,904.861359758056,956.370793536001,1001.64611528144,1038.34640618482,1065.52518914196,1083.75950231601,1094.43909148882,1099.25798507002,1099.9864972615,1098.63898166356,1096.96137567379
313.102242161732,313.563085106052,314.427337255047,315.755650856296,317.635526651098,320.180918494549,323.530923875992,327.849067672303,333.325641032507,340.187553919252,348.721548294072,359.311170827653,372.479945532441,388.914914653719,409.430566728106,434.834718716504,465.701130339082,502.125025554927,543.604566357881,589.167987654405,637.73379122938,688.503888141211,741.096856336799,795.268989596316,850.247913403086,904.132899624494,954.944371729327,999.37867765443,1035.11995171291,1061.27106023282,1078.47145963574,1088.17418753153,1092.13198420519,1092.15963982699,1090.30576003249,1088.33937480709
313.304264381846,313.769938705648,314.643100466938,315.984804462525,317.882992078293,320.45207377238,323.831684769689,328.185845438726,333.70528457524,340.617671311927,349.210712264163,359.869486014829,373.119174868675,389.646929132679,410.264935746462,435.773313465905,466.73293355907,503.221633364152,544.720491295077,590.244649556795,638.706844748786,689.305640712207,741.653690089169,795.495564721748,850.039738759313,903.358949075276,953.463590104578,997.052357243736,1031.8379337085,1056.96914290093,1073.13997852999,1081.85894995997,1084.93006646247,1084.21724663896,1081.81145462233,1079.52562392352
313.507171159915,313.977990660717,314.860650477833,316.216458142397,318.13377720763,320.72735687369,324.137098635101,328.52722539259,334.088835348471,341.050205926033,349.700417401039,360.426621124727,373.75620830677,390.377333965252,411.098929314998,436.712616294842,467.764358721214,504.314125309192,545.826244142308,591.306735446541,639.662065650554,690.089012269117,742.191013040671,795.697097369571,849.794481264963,902.53635359158,951.927566078786,994.671553848026,1028.50371248515,1052.61451872778,1067.75292363048,1075.49878851466,1077.73063162041,1076.36831472226,1073.525715219,1071.00860798411
313.712869929179,314.188684416018,315.080495236683,316.449942920966,318.385745238002,321.003122736202,324.442375511526,328.86810519905,334.471942035126,341.483040441581,350.191682743466,360.986590988524,374.396615110876,391.110220926143,411.933037238792,437.648854146666,468.79000730204,505.399017060171,546.924457033108,592.35956848501,640.605552069407,690.854259290155,742.702565734672,795.866274717439,849.512134990442,901.672169793508,950.342497929063,992.232442341336,1025.10886542189,1048.20712537867,1062.33258533106,1069.12301220675,1070.50961636519,1068.45603535422,1065.111193713,1062.30773778885
313.919729274551,314.400631739119,315.301792914164,316.685191610678,318.639908235391,321.281510342308,324.750653468693,329.212190222127,334.858137713517,341.918303505459,350.684246730313,361.546636884414,375.036215807616,391.842018013517,412.766475894213,438.584568763967,469.813813557639,506.479450562089,548.013379980854,593.398869075108,641.532012247797,691.600163869309,743.192824329274,796.008346879987,849.193442279516,900.761358465142,948.702572433401,989.73784413624,1021.66140750151,1043.7518264919,1056.86951019322,1062.71321394222,1063.27691224705,1060.57647455528,1056.78416773625,1053.73736953834
314.128693237691,314.614688493745,315.525203016135,316.922518061351,318.896063068868,321.561755619969,325.060535086579,329.557646888273,335.24540749599,342.354577615525,351.177887685276,362.107870267665,375.677003904146,392.574687187128,413.599726475128,439.518308973511,470.833626123322,507.553435921547,549.093653864537,594.426882602897,642.443981056787,692.328245054788,743.659196653402,796.120372525411,848.837589008724,899.804755441857,947.010756727349,987.185958087815,1018.15644482799,1039.24654777536,1051.36982055961,1056.28669200744,1056.04958986772,1052.71982225097,1048.49160697122,1045.20710902426
314.339323405924,314.830498782713,315.750526823664,317.161944168215,319.154503292392,321.844398941023,325.3729026788,329.905476337387,335.634830683318,342.792463877019,351.672569380785,362.66959556791,376.317955069907,393.306994574291,414.432418795389,440.450890880899,471.850652255756,508.621654960702,550.164941288492,595.442530366334,643.340219140971,693.037224337152,744.102904402985,796.203082394495,848.444221058315,898.802054189504,945.26559637863,984.579210285123,1014.59879675026,1034.69464605866,1045.83858895318,1049.85805369752,1048.86810316062,1044.97238136409,1040.37561776179,1036.90111823643
314.552577038128,315.048671992622,315.977732804374,317.402583909128,319.413413448685,322.126811384266,325.684509179831,330.252402031438,336.02380117065,343.230899463009,352.16911138404,363.234267888576,376.962048496015,394.041490011023,415.264681418768,441.379551678585,472.861093391456,509.682302101816,551.22796167603,596.44836636117,644.224023151918,693.727326663537,744.520291704775,796.253709050839,848.012983401931,897.75671516021,943.470568440567,981.915287890339,1010.98597961588,1030.10290554165,1040.28991746774,1043.42167358469,1041.65306133749,1037.12066541901,1032.05808244731,1028.31618308445
314.766592281683,315.267842456602,316.206384938873,317.645329291011,319.675205035764,322.412927349336,326.000430555144,330.603802368276,336.416695049769,343.671985169335,352.666445019153,363.797861316275,377.603986624102,394.773878053812,416.095904388084,442.308515723927,473.87101021123,510.738740766609,552.280969600311,597.439368323829,645.089006297187,694.398415766358,744.916746391442,796.27773269742,847.544499998571,896.661978069475,941.621096145623,979.20045416221,1007.32934242375,1025.47054677928,1034.70094291519,1036.95614726693,1034.45398434888,1029.37457537399,1023.95949962162,1020.03867780253
314.983132273615,315.489549069942,316.437525884228,317.89044500957,319.939066935389,322.700647595645,326.317379790811,330.95571916144,336.809802306303,344.113384137708,353.164547439944,364.363019740437,378.24784942832,395.507852870717,416.927092108365,443.234656617634,474.8753051487,511.7873187561,553.324988828151,598.419685656221,645.941037240279,695.051316264765,745.288286838807,796.268683102483,847.037145879827,895.524955936803,939.724286122989,976.43358128699,1003.61779672819,1020.79201228422,1029.08929272189,1030.50937477333,1027.32263387234,1021.74103798994,1016.00359412899,1011.92050133456
315.202325904532,315.71351281666,316.670272777278,318.136304444695,320.202747645553,322.987355032901,326.632848990007,331.306180589515,337.202162959367,344.555401100549,353.664960969972,364.931708612205,378.895293763075,396.243862696913,417.757445941286,444.156597738854,475.87265458073,512.82786954202,554.360960912707,599.391240573076,646.780007801173,695.684208861366,745.632381011631,796.226326828821,846.493733742089,894.34619616979,937.779815274732,973.612351833362,999.854871706558,1016.07678829066,1023.46505993487,1024.05631085993,1020.14710496806,1013.97106570244,1007.79163093413,1003.45050983087
315.421698596421,315.938058436594,316.904304449413,318.384409855168,320.469896210662,323.278729919258,326.953882427723,331.662488322002,337.599636445437,345.000538303505,354.165819368066,365.498091321057,379.538983256549,396.976421036849,418.586297175308,445.079065532579,476.870624509999,513.864910112345,555.386631454909,600.345078997693,647.599017530094,696.297437197631,745.956925028133,796.159960597934,845.912060333089,893.117446244175,935.77906942726,970.740094617741,996.049283763944,1011.32274151485,1017.80111193137,1017.58496369137,1013.03077029314,1006.40637966217,999.965487581866,995.506447959776
315.644000696257,316.165454519206,317.141078953068,318.634989099951,320.738966865048,323.571331721957,327.275324357173,332.018514012935,337.996508275884,345.445504674985,354.667373226947,366.066566294477,380.185439501154,397.711272176265,419.41527530476,445.998345798404,477.861695238258,514.893406773494,556.402862999396,601.289657344089,648.404815889387,696.892034669457,746.254982767376,796.059089809272,845.293092140744,891.8485623453,933.733698058313,967.81595785144,992.189135270972,1006.52654882585,1012.13499974794,1011.17415718787,1006.04753235518,999.034468548201,992.367758920248,987.80601405144
315.868944222996,316.395120064531,317.379345886235,318.886122922073,321.00759947055,323.862617400959,327.594927686511,332.372743881138,338.392503715004,345.891091286792,355.171313893924,366.638588347072,380.835505886507,398.447980160296,420.24283710197,446.912700959922,478.845461568918,515.913503879242,557.410883053671,602.224988554981,649.198058468138,697.466542425851,746.524611686069,795.925343298031,844.637276038357,890.538832569516,931.642125851024,964.840557014182,988.282859834008,1001.70908185379,1006.48383913588,1004.80532177701,999.086485501675,991.610353509675,984.610659998945,979.857801392726
316.094587591742,316.625558319094,317.618642666742,319.138619599465,321.27814466598,324.1564242311,327.917701650908,332.730551167191,338.791889535447,346.339290976572,355.676555879545,367.210219743211,381.483884313547,399.182448879869,421.068957745356,447.825719645133,479.827384522048,516.928782871805,558.408966690392,603.144751326143,649.971972417585,698.020822592649,746.77320211938,795.76466390436,843.945577599141,889.183083706081,929.498341754311,961.819598621986,984.346182814395,996.876106625055,1000.82655932273,998.435768595545,992.143183112935,984.239712416586,976.956231219305,972.051171704771
316.321916774965,316.857835338077,317.859979360621,319.393488759151,321.551271972612,324.452985096127,328.24315423508,333.090827307461,339.193149192706,346.788719045051,356.182340436355,367.781863717443,382.131909679605,399.916583107455,421.894031950381,448.737124317532,480.805257789186,517.937313890629,559.396970069715,604.051118358467,650.729937628434,698.555126929334,746.997096528698,795.573608450494,843.215616634189,887.782770492626,927.309058745804,958.755683100684,980.374876706793,992.02218351638,995.169404808415,992.099878904257,985.280953461668,977.010186336468,969.502164871374,964.488389864011
316.551468518235,317.092258268001,318.103373395465,319.650170973439,321.82594808047,324.750724638619,328.569456038037,333.451614372987,339.595037075968,347.238831151442,356.689107287615,368.354826397869,382.781421033714,400.651446160902,422.718385346129,449.645143907938,481.777759379242,518.937887197983,560.375099906114,604.945759534195,651.472335796597,699.069736530314,747.196181550553,795.351327066448,842.450318992017,886.342951362245,925.077471035249,955.650846935677,976.369616534634,987.153924765319,989.529850761191,985.819215104815,978.508676228675,969.89391192819,962.170996503693,957.050176630617
316.782788972197,317.328442382215,318.348430099343,319.90843426885,322.102128085537,325.049951607725,328.89721098912,333.813814996725,339.998199353022,347.690249623467,357.197058052755,368.928808290686,383.431396829589,401.386042311351,423.541265255916,450.550845569633,482.745262213308,519.931361268089,561.343562337054,605.827474665469,652.198570598898,699.564302046088,747.369959410412,795.098718278262,841.647706229949,884.861421998887,922.801542403807,952.505655245212,972.337913137997,982.280212192123,983.913849173839,979.596599102418,971.829257731282,962.902563269926,954.989720160312,949.776912821029
317.015972509844,317.56639848489,318.595179201305,320.168271607151,322.379758190083,325.350392039783,329.22608313103,334.177149050023,340.402458182544,348.142796876884,357.706196085617,369.503926527356,384.082019005185,402.120604420121,424.363048894789,451.45335483519,483.70790628551,520.917535980894,562.30191047808,606.696342452033,652.908778732491,700.038593851327,747.518965361714,794.814930732876,840.808799117627,883.338664536629,920.484808570053,949.324865960307,968.28367234044,977.408138830776,978.329112849114,973.435981993934,965.236044119444,956.009567640017,947.909063132191,942.600841488273
317.250782611666,317.805991453197,318.84360253323,320.429854062009,322.659125066697,325.652734847037,329.556827251062,334.542241509114,340.808415108254,348.596776842591,358.216273837159,370.079338531529,384.732519881394,402.854518365717,425.183292373591,452.353130704743,484.666311910475,521.896487787195,563.250143504739,607.551538170757,653.602119733864,700.492621847745,747.643143464796,794.501911419272,839.935022236624,881.776362501257,918.127450238423,946.11035174435,964.213181413966,972.543003653079,972.77952851041,967.338208926545,958.7331592777,949.233752215274,940.969033015906,935.580998630485
317.48735932736,318.047381355286,319.093827803767,320.693207951068,322.940343973646,325.956850521233,329.889320548949,334.908978525364,341.21573278016,349.051844115543,358.727215571833,370.655345863176,385.383238530397,403.587930891197,426.002270188313,453.250344870499,485.619772947911,522.868422828265,564.187942448725,608.393327535438,654.278394436398,700.926155660777,747.742821086605,794.15924516998,839.024855578415,880.174539410108,915.732266053124,942.867106430282,960.129569525768,967.688701990715,967.268762194511,961.312267887391,952.336288401401,942.59547741349,934.192457942857,928.741632858992
317.725834875047,318.290648028092,319.345869110244,320.958330640391,323.223183044546,326.262393938919,330.223047174894,335.27679389355,341.624158121643,349.507896337777,359.239126008162,371.232192868745,386.034452708954,404.321256189398,426.819966043064,454.14441079522,486.567965473274,523.832507884761,565.115465493998,609.221664402607,654.938654110381,701.339504068221,747.817173505052,793.785378598589,838.080473145003,878.536539639057,913.302455855405,939.598371831785,956.037385980962,962.850719629269,961.806256267472,955.365242718378,946.043755826168,936.07855097019,927.545741636388,922.034438367
317.966068545241,318.535651885254,319.599645899871,321.225103739308,323.50759290317,326.569513590781,330.558310875286,335.646055172835,342.033809976745,349.965091670477,359.752017399382,371.809668283818,386.685804554415,405.053906739692,427.636005150262,455.035180750874,487.510897156588,524.788868564366,566.032425600928,610.036720116079,655.581722380298,701.732196090798,747.86694036897,793.382811474106,837.102085810829,876.86273091377,910.840197082771,936.307507568368,951.942434243954,958.034949303613,956.393775046736,949.49601607595,939.853590164365,929.683991226221,921.035725651213,915.47087764852
318.208100088873,318.782425982126,319.855166703482,321.493649275757,323.79373774406,326.878300121224,330.895119963155,336.016799401461,342.444754016615,350.423398374948,360.265602898824,372.387696746095,387.337371630609,405.786193113771,428.450465594831,455.923180372475,488.448939505552,525.737532835297,566.939012369498,610.838416657649,656.208466357368,702.104839405057,747.892093081125,792.950514222321,836.09013485576,875.153537589051,908.348410126142,932.998445904552,947.84837456012,953.245200053368,951.035010173793,943.709927625842,933.775053269729,923.427034601121,914.682202314127,909.078869980327
318.452019361284,319.031122515045,320.112558054743,321.764002438088,324.081643794349,327.188664104923,331.233358411077,336.388629081277,342.856670900312,350.882542003056,360.780004842954,372.966356145181,387.989283603374,406.518158099189,429.263553290309,456.807740163067,489.38130605315,526.677880198306,567.834653132243,611.626551538627,656.818563173627,702.457082176611,747.892159625282,792.488272899178,835.043674172692,873.411160561856,905.827452479026,929.673533922601,943.757852651006,948.484891292295,945.736495146395,938.014486357037,927.815729104378,917.313462854398,908.492951731561,902.860084852334
318.697866077706,319.281686526125,320.371732711182,322.035998098982,324.370970262691,327.500256111524,331.572590550179,336.761368551694,343.269387455454,351.342451250687,361.295341075207,373.545908072421,388.641765641974,407.249991001225,430.074996369677,457.688780272574,490.307575382178,527.609923082062,568.71952158923,612.401512600061,657.412878347318,702.789321179039,747.867287679717,791.995347567027,833.964617043046,871.635336484391,903.280476283171,926.336031487951,939.676128881333,943.760171119161,940.50216896751,932.412677036541,921.973951630557,911.334035336524,902.445656705603,896.787019048012
318.945569692408,319.534028548082,320.632641294093,322.309620273006,324.66182127497,327.81325128103,331.913088985689,337.135258913211,343.68314643552,351.80333720973,361.811496368015,374.126110794762,389.294581935902,407.981432697558,430.884889891659,458.566288217331,491.22836733753,528.533835706977,569.593806791557,613.163003560878,657.990387392773,703.101143831574,747.817831406649,791.474178005015,832.853114278999,869.828955619227,900.709781464575,922.989601656849,935.606827379086,939.074761109402,935.335695424947,926.906183669713,916.253797856901,905.498524518762,896.560978376053,890.888022884325
319.19507860082,319.788186055533,320.895278955759,322.584846298493,324.954151917567,328.127569149658,332.254779961195,337.510166622659,344.097787949516,352.265035893616,362.328338000546,374.706954603361,389.947644683843,408.71224166384,431.692868741749,459.440301928043,492.142831365192,529.449225393674,570.456635395767,613.910759314559,658.551345668405,703.392736285218,747.744114494739,790.92414010526,831.710964067172,867.992500851287,898.116585828777,919.63563721877,931.552442997761,934.431425349318,930.241428560149,921.49942445859,910.655824519191,899.80235463349,890.824329572772,885.142926990228
319.446405786817,320.044091857378,321.159658653115,322.861762545934,325.248030698408,328.443318138754,332.597665202881,337.886219671292,344.513483884613,352.727603935549,362.846045332299,375.288329230215,390.600892251885,409.442555679476,432.499104896382,460.31070817366,493.051669464469,530.35618541034,571.308703720613,614.644825198152,659.09555115266,703.664314120027,747.645308520705,790.344783894777,830.537883214001,866.128176777001,895.503536080396,916.277923993738,927.517066783113,929.83327459501,925.221231408646,916.196317707168,905.188688192868,894.261785661551,885.264439779136,879.585431579115
319.699651071998,320.301839081654,321.425708750723,323.140172787094,325.543243701896,328.76020005372,332.941597749949,338.263071837107,344.929879812441,353.190983278789,363.364560346519,375.870517941894,391.254532325677,410.17253817015,433.30336999254,461.177276467029,493.954345384133,531.254695550842,572.149598214998,615.365091055416,659.623106082757,703.915942679796,747.522592400278,789.739132610548,829.336480253541,864.237673232665,892.873739513627,912.919343004463,923.503262583304,925.285814629751,920.280442183194,910.998229114231,899.845720631189,888.853226879757,879.838505015274,874.160522409038
319.954564660114,320.561273702577,321.693382110017,323.420172293157,325.839932823314,329.078427749669,333.286719155436,338.641059398258,345.347355447797,353.655305484483,363.883741615131,376.45315254364,391.90812114186,410.901543309486,434.105818941815,462.040078656051,494.851065621758,532.144703210858,572.979586462309,616.072097948821,660.133990483549,704.146549051773,747.376524565617,789.105860043318,828.107282233676,862.323543130578,890.230193513516,909.564319082782,919.515534294311,920.790923302916,915.419061085031,905.903962315868,894.627772537047,883.58739935891,874.568222787907,868.900014830227
320.211219659156,320.822450992324,321.962800746218,323.70181626049,326.138224347266,329.398180684364,333.633261879471,339.020279238498,345.765883581205,354.120411084565,364.403654218651,377.036153570624,392.561649470839,411.629820967769,434.906070584661,462.899069098697,495.741822054608,533.026042689388,573.79831832015,616.764804562882,660.627818832392,704.357485361049,747.206245513177,788.446675757794,826.851510963451,860.38793993743,887.576185837737,906.21591689241,915.557769322207,916.350881315117,910.639766123414,900.919907495231,889.54867642223,878.490871519404,869.491607357083,863.850372951838
320.469813833544,321.085457369565,322.233906375346,323.985035293508,326.437839911664,329.719014107792,333.980677380848,339.400243461638,346.185030356924,354.586294973856,364.924262200466,377.619826043651,393.215533306431,412.357379855761,435.70415247748,463.753665979186,496.62609602723,533.89866150058,574.606171558042,617.443627512052,661.10493579278,704.547977301233,747.012608016576,787.761858624701,825.571547147069,858.43313445296,884.914208347274,902.876294076356,911.63158475196,911.969114384495,905.94929154058,896.05321748492,884.610238183824,873.550578526252,864.578938297599,858.965867291485
320.730068471872,321.350103209581,322.506618470789,324.269768908948,326.73894137459,330.041262973569,334.329382275315,339.78139896966,346.605272588737,355.053132723312,365.445617424721,378.203784667658,393.86915581286,413.08396215183,436.499922175067,464.604494554927,497.504159904195,534.762571691675,575.402321569173,618.108486772619,661.564864009374,704.718627415964,746.795873835013,787.052329961801,824.268556995863,856.461572658521,882.247100232124,899.54989556635,907.741223603769,907.650824293006,901.349825866907,891.307466852918,879.823260918192,868.789671141383,859.871883440773,854.30311484505
320.992107856657,321.616434865493,322.780941078901,324.555921049688,327.041252659009,330.364511500421,334.678952373977,340.163337705474,347.026353275443,355.520676810017,365.967736601292,378.788456626082,394.522837525666,413.809679976382,437.293390381365,465.451040436423,498.375841271097,535.617785166461,576.187430387394,618.759116239662,662.008069011335,704.868900158118,746.556658772785,786.319712445056,822.944055088676,854.475013293264,879.576445469291,896.237634465819,903.888999365327,903.399401057336,896.8476757179,886.684582867636,875.175716117414,864.171832496392,855.302391489884,849.771363058275
321.25575349973,321.88434955519,323.056729164749,324.843462402512,327.34488227497,330.68905906799,335.029784243592,340.546457735348,347.448514827966,355.989256959944,366.490605708887,379.37341313007,395.176205003065,414.533872049515,438.084313047293,466.293191798566,499.241247548813,536.464539441518,576.960894964623,619.395621471416,662.43367753525,704.998619013915,746.295223865382,785.564840337643,821.599644157082,852.474871965931,876.905721209537,892.943796914906,900.080141911789,899.218814619346,892.442080118232,882.177741138137,870.652669324121,859.679186877396,850.853240538692,845.355147275314
321.520880373888,322.153829087941,323.334169232132,325.132846232719,327.650474287783,331.015617929002,335.382655706674,340.931493434963,347.872215984451,356.458832696575,367.013855386611,379.957841780381,395.828382535021,415.256599476512,438.872743609109,467.131874148641,500.101209161093,537.302894195502,577.722744638555,620.017054874563,662.84136385828,705.109343176852,746.013631805018,784.78968813913,820.237218199527,850.463314410006,874.235659373058,889.671248790564,896.316981103305,895.109447132203,888.130904022972,877.787945332049,866.275244508019,855.369662431275,846.625322174071,841.188442112623
321.787884294255,322.425186851405,323.613481099212,325.424003102104,327.957763668555,331.343743377013,335.736809857949,341.317562915764,348.296647516868,356.928914385869,367.537392899983,380.542536535968,396.480488386272,415.978189443273,439.658972996192,467.966539926537,500.954616225159,538.131813310272,578.473071626223,620.624017273739,663.23265662184,705.20095495221,745.71040004972,783.992021463947,818.855454676925,848.440896741955,871.56854136547,886.421203281858,892.600195454647,891.072482397471,883.920647912561,873.531165049471,862.065033777876,851.256418379323,842.620101156084,837.260034145037
322.056802653681,322.698333382294,323.894490773206,325.71667681269,328.266247713408,331.672788847848,336.091678556333,341.704068013431,348.721526211877,357.399479441617,368.061489564191,381.127915456317,397.132747280876,416.699209002005,440.442485958075,468.79629155088,501.800787812007,538.951293010889,579.211541712908,621.217758373895,663.607198543122,705.272797575332,745.386350315127,783.173317753645,817.456161373567,846.409500748333,868.906767444302,883.195620307694,888.932466687859,887.113225773865,879.819835216129,869.413320046826,858.015121954122,847.317511235271,838.790966768972,833.506497542585
322.327392427905,322.973159210399,324.177053221993,326.010784659361,328.57617708082,332.003113550677,336.447735826381,342.091760799242,349.147403603907,357.870910296857,368.586070109811,381.713157732423,397.784353167452,417.41857712307,441.223615865849,469.621803374251,502.640291717117,539.761796221745,579.938404617646,621.796618123942,663.965027310979,705.326249228249,745.041683497595,782.334733493564,816.040422575936,844.370492150953,866.252570104759,879.998239331916,885.318428567657,883.235909547079,875.829850260894,865.433629413328,854.130651234424,843.568855737162,835.17645117604,829.983022740717
322.599664331549,323.249621637228,324.461196939484,326.306439596624,328.887462430054,332.3347258728,336.80491462972,342.480317574693,349.574089159348,358.342933301098,369.111208364699,382.298611763954,398.435868794783,418.136706639749,442.001873538775,470.442562941091,503.473021927225,540.563205672674,580.653357548719,622.361164861248,664.306271409939,705.360802023583,744.677220810873,781.477689094297,814.610745641493,842.327256769177,863.60801378032,876.832063333555,881.761695969725,879.444605609354,871.954432144804,861.597168412379,850.41268735507,840.006907997291,831.759278277303,826.663066682829
322.87384045686,323.527833703472,324.74681473891,326.603165445815,329.19945908221,332.666639941616,337.162106246,342.868959027393,350.000973073381,358.815556635894,369.637267339006,382.885227088189,399.08757064392,418.854104126056,442.777473685824,471.258025287431,504.298183717241,541.354439080515,581.35679153203,622.912429883152,664.631089296584,705.376426613566,744.292216846897,780.601615944174,813.168624731363,840.281051376514,860.977235299482,873.699930147434,878.264403600406,875.74259441143,868.194690208797,857.88614369766,846.804452796474,836.50843548639,828.34914016527,823.304825811733
323.149139374736,323.807209891663,325.033723847631,326.901348627352,329.513110779409,333.000515425931,337.521442453154,343.259799791036,350.429816143273,359.289483664507,370.163680844302,383.470849765772,399.737450740499,419.568609983572,443.549580679195,472.069731926008,505.117901768115,542.137631391469,582.047946444036,623.44745513218,664.938241471567,705.373213000977,743.890152884158,779.710598583956,811.714916778611,838.232442157829,858.359493474743,870.60542977261,874.832130589794,872.12886447259,864.534338337702,854.273161414543,843.289075830483,833.10363506799,825.039076207332,820.055212593568
323.425963461488,324.088183635433,325.322386425877,327.201528799272,329.82894781725,333.336671148511,337.883064208931,343.652564558925,350.860118559972,359.764229482171,370.689979539815,384.055732746559,400.385968603123,420.281409030173,444.318917669259,472.877203751631,505.931281865062,542.911763931828,582.727244472252,623.967426722246,665.227794913306,705.352448045488,743.470224505421,778.803455132565,810.250712013213,836.184478668824,855.760084532344,867.550553567956,871.463301225759,868.595861044825,860.967216734146,850.766616854068,839.901963011772,829.860884782358,821.931278818892,817.038542062186
323.704677159543,324.371085924981,325.612906497596,327.503394237455,330.146289920941,333.674034691943,338.245541488231,344.045943106282,351.290767457996,360.239155578174,371.216566046863,384.640799445422,401.034309542037,420.992896486174,445.085775150635,473.679795765689,506.737251111253,543.676205098773,583.394461326639,624.473992848919,665.501577916385,705.313861904247,743.031951852313,777.881257255262,808.778642143571,834.140619815904,853.181841004522,864.536551191435,868.154041212367,865.142268494948,857.500257811219,847.380745421713,836.653907651372,826.771172390491,818.984929462298,814.186549096234
323.985264416152,324.655718310943,325.904976720633,327.806606643932,330.464707984121,334.012217333933,338.6087098988,344.439855385297,351.721837432021,360.714622147146,371.743619329496,385.226145054563,401.682274376428,421.702953328175,445.849225254401,474.476830722156,507.535704363692,544.431062855099,584.050034004516,624.966482860164,665.75992945953,705.257154459891,742.576096612151,776.943817795425,807.300324804016,832.103492495584,850.62696794943,861.564675426531,864.907012913859,861.770444735914,854.134370908898,844.111372933848,833.531408333262,823.807452793693,816.158714871946,811.449641781443
324.267413340824,324.941886843548,326.198543288831,328.111176696247,330.784374799887,334.35156917489,338.972843724666,344.834628225281,352.153773574881,361.190668160168,372.271011749221,385.811464188435,402.32945677081,422.411315210378,446.609482918071,475.269331421739,508.327109380102,545.176412739043,584.693501625505,625.444998612378,666.001062283356,705.183252467634,742.102976910079,775.993439610624,805.816274639516,830.073011169327,848.094967976928,858.635319962702,861.723276754114,858.481316540959,850.866034407264,840.949524950828,830.519797686263,820.954450829483,813.440686113586,808.817765425012
324.5511012694,325.229571080254,326.493612430449,328.417328369209,331.105631838567,334.692429084102,339.338518355558,345.230760726776,352.58676489674,361.667468836114,372.798703314823,386.396321214788,402.975416328385,423.117384493354,447.366610622956,476.056837144193,509.111605876635,545.912217697104,585.325033008268,625.908406329015,666.226256437347,705.092124593304,741.614389919383,775.031724301692,804.327617814859,828.05050709954,845.587763207234,855.750490068451,858.603953424394,855.274605029236,847.692638626317,837.894570920215,827.629816963692,818.242778497616,810.885537615191,806.363937004258
324.836670277571,325.519048545388,326.790270391169,328.724767893561,331.427834723547,335.033951487788,339.704422010099,345.627027537594,353.019906636521,362.144460866686,373.326802853575,386.981612311068,403.62144047453,423.822283470723,448.120518693771,476.838654924824,509.88802508388,546.637734787894,585.944985286437,626.358567783443,666.436305437282,704.984966516554,741.110861366648,774.059102347328,802.837781035633,826.039512474248,843.108086943558,852.910411876252,855.546945620993,852.148419030843,844.615312860707,834.939870813135,824.825208992305,815.580209772,808.336091371275,803.882008391561
325.123810748506,325.809947426445,327.088172178861,329.033143832623,331.750696708803,335.37594754914,340.07081574233,346.023720146509,353.453586483612,362.622171170238,373.855624727287,387.56713660685,404.266751606083,424.525397287294,448.870822038826,477.614908053862,510.657030778239,547.353905680807,586.552834379195,626.794626473589,666.630150255972,704.861297402221,740.592561970562,773.077617261574,801.347372083533,824.040989919055,840.65602478823,850.116233523517,852.555848635963,849.101668771889,841.618406054429,832.041120437351,822.022866686252,812.844848816077,805.6320336865,801.187946301418
325.41183290126,326.101911581005,327.387395187494,329.343342166594,332.075866716739,335.72068089547,340.440214518022,346.423384008359,353.88966875092,363.101240517854,374.383956461067,388.150867014889,404.909123020169,425.224727382009,449.617490694447,478.387615246264,511.4209848241,548.061814769544,587.147867956729,627.213936176876,666.806731882506,704.722522121642,740.063687689325,772.090575811026,799.858979639135,822.053819185085,838.231605055079,847.370776451789,849.629947544522,846.124100337287,838.676130716173,829.175387944216,819.243575817358,810.145028475353,802.999250186795,798.599006072062
325.701516901264,326.395658736626,327.688630153756,329.65567995001,332.403388374891,336.067704903124,340.811647430582,346.824638928952,354.326679847492,363.580350003197,374.911994787818,388.733395733706,405.5499288371,425.922097041562,450.361169776157,479.155484146355,512.177721127193,548.759868852398,587.730380054389,627.619005631902,666.967632340656,704.56875818648,739.522634949559,771.097004812115,798.372603157946,820.083366599978,835.839937298397,844.671969359441,846.759019815787,843.202149632105,835.787985295391,826.369701068779,816.544496726444,807.564889845678,800.530011294219,796.206738067043
325.993375874673,326.691468476283,327.991649827494,329.969485782059,332.73188051189,336.415198647417,341.183090309972,347.225592874191,354.763305747634,364.05939827586,375.440041206841,389.316540046217,406.190990081782,426.618481487168,451.10167680146,479.917224487815,512.925583106282,549.447133591728,588.301261156982,628.011354161138,667.114766859836,704.400332634291,738.967976555166,770.095871260278,796.891360461766,818.132023118169,833.481751081476,842.01744841686,843.938296344589,840.337219237315,832.963953040349,823.635609710989,813.919142579981,805.047984492929,798.104464378397,793.840463082574
326.286837874126,326.988766745822,328.29603148977,330.284459359865,333.061318315307,336.763547531562,341.555206996346,347.62711611268,355.200476143302,364.538793443826,375.968514982385,389.899377844957,406.831038407568,427.312557914152,451.838273091536,480.673657324541,513.666033740386,550.124533198123,588.860552357044,628.390371320387,667.247439539798,704.217542533591,738.402163409613,769.090221226446,795.415604261523,816.199400806883,831.156390512672,839.406518196427,841.170380186971,837.52857963335,830.200196170587,820.960682317398,811.349807227479,802.580886039835,795.723313180924,791.513685428486
326.581775722659,327.28752642348,328.601888012131,330.600866734215,333.392140719817,337.113068087217,341.928466261525,348.029663203092,355.638446059649,365.018807212503,376.497013395626,390.481856806309,407.46965184365,428.004447754023,452.571468475875,481.424656052522,514.398902294553,550.79257425879,589.407383719856,628.755261777782,667.365288260185,704.020654685105,737.826107852036,768.080960619611,793.945017023128,814.284937156159,828.86241799031,836.838366558804,838.454244770168,834.776423781237,827.492723348044,818.345150125502,808.845081881907,800.188924828655,793.43022838268,789.285689867371
326.878349023594,327.587895962568,328.909201148304,330.918598610038,333.724145302219,337.463742064404,342.302619680718,348.432889002225,356.076902102387,365.499105320115,377.025544799966,391.063950722829,408.107322464654,428.694135764874,453.300626195038,482.169795522603,515.124034519042,551.450258399151,589.942801263618,629.106679848447,667.468284575652,703.810504753858,737.239745178696,767.067850802776,792.482256662129,812.389954845866,826.599608141272,834.313797032892,835.788168536347,832.078893894185,824.844449749846,815.791622232071,806.407853003313,797.869829252861,791.21155254398,787.133569124017
327.176488391588,327.88974153978,329.217941546232,331.237556827526,334.057209576043,337.815221038823,342.677503023185,348.836656116504,356.515808550493,365.979704855407,377.554266068667,391.64572894022,408.743921434519,429.381495854332,454.025969479629,482.909132291416,515.841439318179,552.098411969239,590.466123276676,629.445001683805,667.558372567446,703.587269565543,736.643454953958,766.052033639164,791.0262783873,810.514675853977,824.368458787369,831.829656607475,833.170079674116,829.435631242733,822.254185875073,813.298303759389,804.028017269378,795.599793337645,789.034278159842,785.015085567817
327.476182242669,328.193078248009,329.528002115174,331.557816418606,334.391439574569,338.167677426587,343.05318664315,349.241167231758,356.95532787096,366.460833516991,378.083071892497,392.227052378754,409.379311466265,430.066547052055,454.747367629587,483.642507216294,516.550962543589,552.736580805873,590.978049330427,629.769863066397,667.634187725832,703.351245628866,736.038505950949,765.033888170755,789.57840084241,808.659322635962,822.168889788307,829.387729170581,830.601196706029,826.845842466611,819.717871484854,810.855035686506,801.68782674477,793.357201849328,786.869091063055,782.896939552876
327.777341210919,328.497854514277,329.839382407621,331.879130512048,334.726464417125,338.520809453353,343.429426743368,349.646139265024,357.395296604731,366.942280118174,378.612022982128,392.808068524237,410.01360514639,430.748865162789,455.46470696408,484.37017575368,517.252352451065,553.365302292886,591.47843098712,630.082749259152,667.696156057863,703.103298523223,735.424656149142,764.015234256974,788.139068415724,806.823159352786,820.000705101505,826.986389509148,828.079935979089,824.306793512318,817.228451734541,808.442284296991,799.346151443746,791.064835342737,784.603968219148,780.643883102402
328.079698184263,328.803816603811,330.152026450247,332.201849396628,335.063059956893,338.875587023693,343.807342118594,350.052715151787,357.836568323259,367.424381920208,379.140961720996,393.387978915214,410.64551186329,431.428239582437,456.177705714659,485.092542046998,517.946904425813,553.984393846989,591.966868809519,630.381199383512,667.744399816439,702.842766122909,734.804420347838,762.99592371943,786.708550865244,805.005826847333,817.862056532369,824.62522455754,825.606764649511,821.813543756604,814.770881029096,806.038932312694,796.990075281037,788.742293451796,782.3023894863,778.353539313095
328.383390527205,329.111252910005,330.466317980549,332.526403127918,335.401666885832,339.232558766041,344.187325628861,350.461044077985,358.278926463673,367.906923357614,379.669163245391,393.966254844561,411.2751107942,432.104502583493,456.886940265216,485.80991020319,518.634593451506,554.594375897023,592.443339843196,630.665866150946,667.779587295699,702.572191700334,734.177794820667,761.977190614539,785.286358414491,803.206936353857,815.753788928865,822.304023157296,823.176100980162,819.356245883995,812.338147306949,803.654402674509,794.663793199603,786.479994637571,780.100428316862,776.195982620753
328.689002130023,329.420473939151,330.782287540041,332.85248926239,335.74149065739,339.590301924901,344.56774883575,350.869448074986,358.721168808277,368.389101483356,380.197081499422,394.544423550669,411.903960672639,432.778925605553,457.592481764145,486.520597016025,519.31379992185,555.193867561565,592.90888695005,630.939004004492,667.802690091238,702.29067354478,733.543292898052,760.956945783019,783.87381342912,801.430898468408,813.67680683869,820.018460512351,820.779715981497,816.931756194035,809.939046009101,801.306692745822,792.378364362152,784.257289122378,777.935181082576,774.068791682233
328.996132525908,329.731228140674,331.099659253258,333.179712265423,336.082351178181,339.948869233465,344.948841334884,351.278359326983,359.163827573486,368.871569390067,380.725100225105,395.121851788996,412.531519958601,433.450548340501,458.293779419334,487.225735379434,519.984679359305,555.783309607476,593.362639736455,631.20037047874,667.814011957513,701.997878830665,732.9024227074,759.93801246498,782.471450492436,799.674302650324,811.629491721088,817.76802873636,818.419737393512,814.542463753774,807.574055349328,798.9958808693,790.135829930158,782.088001066551,775.831764651034,772.010227061376
329.304821211196,330.043399521528,331.418319404228,333.508144908852,336.424119412469,340.308229257109,345.330434677559,351.687693575459,359.606691127708,369.354054864642,381.252957306112,395.698825787954,413.15761745935,434.119662558332,458.990384035886,487.924222941082,520.64753329178,556.362982493678,593.805326697425,631.449106893641,667.813310218159,701.695692256084,732.255091305494,758.919154672679,781.079424611894,797.939380969229,809.611180207441,815.55108819893,816.094644554202,812.187600120174,805.245049887104,796.722482543015,787.929566830554,779.950625950354,773.751776812259,769.96737501237
329.614843340676,330.356923201006,331.738274187711,333.837744567792,336.767032123069,340.668598542885,345.713019208373,352.097794506653,360.050220977322,369.836938842209,381.780661221748,396.274972885697,413.781918892685,434.785768599137,459.683123392738,488.616893921472,521.302825261238,556.933437457006,594.237456187404,631.685987338913,667.800311679416,701.383211680535,731.603282965648,757.903110532261,779.698183757319,796.224407978695,807.620481545703,813.367272540672,813.805263376358,809.869182523614,802.950302521197,794.482964031628,785.758777964118,777.848192046553,771.709757553737,767.965720975594
329.926238441502,330.671803153785,332.059512034623,334.168632788278,337.111221800285,341.03018468258,346.096673933577,352.508829181394,360.494354966451,370.320203267748,382.308037340937,396.850094084077,414.404288005768,435.448767115149,460.371279572877,489.303605855109,521.950124415888,557.493773307198,594.65762500805,631.910768958582,667.776047944084,701.061782734922,730.946282452278,756.889587195687,778.328586513267,794.528442139676,805.657164924454,811.215227945422,811.550215926768,807.585921171358,800.692010463776,792.281860103402,783.632307021523,775.802443628207,769.7360580058,766.040141693254
330.239177051703,330.988089976518,332.382201154986,334.500868957812,337.456521688521,341.392681634794,346.481044679994,352.920408895837,360.938806720036,370.803365771827,382.835294754937,397.424285078797,415.02507832505,436.109187895674,461.054991551236,489.984150332292,522.589552652678,558.045099136685,595.067688285657,632.124225144634,667.740670387008,700.731402526758,730.285481807014,755.877878894063,776.969676617777,792.85231862268,803.720330438326,809.094033593403,809.328382882593,805.336436469244,798.470279759865,790.12001064855,781.544808363394,773.790057912219,767.787702480662,764.132565224241
330.553392181537,331.305760978159,332.706161264468,334.83422410606,337.802940159251,341.756239426035,346.866427072875,353.332762485665,361.383857200662,371.286789622371,383.362154308851,397.997563539987,415.643741314428,436.766251448854,461.734263878137,490.658566999849,523.221410218193,558.586896437606,595.466023539676,632.326051019663,667.694269547194,700.392367863707,729.620195551076,754.869253738193,775.620525675584,791.194570097691,801.808669349602,807.003812833589,807.14087972398,803.122835454731,796.283993408459,787.994025147667,779.494785714139,771.817147685701,765.882134637344,762.27081384581
330.869065457794,331.624786811335,333.031367476633,335.168859664883,338.150430183482,342.120773432212,347.252520069531,353.7457394981,361.829360793756,371.770369280023,383.888511370514,398.569825930984,416.260888008731,437.42023262699,462.409101078971,491.326829337479,523.845217722518,559.119029668084,595.854296827432,632.516526700893,667.637330379153,700.045365426198,728.951787007262,753.863890507678,774.28351626778,789.556002530181,799.922063733787,804.942015204532,804.984057387102,800.943272924019,794.13299375794,785.900797774938,777.468681469656,769.855233999519,763.971121188307,760.390060111104
331.186038742441,331.94508042084,333.357852601094,335.504544503042,338.499035584124,342.486252171047,347.63963247049,354.159546623807,362.27539173231,372.254047444952,384.414557593877,399.141046717969,416.875506729683,438.070887928376,463.079222667432,491.989125422673,524.46138878668,559.641905069508,596.231887628256,632.695808878174,667.57000388839,699.690272380274,728.28046203236,752.86208616269,772.957984757964,787.93613898872,798.061443610287,802.911930561015,802.861646103031,798.797267996676,792.012282691206,783.829443992213,775.450566429431,767.8854304637,762.03668759827,758.476821930039
331.504193909771,332.266621365742,333.685596183162,335.841619632808,338.849021688351,342.853037995016,348.027905049469,354.574390429964,362.722076929656,372.737959452821,384.940266726296,399.710568794669,417.487822442709,438.718042081282,463.744532869897,492.645345964635,525.070255291555,560.155689352867,596.59892686525,632.863900084471,667.491955337652,699.327685653876,727.606812934052,751.865406483621,771.643999914055,786.335494556855,796.224944480384,800.910745303958,800.770080665546,796.681717721493,789.914809527701,781.771161040843,773.435347024467,765.907422656438,760.087051651238,756.545020602307
331.823730310032,332.589497957404,334.014686476164,336.180126625058,339.200383472335,343.221360349174,348.417558006955,354.990252611111,363.169455341192,373.222008596241,385.465185876433,400.27884292871,418.097742505388,439.361961310864,464.405555854637,493.295992169844,525.671370209079,560.660660409648,596.95507580597,633.02080268652,667.403790759437,698.958652415291,726.931373080374,750.872999458859,770.341571902765,784.752744862721,794.412242962314,798.937212324058,798.708117586633,794.591181742245,787.83765363208,779.727803658113,771.434833144712,763.95056304599,758.169200617915,754.653992952535
332.144647449934,332.913831758055,334.345264933426,336.520102595428,339.553133627797,343.590846910188,348.808197555906,355.406859312021,363.6171354016,373.705805097761,385.989428424271,400.845722737249,418.705594527893,440.002555193842,465.062044705158,493.940047284166,526.264886811302,561.15577414033,597.300777977635,633.167165354292,667.306875006002,698.583020181545,726.25339801296,749.883657887807,769.048714786905,783.187264748898,792.624210404126,796.991392672436,796.672909122688,792.525397984078,785.782882205821,777.708693350917,769.464849293457,762.036215446461,756.306083729514,752.825722759839
332.467151239813,333.23964664648,334.677153552999,336.861145753092,339.90682421128,343.961041482272,349.199253484392,355.823597614995,364.064848788757,374.189440679017,386.513194685298,401.411719039333,419.311834310244,440.640394893288,465.713769566991,494.577963139292,526.850228790214,561.641706572997,597.636507725479,633.304036614379,667.201055266754,698.201296512004,725.573748247643,748.898771369097,767.768637461469,781.641322302104,790.859882248859,795.070433982296,794.662126471193,790.485095701061,783.75385256996,775.716290672008,767.519714293509,760.139122988163,754.450152253331,750.997033131638
332.791012539512,333.566731300876,335.010325208413,337.203406343241,340.261587617895,344.332209012996,349.591078644681,356.241048678949,364.512775274731,374.672972002509,387.036336735556,401.976279028597,419.915528907057,441.274736787792,466.360935986046,495.209762406275,527.427792544609,562.118241696311,597.96248872066,633.430340747959,667.086421468313,697.813268905816,724.892987598951,747.918343053797,766.499295147288,780.111983389389,789.116716588398,793.174714141978,792.678217456897,788.469488232665,781.749339460408,773.746235477916,765.596436087551,758.264896328141,752.620037115126,749.1954691494
333.116086611623,333.895151791019,335.34478382587,337.546879415751,340.617511900142,344.704331290352,349.983853531855,356.659049007622,364.961116461167,375.156398842206,387.558854681323,402.539559026634,420.517177112371,441.905685709323,467.003448077764,495.835154648535,527.997164051675,562.585736372767,598.278412712525,633.546818107117,666.963245612935,697.419685223745,724.211115171342,746.942937410041,765.240814737517,778.599147218111,787.394560782032,791.302949510376,790.718968011974,786.478750964914,779.768261416978,771.800900171152,763.701211332071,756.424986741083,750.829396294053,747.438156966726
333.442619281136,334.224900952811,335.680486760919,337.891511268537,340.974419411091,345.077279563157,350.377096449448,357.077325114605,365.409428516092,375.63964228047,388.080792119905,403.101697918756,421.11679754207,442.53346495827,467.641109722451,496.454162677932,528.558949780144,563.043926602489,598.58419037316,633.654116430286,666.832012190355,697.021203649011,723.527713529704,745.972055724604,763.992029885596,777.103181160138,785.693933645853,789.453883275514,788.783648074765,784.512709188832,777.812636842398,769.880462715322,761.827611074302,754.5975589473,749.040463590649,745.674663976398
333.770472456538,334.555911731627,336.017362558862,338.237281453228,341.332411487949,345.451243470708,350.771199802044,357.496356562554,365.858114991333,376.122737109928,388.601983919297,403.662281728763,421.713955027801,443.157670802351,468.274025962857,497.067072641816,529.113140268052,563.49318465364,598.880545163715,633.751498276722,666.692628846989,696.617551930142,722.844001758186,745.005376032138,762.755095528694,775.622344930234,784.012929918887,787.627978551886,786.873569946115,782.571158705021,775.88044786722,767.982930184524,759.977427055178,752.800631243001,747.290015521045,743.954847795395
334.099605703593,334.88819028493,336.355532662757,338.584238205083,341.69142563435,345.826032375234,351.165982122381,357.915698168039,366.306925312285,376.605534552474,389.122360731253,404.221622173976,422.308916761204,443.778678961468,468.90216797519,497.673544824434,529.659337586496,563.933802827188,599.167418489384,633.839949629128,666.546126679327,696.209178335968,722.159890195444,744.043995271565,761.528139554895,774.15759043202,782.351102535181,785.824356000372,784.986806238679,780.653631805431,773.97227972805,766.110679812167,758.153308100583,751.026933567491,745.561597389868,742.255772784091
334.42998969021,335.221784899529,336.694832507448,338.932261379391,342.051341839472,346.201606015728,351.561403228548,358.335419992148,366.755867939554,377.088252967173,389.642027105721,404.779348742318,422.901384887183,444.395891302974,469.525373291875,498.273585413333,530.19767804321,564.364960255718,599.444376577205,633.919348332621,666.39174535291,695.796381213889,721.475825032311,743.086793402094,760.31155310417,772.70808352044,780.709845922268,784.043566323821,783.121981155756,778.759338096946,772.087663803905,764.261159215782,756.350372293694,749.272454969684,743.848884943663,740.569539413787
334.761710426159,335.556519875933,337.035328104697,339.281399216771,342.412398617927,346.578162807893,351.957621477915,358.755785687426,367.20503906229,377.57055138942,390.16098322568,405.335557305403,423.491635024881,445.009708888435,470.143713451949,498.867628182991,530.72873438277,564.788045865382,599.712829649909,633.989972199002,666.229908589257,695.378888342988,720.790674461006,742.135015921424,759.104579829464,771.273956161337,779.087280421587,782.283676709875,781.281780390286,776.888568706595,770.225602748205,762.4336328127,754.570030697039,747.542207449067,742.16230373221,738.911609073638
335.094672027514,335.892552165586,337.377007866682,339.63160691496,342.774312210924,346.955538702867,352.35434081351,359.17644712654,367.6542058583,378.052674373601,390.679020776151,405.890326384169,424.079386619013,445.619897860124,470.757577097242,499.455037497036,531.251865928897,565.20204785048,599.971968433102,634.051760431686,666.061526066174,694.9573886447,720.105986557433,741.187956573016,757.908170261044,769.854431396118,777.483191384898,780.54412529243,779.462810441738,775.040590407289,768.386681536497,760.627775192529,752.808186632903,745.82591729481,740.483490565201,737.257298925733
335.428847387319,336.229799215942,337.719893446873,339.982892835343,343.137241445292,347.333640427419,352.7517416541,359.597483141966,368.103512792759,378.53435101993,391.196226946131,406.443674046626,424.664564620778,446.226664360969,471.366150610726,500.036460623349,531.767402506423,565.607575610301,600.222046264652,634.105636854846,665.886323153363,694.532391148408,719.421314558702,740.245648350134,756.721037509647,768.449229814095,775.896426885395,778.826455692495,777.665885647136,773.214316979579,766.568609740898,758.839759630971,751.060705549542,744.11766221693,738.809344873059,735.603825176731
335.76422049195,336.568176286642,338.063913422515,340.335283046226,343.501216773387,347.712834219017,353.149999906747,360.01924523845,368.553038463992,379.015738490354,391.712532544018,406.995100981573,425.247051335417,446.829554900086,471.969722625348,500.611656586128,532.275673490209,566.005015556402,600.46331624296,634.151140408568,665.704571820734,694.10302275404,718.737105340466,739.307976232969,755.543926129802,767.057660686422,774.327649133249,777.128409286872,775.890065165919,771.409070521371,764.769855953208,757.070519740009,749.333946169041,742.438732116246,737.172173018088,733.995224674587
336.100903922073,336.907840273572,338.409085019357,340.688812456996,343.866175735691,348.092660076788,353.548735834786,360.441037963964,369.002537029088,379.496827958228,392.228033395072,407.545065276144,425.827592165497,447.428877112899,472.568481291974,501.180203938551,532.776248467297,566.393642027856,600.696343621074,634.188825420875,665.516574442188,693.670904576007,718.052703280617,738.375210130152,754.375989937051,765.679619442306,772.776613052485,775.449363248629,774.135168046158,769.624171859529,762.992059097578,755.323258549077,747.629676069166,740.780471936637,735.553600189598,732.402710027561
336.438768569661,337.248704207478,338.755390006989,341.043294582209,344.231878978295,348.473117580537,353.947860871128,360.863111734472,369.45176282054,379.977392408139,392.742573532624,408.093550540357,426.405163519475,448.024583418453,473.162230972591,501.742732763059,533.269246560143,566.774142941419,600.920631312566,634.218476838151,665.322329648435,693.235103449653,717.368495659611,737.446642531738,753.21682390257,764.31623497285,771.241841900314,773.789689723617,772.399547685862,767.860026227178,761.234774211853,753.59535207404,745.940010421807,739.128853251494,733.933850768934,730.803250172609
336.777765174091,337.590652341207,339.102801298679,341.398857334487,344.598626801743,348.854493364288,354.347784581956,361.285694824891,369.901355517622,380.457693675546,393.256144655687,408.640161300091,426.980109265308,448.616609392915,473.751176314609,502.29901857685,533.755125787699,567.146364213267,601.136837913152,634.240833414478,665.122352501369,692.796399411947,716.685436714545,736.522869137445,752.067703771863,762.964465508646,769.723410867383,772.148178873226,770.684545146761,766.1154837817,759.495584898382,751.883905782315,744.267270663477,737.497203330294,732.338154484412,729.231706154856
337.118086081583,337.933870331653,339.451247518584,341.755429372494,344.96628158677,349.236645592016,354.748197926578,361.708531809346,370.350797694343,380.937583339972,393.768634367726,409.185088232049,427.552644822543,449.204907566376,474.335021746723,502.848935586002,534.233261962931,567.5105485691,601.344747246119,634.255833780822,664.916854349995,692.354159601568,716.002691823946,735.604130593981,750.926189102961,761.626114689077,768.220661781799,770.525172786642,768.98848259862,764.390567336835,757.775542333924,750.190266197102,742.610649743439,735.879120363343,730.753548091049,727.667684677752
337.459509126489,338.278138290758,339.800900925775,342.112983643936,345.334816312721,349.619529630852,355.14915337725,362.131727835109,370.800277550152,381.416808432535,394.280043135584,409.728272083171,428.122294078441,449.789346110343,474.913721920892,503.392833937225,534.704274224706,567.866970194323,601.544236799411,634.262801098419,664.706046575327,691.909254578135,715.320111822456,734.689985784587,749.794352202258,760.299842540229,766.733610495516,768.919958134402,767.311205212489,762.683507311209,756.074168896261,748.515339989619,740.974543992887,734.286177642215,729.198923287242,726.137992603017
337.802177865691,338.623637409233,340.151597116348,342.471541786375,345.704173023063,350.003003749833,355.550571197136,362.555001261294,371.24944445097,381.895526071819,394.790518845734,410.269722539239,428.689426125504,450.370063356288,475.487781100118,503.929997049136,535.167909659113,568.214586071027,601.735839692345,634.263212362461,664.488985815336,691.462254638709,714.638412846622,733.780230361166,748.670518315034,758.986219122272,765.261714979862,767.33064645638,765.651089842826,760.995705864196,754.391221704753,746.858234884908,739.352854683873,732.700441225283,727.643641651567,724.601328251265
338.145905647651,338.970163356081,340.50330460227,342.8310811743,346.074444078777,350.387305888712,355.952539095361,362.978619858637,371.698617985401,382.373806060595,395.299827790919,410.809294350819,429.253821096443,450.947062489724,476.056837144193,504.461299841965,535.624447882639,568.555415495686,601.920119981278,634.25654444478,664.267311626435,691.012226102064,713.95771470303,732.875371842119,747.55555057403,757.683961447281,763.804226696912,765.759221559611,764.009917864884,759.326332487228,752.7256617643,745.217554760375,737.747848616675,731.134050097075,726.111409849188,723.092295684556
338.490855945086,339.317861844819,340.856138022691,343.191601311992,346.445496382961,350.772192805017,356.354889259372,363.402407518653,372.147653435378,382.851491498146,395.808031179904,411.346971494139,429.815523712379,451.520346679607,476.620578251509,504.9862062299,536.073781075177,568.888097894167,602.096580042213,634.243443423361,664.040931636168,690.559889712117,713.278167167004,731.974731154392,746.448304127485,756.393874716521,762.362012239044,764.204292842411,762.386006145789,757.674437414805,751.077362089219,743.593437376863,736.157443323938,729.57892672432,724.585134603656,721.585015116241
338.83685986748,339.666621617128,341.209981743995,343.553053037077,346.817466476568,351.157845008183,356.757797486021,363.826412260357,372.596559394097,383.328652217158,396.315138174967,411.882944428479,430.374348473406,452.089514420681,477.179624757164,505.505393552973,536.516043310111,569.213144809993,602.26540908271,634.223570673451,663.809388643617,690.105455032492,712.599442338495,731.078667526943,745.349346848954,755.115292886502,760.933381826938,762.664790544525,760.779079776062,756.039834574725,749.44575301447,741.986079929799,734.583789674701,728.041824155942,723.080614625504,720.101039086359
339.184045407053,340.016473184931,341.564844130662,343.915453559123,347.190159427078,351.544072287529,357.16100353545,364.25043613576,373.045239413956,383.805070443591,396.820906689525,412.416981996497,430.930544725451,452.655378282623,477.733548261244,506.018358565057,536.951126636851,569.530655105119,602.426827372951,634.196956753006,663.573167651629,689.648680209972,711.921809422711,730.187273282797,744.258064740658,753.847342710636,759.518378247535,761.141377575979,759.188657470878,754.422101940521,747.831119660977,740.394171497461,733.024981174016,726.518190139519,721.586986969323,718.627918573289
339.53224814443,340.367429329697,341.920706982515,344.278682965393,347.563632231678,351.930860995512,357.564696396803,364.674632605994,373.493689008733,384.280929332648,397.325683850684,412.94909403167,431.484003693143,453.216963678299,478.282719052143,506.525221008418,537.379455006781,569.84045798007,602.58108624698,634.164647623777,663.332571400169,689.19016622334,711.244880574731,729.299957600134,743.174759834325,752.590858955374,758.117162063441,759.632718067131,757.614492525456,752.820286294307,746.23289146498,738.817552769989,731.480798300796,725.008248766595,720.1061099509,717.1656362447
339.881715635428,340.719427548401,342.277565381798,344.642900009709,347.937946274569,352.318325408941,357.96878321501,365.098979421338,373.941986820258,384.756011226069,397.829054425361,413.479170014101,432.034514508079,453.774813278678,478.826675717628,507.025822026705,537.800517293605,570.143302020411,602.728748979664,634.125535216364,663.087659468073,688.72988209555,710.569104350214,728.416961017578,742.099704976276,751.344112736293,756.729011047316,758.139916020551,756.056308374081,751.235378480905,744.650112769921,737.256389843578,729.95054631428,723.511302750683,718.638147701599,715.716291555484
340.232062029948,341.072449636853,342.635440961596,345.007980366447,348.312906717914,352.706363632675,358.373162386259,365.523480684304,374.39001022575,385.230481813969,398.331218255033,414.007408918092,432.582207142624,454.32886282954,479.365788342,507.520575922008,538.215220484471,570.438936802665,602.868693464262,634.080911601747,662.838643484826,688.26746552953,709.894272117544,727.538554072684,741.031723218106,750.108528304406,755.353260720738,756.660986563808,754.513562886757,749.665864082335,743.082712756428,735.710878783311,728.436973226751,722.031800455147,717.189195187332,714.287446646945
340.583548152822,341.42650395758,342.99426242162,345.37398546391,348.688831132931,353.095129592452,358.778194446364,365.948057107043,374.837850985483,385.704149684374,398.832011464859,414.533528381585,433.126811313864,454.878795593179,479.900077631325,508.009323605063,538.622924410335,570.727349671652,603.001950939754,634.030345588716,662.585126925952,687.803156426496,709.221281286307,726.664204901041,739.970524204017,748.88231617921,753.990895240412,755.196591821273,752.985418309631,748.111022646166,741.532010214989,734.18660984165,726.953704279199,720.598487571074,715.802211117722,712.931710053141
340.936523264607,341.781802484513,343.353785944823,345.73993338097,349.063815716754,353.482246263094,359.180961638553,366.370654800117,375.283808069858,386.176806175703,399.332490494,415.059350762284,433.670814461349,455.426516923011,480.428816760184,508.49062967286,539.02179767354,571.00748217014,603.129333899424,633.975867842663,662.329176739254,687.337465998293,708.546843344832,725.792161761825,738.917653277975,747.668908187897,752.641485759515,753.744183823701,751.471949322823,746.575121794689,739.994415776858,732.638867110344,725.355303613535,718.901081981596,713.984140215007,711.020425280987
341.283057647447,342.134856966467,343.718311018282,346.120097101746,349.462692563977,353.901020717041,359.619093042591,366.825250355975,375.7515155868,386.654143413439,399.818380085434,415.556125493288,434.182225644778,455.952206757022,480.957091757855,508.990087150589,539.44370890809,571.294926483841,603.237208398859,633.885933548991,662.047217641154,686.875817518857,707.904847319779,724.949614543255,737.86360816165,746.432562317237,751.286412451436,752.326026755594,749.991575843111,745.025723089281,738.523394546137,731.715142818526,725.75905263195,721.398089903582,718.827259483778,717.607259325883
341.648770512333,342.503334540896,344.091197364187,346.498334711127,349.846712583558,354.291456451177,360.017428558792,367.235535180383,376.179996382792,387.109663150892,400.308952828137,416.083249774986,434.736621628381,456.51121097261,481.486131443433,509.452137223881,539.807594030358,571.541193236025,603.350381279978,633.843050471267,661.814049291445,686.417278810594,707.209837266468,724.049077655525,736.815083651022,745.276742526128,750.011432722833,750.894452994233,748.445814838623,743.614838321447,737.750170537907,732.228652941273,728.121942588819,725.844076509475,725.125642777105,725.095782518237
